ShiftKey,LineId,HourLabel,HourIdx,Segment,Cluster,Minutes
hu3|2026-06-13|day,hu3,07:00,0,sealing,Sealing Head,13.8
hu3|2026-06-13|day,hu3,07:00,0,handling,Gripper,0.8
hu3|2026-06-13|day,hu3,07:00,0,pneumatic,Air Pressure,1.9
hu3|2026-06-13|day,hu3,07:00,0,pneumatic,Other,33.3
hu3|2026-06-13|day,hu3,07:00,0,unattributed,Other,2.3
hu3|2026-06-13|day,hu3,08:00,1,web,End of Reel,7.6
hu3|2026-06-13|day,hu3,08:00,1,web,Web Torn,3.1
hu3|2026-06-13|day,hu3,08:00,1,handling,Gripper,1.7
hu3|2026-06-13|day,hu3,08:00,1,pneumatic,Air Pressure,0.6
hu3|2026-06-13|day,hu3,08:00,1,pneumatic,Valve on Web,5.5
hu3|2026-06-13|day,hu3,08:00,1,unattributed,Other,10.5
hu3|2026-06-13|day,hu3,09:00,2,handling,Fork,4.4
hu3|2026-06-13|day,hu3,09:00,2,handling,Piston,3.2
hu3|2026-06-13|day,hu3,09:00,2,pneumatic,Valve on Web,4.8
hu3|2026-06-13|day,hu3,09:00,2,pneumatic,Air Pressure,1.6
hu3|2026-06-13|day,hu3,09:00,2,unattributed,Other,6.3
hu3|2026-06-13|day,hu3,10:00,3,web,End of Reel,8.3
hu3|2026-06-13|day,hu3,10:00,3,web,Splice,0.4
hu3|2026-06-13|day,hu3,10:00,3,web,Web Torn,2.8
hu3|2026-06-13|day,hu3,10:00,3,handling,Fork,1.5
hu3|2026-06-13|day,hu3,10:00,3,unattributed,Other,6.7
hu3|2026-06-13|day,hu3,11:00,4,web,Web Torn,1.4
hu3|2026-06-13|day,hu3,11:00,4,web,Splice,0.3
hu3|2026-06-13|day,hu3,11:00,4,handling,Cylinder,1.3
hu3|2026-06-13|day,hu3,11:00,4,unattributed,Other,47.1
hu3|2026-06-13|day,hu3,12:00,5,sealing,Sealing Head,4.1
hu3|2026-06-13|day,hu3,12:00,5,manual,Manual,12.1
hu3|2026-06-13|day,hu3,12:00,5,unattributed,Other,29.4
hu3|2026-06-13|day,hu3,13:00,6,web,End of Reel,9.8
hu3|2026-06-13|day,hu3,13:00,6,handling,Gripper,1.5
hu3|2026-06-13|day,hu3,13:00,6,pneumatic,Air Pressure,0.8
hu3|2026-06-13|day,hu3,13:00,6,manual,Manual,0.7
hu3|2026-06-13|day,hu3,13:00,6,unattributed,Other,2.3
hu3|2026-06-13|day,hu3,14:00,7,web,End of Reel,17.4
hu3|2026-06-13|day,hu3,14:00,7,web,Splice,0.3
hu3|2026-06-13|day,hu3,14:00,7,web,Web Torn,6.1
hu3|2026-06-13|day,hu3,14:00,7,handling,Gripper,1.6
hu3|2026-06-13|day,hu3,14:00,7,unattributed,Other,13.9
hu3|2026-06-13|day,hu3,16:00,9,web,Splice,6.9
hu3|2026-06-13|day,hu3,16:00,9,web,End of Reel,4.1
hu3|2026-06-13|day,hu3,16:00,9,web,Web Torn,1.0
hu3|2026-06-13|day,hu3,16:00,9,sealing,Printer,3.7
hu3|2026-06-13|day,hu3,16:00,9,handling,Gripper,2.5
hu3|2026-06-13|day,hu3,16:00,9,pneumatic,Other,1.7
hu3|2026-06-13|day,hu3,16:00,9,pneumatic,Air Pressure,10.8
hu3|2026-06-13|day,hu3,16:00,9,unattributed,Other,1.4
hu3|2026-06-13|day,hu3,17:00,10,pneumatic,Air Pressure,49.8
hu3|2026-06-13|day,hu3,18:00,11,handling,Gripper,2.2
hu3|2026-06-13|day,hu3,18:00,11,pneumatic,Air Pressure,28.7
hu3|2026-06-13|day,hu3,18:00,11,unattributed,Other,18.9
hu3|2026-06-13|night,hu3,19:00,0,handling,Gripper,0.8
hu3|2026-06-13|night,hu3,19:00,0,manual,Manual,8.4
hu3|2026-06-13|night,hu3,19:00,0,unattributed,Other,12.4
hu3|2026-06-13|night,hu3,20:00,1,web,Splice,2.6
hu3|2026-06-13|night,hu3,20:00,1,web,Web Torn,10.1
hu3|2026-06-13|night,hu3,20:00,1,unattributed,Other,2.5
hu3|2026-06-13|night,hu3,21:00,2,web,End of Reel,4.4
hu3|2026-06-13|night,hu3,21:00,2,sealing,Printer,4.5
hu3|2026-06-13|night,hu3,21:00,2,manual,Manual,22.6
hu3|2026-06-13|night,hu3,21:00,2,unattributed,Other,1.2
hu3|2026-06-13|night,hu3,22:00,3,web,Splice,1.1
hu3|2026-06-13|night,hu3,22:00,3,handling,Gripper,1.5
hu3|2026-06-13|night,hu3,22:00,3,pneumatic,Valve on Web,1.0
hu3|2026-06-13|night,hu3,22:00,3,manual,Manual,10.2
hu3|2026-06-13|night,hu3,22:00,3,unattributed,Other,15.6
hu3|2026-06-13|night,hu3,23:00,4,unattributed,Other,60.0
hu3|2026-06-13|night,hu3,00:00,5,handling,Gripper,2.4
hu3|2026-06-13|night,hu3,00:00,5,unattributed,Other,14.8
hu3|2026-06-13|night,hu3,01:00,6,handling,Gripper,3.9
hu3|2026-06-13|night,hu3,01:00,6,unattributed,Other,29.0
hu3|2026-06-13|night,hu3,02:00,7,web,Splice,8.5
hu3|2026-06-13|night,hu3,02:00,7,web,End of Reel,20.6
hu3|2026-06-13|night,hu3,02:00,7,sealing,Sealing Head,0.4
hu3|2026-06-13|night,hu3,02:00,7,unattributed,Other,5.9
hu3|2026-06-13|night,hu3,03:00,8,web,End of Reel,1.4
hu3|2026-06-13|night,hu3,03:00,8,web,Splice,0.3
hu3|2026-06-13|night,hu3,03:00,8,sealing,Knife,9.4
hu3|2026-06-13|night,hu3,03:00,8,unattributed,Other,11.9
hu3|2026-06-13|night,hu3,04:00,9,web,Web Torn,1.1
hu3|2026-06-13|night,hu3,04:00,9,pneumatic,Air Pressure,13.2
hu3|2026-06-13|night,hu3,04:00,9,manual,Manual,13.2
hu3|2026-06-13|night,hu3,04:00,9,unattributed,Other,18.4
hu3|2026-06-13|night,hu3,05:00,10,web,End of Reel,7.9
hu3|2026-06-13|night,hu3,05:00,10,web,Splice,1.4
hu3|2026-06-13|night,hu3,05:00,10,web,Web Torn,16.9
hu3|2026-06-13|night,hu3,05:00,10,handling,Fork,1.7
hu3|2026-06-13|night,hu3,05:00,10,manual,Manual,4.0
hu3|2026-06-13|night,hu3,05:00,10,unattributed,Other,0.5
hu3|2026-06-13|night,hu3,06:00,11,web,Web Torn,0.1
hu3|2026-06-13|night,hu3,06:00,11,sealing,Sealing Head,3.6
hu3|2026-06-13|night,hu3,06:00,11,handling,Gripper,1.8
hu3|2026-06-13|night,hu3,06:00,11,manual,Manual,29.5
hu3|2026-06-13|night,hu3,06:00,11,unattributed,Other,10.6
hu3|2026-06-14|day,hu3,07:00,0,handling,Fork,1.3
hu3|2026-06-14|day,hu3,07:00,0,manual,Manual,29.6
hu3|2026-06-14|day,hu3,07:00,0,unattributed,Other,0.7
hu3|2026-06-14|day,hu3,08:00,1,web,End of Reel,3.8
hu3|2026-06-14|day,hu3,08:00,1,web,Splice,0.3
hu3|2026-06-14|day,hu3,08:00,1,handling,Fork,4.7
hu3|2026-06-14|day,hu3,08:00,1,manual,Manual,7.4
hu3|2026-06-14|day,hu3,08:00,1,unattributed,Other,4.8
hu3|2026-06-14|day,hu3,09:00,2,web,Splice,2.6
hu3|2026-06-14|day,hu3,09:00,2,handling,Gripper,1.3
hu3|2026-06-14|day,hu3,09:00,2,handling,Fork,2.9
hu3|2026-06-14|day,hu3,09:00,2,unattributed,Other,9.8
hu3|2026-06-14|day,hu3,10:00,3,handling,Fork,6.3
hu3|2026-06-14|day,hu3,10:00,3,handling,Gripper,3.0
hu3|2026-06-14|day,hu3,10:00,3,unattributed,Other,1.8
hu3|2026-06-14|day,hu3,11:00,4,web,End of Reel,11.1
hu3|2026-06-14|day,hu3,11:00,4,handling,Gripper,0.8
hu3|2026-06-14|day,hu3,11:00,4,handling,Fork,2.2
hu3|2026-06-14|day,hu3,11:00,4,unattributed,Other,8.8
hu3|2026-06-14|day,hu3,12:00,5,web,Splice,8.2
hu3|2026-06-14|day,hu3,12:00,5,web,Web Torn,3.4
hu3|2026-06-14|day,hu3,12:00,5,pneumatic,Valve on Web,1.3
hu3|2026-06-14|day,hu3,13:00,6,pneumatic,Valve on Web,0.8
hu3|2026-06-14|day,hu3,13:00,6,unattributed,Other,10.4
hu3|2026-06-14|day,hu3,14:00,7,web,End of Reel,6.1
hu3|2026-06-14|day,hu3,14:00,7,pneumatic,Air Pressure,35.3
hu3|2026-06-14|day,hu3,14:00,7,unattributed,Other,5.5
hu3|2026-06-14|day,hu3,15:00,8,pneumatic,Air Pressure,60.0
hu3|2026-06-14|day,hu3,16:00,9,web,Web Torn,0.5
hu3|2026-06-14|day,hu3,16:00,9,web,Splice,9.7
hu3|2026-06-14|day,hu3,16:00,9,sealing,Sealing Head,1.4
hu3|2026-06-14|day,hu3,16:00,9,handling,Gripper,1.9
hu3|2026-06-14|day,hu3,16:00,9,handling,Fork,2.2
hu3|2026-06-14|day,hu3,16:00,9,pneumatic,Air Pressure,19.6
hu3|2026-06-14|day,hu3,17:00,10,web,End of Reel,8.7
hu3|2026-06-14|day,hu3,17:00,10,pneumatic,Cooling,0.4
hu3|2026-06-14|day,hu3,17:00,10,pneumatic,Valve on Web,0.4
hu3|2026-06-14|day,hu3,18:00,11,web,Splice,1.0
hu3|2026-06-14|day,hu3,18:00,11,handling,Fork,3.1
hu3|2026-06-14|day,hu3,18:00,11,manual,Manual,25.1
hu3|2026-06-14|night,hu3,19:00,0,web,End of Reel,9.0
hu3|2026-06-14|night,hu3,19:00,0,handling,Gripper,0.8
hu3|2026-06-14|night,hu3,19:00,0,manual,Manual,7.1
hu3|2026-06-14|night,hu3,19:00,0,unattributed,Other,7.0
hu3|2026-06-14|night,hu3,20:00,1,web,End of Reel,13.8
hu3|2026-06-14|night,hu3,20:00,1,handling,Fork,3.6
hu3|2026-06-14|night,hu3,21:00,2,handling,Fork,2.3
hu3|2026-06-14|night,hu3,21:00,2,unattributed,Other,23.6
hu3|2026-06-14|night,hu3,22:00,3,web,End of Reel,13.5
hu3|2026-06-14|night,hu3,22:00,3,web,Splice,0.3
hu3|2026-06-14|night,hu3,22:00,3,handling,Fork,2.1
hu3|2026-06-14|night,hu3,22:00,3,pneumatic,Air Pressure,6.0
hu3|2026-06-14|night,hu3,22:00,3,pneumatic,Valve on Web,1.2
hu3|2026-06-14|night,hu3,22:00,3,manual,Manual,0.4
hu3|2026-06-14|night,hu3,23:00,4,web,End of Reel,7.0
hu3|2026-06-14|night,hu3,23:00,4,web,Web Torn,2.0
hu3|2026-06-14|night,hu3,23:00,4,manual,Manual,2.2
hu3|2026-06-14|night,hu3,23:00,4,unattributed,Other,4.9
hu3|2026-06-14|night,hu3,00:00,5,handling,Fork,1.2
hu3|2026-06-14|night,hu3,00:00,5,pneumatic,Air Pressure,30.7
hu3|2026-06-14|night,hu3,00:00,5,manual,Manual,1.3
hu3|2026-06-14|night,hu3,01:00,6,web,End of Reel,1.6
hu3|2026-06-14|night,hu3,01:00,6,handling,Piston,1.2
hu3|2026-06-14|night,hu3,01:00,6,handling,Fork,3.1
hu3|2026-06-14|night,hu3,01:00,6,handling,Gripper,1.2
hu3|2026-06-14|night,hu3,01:00,6,pneumatic,Air Pressure,21.5
hu3|2026-06-14|night,hu3,02:00,7,web,End of Reel,12.3
hu3|2026-06-14|night,hu3,02:00,7,pneumatic,Valve on Web,0.7
hu3|2026-06-14|night,hu3,03:00,8,web,Splice,3.2
hu3|2026-06-14|night,hu3,04:00,9,web,End of Reel,17.5
hu3|2026-06-14|night,hu3,04:00,9,handling,Piston,5.7
hu3|2026-06-14|night,hu3,04:00,9,manual,Manual,25.3
hu3|2026-06-14|night,hu3,04:00,9,unattributed,Other,1.0
hu3|2026-06-14|night,hu3,05:00,10,web,End of Reel,4.2
hu3|2026-06-14|night,hu3,05:00,10,unattributed,Other,1.2
hu3|2026-06-14|night,hu3,06:00,11,web,End of Reel,6.2
hu3|2026-06-14|night,hu3,06:00,11,manual,Manual,24.6
hu3|2026-06-15|day,hu3,07:00,0,web,End of Reel,5.7
hu3|2026-06-15|day,hu3,07:00,0,web,Splice,0.4
hu3|2026-06-15|day,hu3,07:00,0,handling,Gripper,2.4
hu3|2026-06-15|day,hu3,07:00,0,pneumatic,Valve on Web,0.3
hu3|2026-06-15|day,hu3,07:00,0,unattributed,Other,0.9
hu3|2026-06-15|day,hu3,08:00,1,web,End of Reel,13.1
hu3|2026-06-15|day,hu3,08:00,1,sealing,Knife,1.3
hu3|2026-06-15|day,hu3,08:00,1,handling,Fork,0.6
hu3|2026-06-15|day,hu3,08:00,1,unattributed,Other,0.3
hu3|2026-06-15|day,hu3,09:00,2,web,Splice,1.4
hu3|2026-06-15|day,hu3,09:00,2,sealing,Knife,1.0
hu3|2026-06-15|day,hu3,09:00,2,handling,Fork,1.9
hu3|2026-06-15|day,hu3,10:00,3,sealing,Sealing Head,34.5
hu3|2026-06-15|day,hu3,10:00,3,handling,Fork,1.3
hu3|2026-06-15|day,hu3,11:00,4,web,Web Torn,3.3
hu3|2026-06-15|day,hu3,11:00,4,web,End of Reel,3.8
hu3|2026-06-15|day,hu3,11:00,4,sealing,Sealing Head,34.4
hu3|2026-06-15|day,hu3,11:00,4,unattributed,Other,0.7
hu3|2026-06-15|day,hu3,12:00,5,web,End of Reel,11.9
hu3|2026-06-15|day,hu3,12:00,5,handling,Gripper,0.9
hu3|2026-06-15|day,hu3,12:00,5,handling,Fork,1.0
hu3|2026-06-15|day,hu3,13:00,6,sealing,Sealing Head,0.8
hu3|2026-06-15|day,hu3,13:00,6,handling,Fork,2.1
hu3|2026-06-15|day,hu3,13:00,6,handling,Gripper,0.4
hu3|2026-06-15|day,hu3,13:00,6,unattributed,Other,1.2
hu3|2026-06-15|day,hu3,14:00,7,web,End of Reel,5.9
hu3|2026-06-15|day,hu3,14:00,7,handling,Fork,0.3
hu3|2026-06-15|day,hu3,14:00,7,manual,Manual,5.1
hu3|2026-06-15|day,hu3,15:00,8,web,End of Reel,10.3
hu3|2026-06-15|day,hu3,15:00,8,sealing,Printer,4.6
hu3|2026-06-15|day,hu3,15:00,8,sealing,Sealing Head,5.6
hu3|2026-06-15|day,hu3,15:00,8,handling,Fork,1.7
hu3|2026-06-15|day,hu3,15:00,8,unattributed,Other,2.7
hu3|2026-06-15|day,hu3,16:00,9,sealing,Printer,3.5
hu3|2026-06-15|day,hu3,16:00,9,handling,Fork,1.5
hu3|2026-06-15|day,hu3,16:00,9,pneumatic,Valve on Web,1.3
hu3|2026-06-15|day,hu3,16:00,9,pneumatic,Air Pressure,4.8
hu3|2026-06-15|day,hu3,16:00,9,unattributed,Other,5.0
hu3|2026-06-15|day,hu3,17:00,10,web,Splice,3.8
hu3|2026-06-15|day,hu3,17:00,10,web,End of Reel,17.3
hu3|2026-06-15|day,hu3,17:00,10,handling,Fork,1.1
hu3|2026-06-15|day,hu3,17:00,10,unattributed,Other,3.7
hu3|2026-06-15|day,hu3,18:00,11,web,End of Reel,4.7
hu3|2026-06-15|day,hu3,18:00,11,pneumatic,Air Pressure,10.0
hu3|2026-06-15|day,hu3,18:00,11,manual,Manual,0.5
hu3|2026-06-15|day,hu3,18:00,11,unattributed,Other,23.9
hu3|2026-06-15|night,hu3,19:00,0,web,Web Torn,6.8
hu3|2026-06-15|night,hu3,19:00,0,web,End of Reel,5.4
hu3|2026-06-15|night,hu3,19:00,0,handling,Gripper,1.4
hu3|2026-06-15|night,hu3,19:00,0,handling,Fork,2.4
hu3|2026-06-15|night,hu3,19:00,0,manual,Manual,11.1
hu3|2026-06-15|night,hu3,19:00,0,unattributed,Other,6.8
hu3|2026-06-15|night,hu3,20:00,1,web,Splice,1.9
hu3|2026-06-15|night,hu3,20:00,1,unattributed,Other,9.6
hu3|2026-06-15|night,hu3,21:00,2,web,End of Reel,14.0
hu3|2026-06-15|night,hu3,21:00,2,handling,Gripper,2.7
hu3|2026-06-15|night,hu3,21:00,2,pneumatic,Other,1.0
hu3|2026-06-15|night,hu3,21:00,2,manual,Manual,1.4
hu3|2026-06-15|night,hu3,22:00,3,handling,Fork,4.5
hu3|2026-06-15|night,hu3,22:00,3,pneumatic,Valve on Web,0.5
hu3|2026-06-15|night,hu3,22:00,3,manual,Manual,1.8
hu3|2026-06-15|night,hu3,22:00,3,unattributed,Other,16.0
hu3|2026-06-15|night,hu3,23:00,4,web,End of Reel,4.2
hu3|2026-06-15|night,hu3,23:00,4,handling,Gripper,1.0
hu3|2026-06-15|night,hu3,23:00,4,handling,Fork,1.9
hu3|2026-06-15|night,hu3,23:00,4,pneumatic,Valve on Web,3.0
hu3|2026-06-15|night,hu3,23:00,4,manual,Manual,1.1
hu3|2026-06-15|night,hu3,23:00,4,unattributed,Other,1.3
hu3|2026-06-15|night,hu3,00:00,5,web,End of Reel,21.9
hu3|2026-06-15|night,hu3,00:00,5,web,Web Torn,0.4
hu3|2026-06-15|night,hu3,00:00,5,manual,Manual,1.5
hu3|2026-06-15|night,hu3,00:00,5,unattributed,Other,5.4
hu3|2026-06-15|night,hu3,01:00,6,unattributed,Other,19.2
hu3|2026-06-15|night,hu3,02:00,7,web,Splice,0.4
hu3|2026-06-15|night,hu3,02:00,7,web,Web Torn,4.9
hu3|2026-06-15|night,hu3,02:00,7,handling,Piston,0.9
hu3|2026-06-15|night,hu3,02:00,7,pneumatic,Air Pressure,6.0
hu3|2026-06-15|night,hu3,02:00,7,unattributed,Other,31.0
hu3|2026-06-15|night,hu3,03:00,8,handling,Gripper,3.2
hu3|2026-06-15|night,hu3,03:00,8,handling,Fork,7.5
hu3|2026-06-15|night,hu3,03:00,8,pneumatic,Other,0.4
hu3|2026-06-15|night,hu3,03:00,8,pneumatic,Cooling,0.7
hu3|2026-06-15|night,hu3,04:00,9,web,Splice,1.1
hu3|2026-06-15|night,hu3,04:00,9,handling,Gripper,2.5
hu3|2026-06-15|night,hu3,04:00,9,pneumatic,Valve on Web,0.5
hu3|2026-06-15|night,hu3,04:00,9,pneumatic,Air Pressure,2.9
hu3|2026-06-15|night,hu3,04:00,9,manual,Manual,9.0
hu3|2026-06-15|night,hu3,05:00,10,web,End of Reel,3.7
hu3|2026-06-15|night,hu3,05:00,10,handling,Cylinder,8.3
hu3|2026-06-15|night,hu3,06:00,11,web,End of Reel,4.3
hu3|2026-06-15|night,hu3,06:00,11,handling,Gripper,3.7
hu3|2026-06-15|night,hu3,06:00,11,manual,Manual,14.1
hu3|2026-06-16|day,hu3,07:00,0,web,End of Reel,2.1
hu3|2026-06-16|day,hu3,07:00,0,web,Web Torn,5.5
hu3|2026-06-16|day,hu3,07:00,0,pneumatic,Air Pressure,4.9
hu3|2026-06-16|day,hu3,08:00,1,web,End of Reel,2.8
hu3|2026-06-16|day,hu3,08:00,1,handling,Piston,0.3
hu3|2026-06-16|day,hu3,08:00,1,handling,Fork,1.6
hu3|2026-06-16|day,hu3,08:00,1,handling,Gripper,0.6
hu3|2026-06-16|day,hu3,08:00,1,pneumatic,Air Pressure,35.9
hu3|2026-06-16|day,hu3,08:00,1,unattributed,Other,0.7
hu3|2026-06-16|day,hu3,09:00,2,web,End of Reel,9.1
hu3|2026-06-16|day,hu3,09:00,2,sealing,Sealing Head,0.7
hu3|2026-06-16|day,hu3,09:00,2,handling,Gripper,2.5
hu3|2026-06-16|day,hu3,09:00,2,handling,Fork,0.3
hu3|2026-06-16|day,hu3,09:00,2,pneumatic,Valve on Web,1.4
hu3|2026-06-16|day,hu3,09:00,2,manual,Manual,0.8
hu3|2026-06-16|day,hu3,09:00,2,unattributed,Other,2.0
hu3|2026-06-16|day,hu3,10:00,3,web,Splice,0.4
hu3|2026-06-16|day,hu3,10:00,3,handling,Gripper,1.1
hu3|2026-06-16|day,hu3,10:00,3,pneumatic,Air Pressure,23.7
hu3|2026-06-16|day,hu3,10:00,3,pneumatic,Other,0.5
hu3|2026-06-16|day,hu3,10:00,3,unattributed,Other,13.9
hu3|2026-06-16|day,hu3,11:00,4,handling,Fork,0.8
hu3|2026-06-16|day,hu3,11:00,4,pneumatic,Valve on Web,1.3
hu3|2026-06-16|day,hu3,11:00,4,unattributed,Other,1.4
hu3|2026-06-16|day,hu3,12:00,5,web,End of Reel,0.4
hu3|2026-06-16|day,hu3,12:00,5,handling,Gripper,0.6
hu3|2026-06-16|day,hu3,12:00,5,handling,Fork,0.3
hu3|2026-06-16|day,hu3,12:00,5,pneumatic,Air Pressure,16.3
hu3|2026-06-16|day,hu3,12:00,5,unattributed,Other,0.3
hu3|2026-06-16|day,hu3,13:00,6,web,Splice,1.0
hu3|2026-06-16|day,hu3,13:00,6,web,End of Reel,5.8
hu3|2026-06-16|day,hu3,13:00,6,handling,Gripper,2.6
hu3|2026-06-16|day,hu3,13:00,6,handling,Fork,0.8
hu3|2026-06-16|day,hu3,13:00,6,pneumatic,Valve on Web,1.2
hu3|2026-06-16|day,hu3,13:00,6,unattributed,Other,0.4
hu3|2026-06-16|day,hu3,14:00,7,web,Web Torn,0.5
hu3|2026-06-16|day,hu3,14:00,7,web,End of Reel,16.0
hu3|2026-06-16|day,hu3,14:00,7,handling,Gripper,4.8
hu3|2026-06-16|day,hu3,14:00,7,handling,Fork,0.7
hu3|2026-06-16|day,hu3,14:00,7,handling,Piston,0.9
hu3|2026-06-16|day,hu3,14:00,7,pneumatic,Valve on Web,1.3
hu3|2026-06-16|day,hu3,14:00,7,manual,Manual,3.0
hu3|2026-06-16|day,hu3,15:00,8,web,Splice,1.1
hu3|2026-06-16|day,hu3,15:00,8,handling,Gripper,0.8
hu3|2026-06-16|day,hu3,15:00,8,handling,Fork,0.5
hu3|2026-06-16|day,hu3,15:00,8,pneumatic,Valve on Web,2.8
hu3|2026-06-16|day,hu3,15:00,8,pneumatic,Cooling,0.6
hu3|2026-06-16|day,hu3,15:00,8,unattributed,Other,6.9
hu3|2026-06-16|day,hu3,16:00,9,handling,Fork,1.7
hu3|2026-06-16|day,hu3,16:00,9,handling,Gripper,4.6
hu3|2026-06-16|day,hu3,16:00,9,pneumatic,Valve on Web,0.6
hu3|2026-06-16|day,hu3,16:00,9,pneumatic,Other,2.2
hu3|2026-06-16|day,hu3,16:00,9,pneumatic,Cooling,1.6
hu3|2026-06-16|day,hu3,16:00,9,unattributed,Other,3.8
hu3|2026-06-16|day,hu3,17:00,10,web,End of Reel,10.6
hu3|2026-06-16|day,hu3,17:00,10,web,Web Torn,0.9
hu3|2026-06-16|day,hu3,17:00,10,handling,Gripper,0.9
hu3|2026-06-16|day,hu3,17:00,10,pneumatic,Valve on Web,0.3
hu3|2026-06-16|day,hu3,18:00,11,web,Splice,0.3
hu3|2026-06-16|day,hu3,18:00,11,handling,Cylinder,14.9
hu3|2026-06-16|day,hu3,18:00,11,handling,Piston,0.4
hu3|2026-06-16|day,hu3,18:00,11,pneumatic,Valve on Web,0.3
hu3|2026-06-16|day,hu3,18:00,11,manual,Manual,19.0
hu3|2026-06-16|day,hu3,18:00,11,unattributed,Other,5.3
hu3|2026-06-16|night,hu3,19:00,0,web,Splice,0.6
hu3|2026-06-16|night,hu3,19:00,0,handling,Fork,3.3
hu3|2026-06-16|night,hu3,19:00,0,handling,Gripper,1.9
hu3|2026-06-16|night,hu3,19:00,0,pneumatic,Valve on Web,1.3
hu3|2026-06-16|night,hu3,19:00,0,manual,Manual,11.4
hu3|2026-06-16|night,hu3,20:00,1,web,End of Reel,3.9
hu3|2026-06-16|night,hu3,20:00,1,web,Splice,1.4
hu3|2026-06-16|night,hu3,20:00,1,handling,Gripper,2.7
hu3|2026-06-16|night,hu3,20:00,1,pneumatic,Valve on Web,3.3
hu3|2026-06-16|night,hu3,20:00,1,pneumatic,Air Pressure,5.9
hu3|2026-06-16|night,hu3,20:00,1,manual,Manual,4.7
hu3|2026-06-16|night,hu3,20:00,1,unattributed,Other,1.5
hu3|2026-06-16|night,hu3,21:00,2,web,Splice,0.8
hu3|2026-06-16|night,hu3,21:00,2,sealing,Sealing Head,2.2
hu3|2026-06-16|night,hu3,21:00,2,handling,Fork,4.2
hu3|2026-06-16|night,hu3,21:00,2,handling,Gripper,9.1
hu3|2026-06-16|night,hu3,21:00,2,pneumatic,Air Pressure,3.6
hu3|2026-06-16|night,hu3,21:00,2,pneumatic,Valve on Web,1.5
hu3|2026-06-16|night,hu3,21:00,2,pneumatic,Cooling,0.4
hu3|2026-06-16|night,hu3,22:00,3,web,End of Reel,4.6
hu3|2026-06-16|night,hu3,22:00,3,handling,Gripper,3.2
hu3|2026-06-16|night,hu3,22:00,3,handling,Fork,2.8
hu3|2026-06-16|night,hu3,22:00,3,pneumatic,Valve on Web,3.6
hu3|2026-06-16|night,hu3,23:00,4,web,End of Reel,1.8
hu3|2026-06-16|night,hu3,23:00,4,sealing,Sealing Head,0.9
hu3|2026-06-16|night,hu3,23:00,4,handling,Gripper,1.6
hu3|2026-06-16|night,hu3,23:00,4,unattributed,Other,5.1
hu3|2026-06-16|night,hu3,00:00,5,handling,Fork,1.7
hu3|2026-06-16|night,hu3,00:00,5,handling,Gripper,1.4
hu3|2026-06-16|night,hu3,00:00,5,pneumatic,Cooling,0.7
hu3|2026-06-16|night,hu3,00:00,5,pneumatic,Valve on Web,0.6
hu3|2026-06-16|night,hu3,00:00,5,pneumatic,Air Pressure,6.6
hu3|2026-06-16|night,hu3,00:00,5,manual,Manual,4.5
hu3|2026-06-16|night,hu3,00:00,5,unattributed,Other,8.4
hu3|2026-06-16|night,hu3,01:00,6,pneumatic,Air Pressure,0.9
hu3|2026-06-16|night,hu3,01:00,6,pneumatic,Cooling,0.8
hu3|2026-06-16|night,hu3,01:00,6,manual,Manual,5.7
hu3|2026-06-16|night,hu3,01:00,6,unattributed,Other,5.1
hu3|2026-06-16|night,hu3,02:00,7,pneumatic,Valve on Web,0.9
hu3|2026-06-16|night,hu3,02:00,7,pneumatic,Cooling,2.2
hu3|2026-06-16|night,hu3,02:00,7,pneumatic,Other,5.4
hu3|2026-06-16|night,hu3,02:00,7,manual,Manual,24.2
hu3|2026-06-16|night,hu3,02:00,7,unattributed,Other,3.2
hu3|2026-06-16|night,hu3,03:00,8,web,Web Torn,5.8
hu3|2026-06-16|night,hu3,03:00,8,web,End of Reel,7.0
hu3|2026-06-16|night,hu3,03:00,8,handling,Gripper,3.7
hu3|2026-06-16|night,hu3,03:00,8,pneumatic,Valve on Web,12.0
hu3|2026-06-16|night,hu3,03:00,8,manual,Manual,2.2
hu3|2026-06-16|night,hu3,03:00,8,unattributed,Other,1.0
hu3|2026-06-16|night,hu3,04:00,9,web,Web Torn,9.3
hu3|2026-06-16|night,hu3,04:00,9,handling,Gripper,1.6
hu3|2026-06-16|night,hu3,04:00,9,handling,Fork,2.4
hu3|2026-06-16|night,hu3,04:00,9,unattributed,Other,1.9
hu3|2026-06-16|night,hu3,05:00,10,web,Splice,3.9
hu3|2026-06-16|night,hu3,05:00,10,web,Web Torn,1.2
hu3|2026-06-16|night,hu3,05:00,10,sealing,Printer,2.8
hu3|2026-06-16|night,hu3,05:00,10,handling,Gripper,0.6
hu3|2026-06-16|night,hu3,05:00,10,handling,Fork,1.6
hu3|2026-06-16|night,hu3,05:00,10,pneumatic,Valve on Web,1.6
hu3|2026-06-16|night,hu3,05:00,10,unattributed,Other,4.5
hu3|2026-06-16|night,hu3,06:00,11,web,End of Reel,3.9
hu3|2026-06-16|night,hu3,06:00,11,handling,Fork,1.5
hu3|2026-06-16|night,hu3,06:00,11,handling,Gripper,0.8
hu3|2026-06-16|night,hu3,06:00,11,pneumatic,Valve on Web,0.3
hu3|2026-06-16|night,hu3,06:00,11,unattributed,Other,22.5
hu3|2026-06-17|day,hu3,07:00,0,unattributed,Other,60.0
hu3|2026-06-17|day,hu3,08:00,1,pneumatic,Valve on Web,0.3
hu3|2026-06-17|day,hu3,08:00,1,pneumatic,Air Pressure,2.6
hu3|2026-06-17|day,hu3,08:00,1,unattributed,Other,48.1
hu3|2026-06-17|day,hu3,09:00,2,pneumatic,Valve on Web,1.9
hu3|2026-06-17|day,hu3,09:00,2,manual,Manual,16.9
hu3|2026-06-17|day,hu3,09:00,2,unattributed,Other,9.6
hu3|2026-06-17|day,hu3,10:00,3,handling,Gripper,2.3
hu3|2026-06-17|day,hu3,10:00,3,pneumatic,Air Pressure,12.7
hu3|2026-06-17|day,hu3,10:00,3,pneumatic,Valve on Web,0.5
hu3|2026-06-17|day,hu3,10:00,3,manual,Manual,9.8
hu3|2026-06-17|day,hu3,10:00,3,unattributed,Other,6.0
hu3|2026-06-17|day,hu3,11:00,4,web,End of Reel,5.8
hu3|2026-06-17|day,hu3,11:00,4,handling,Gripper,0.9
hu3|2026-06-17|day,hu3,11:00,4,pneumatic,Valve on Web,3.6
hu3|2026-06-17|day,hu3,11:00,4,manual,Manual,13.2
hu3|2026-06-17|day,hu3,12:00,5,web,Splice,8.2
hu3|2026-06-17|day,hu3,12:00,5,web,Web Torn,1.2
hu3|2026-06-17|day,hu3,12:00,5,handling,Gripper,2.5
hu3|2026-06-17|day,hu3,12:00,5,pneumatic,Valve on Web,1.8
hu3|2026-06-17|day,hu3,12:00,5,manual,Manual,27.3
hu3|2026-06-17|day,hu3,12:00,5,unattributed,Other,1.0
hu3|2026-06-17|day,hu3,13:00,6,pneumatic,Valve on Web,1.3
hu3|2026-06-17|day,hu3,13:00,6,manual,Manual,31.8
hu3|2026-06-17|day,hu3,14:00,7,sealing,Printer,3.8
hu3|2026-06-17|day,hu3,14:00,7,manual,Manual,24.6
hu3|2026-06-17|day,hu3,15:00,8,web,Splice,4.1
hu3|2026-06-17|day,hu3,15:00,8,pneumatic,Valve on Web,2.7
hu3|2026-06-17|day,hu3,15:00,8,manual,Manual,1.4
hu3|2026-06-17|day,hu3,15:00,8,unattributed,Other,3.2
hu3|2026-06-17|day,hu3,16:00,9,sealing,Sealing Head,2.1
hu3|2026-06-17|day,hu3,16:00,9,handling,Gripper,0.4
hu3|2026-06-17|day,hu3,16:00,9,pneumatic,Valve on Web,9.3
hu3|2026-06-17|day,hu3,16:00,9,pneumatic,Air Pressure,13.9
hu3|2026-06-17|day,hu3,17:00,10,web,Splice,0.3
hu3|2026-06-17|day,hu3,17:00,10,pneumatic,Valve on Web,0.3
hu3|2026-06-17|day,hu3,17:00,10,manual,Manual,2.4
hu3|2026-06-17|day,hu3,17:00,10,unattributed,Other,26.9
hu3|2026-06-17|day,hu3,18:00,11,pneumatic,Valve on Web,0.5
hu3|2026-06-17|day,hu3,18:00,11,unattributed,Other,53.4
hu3|2026-06-17|night,hu3,19:00,0,web,Web Torn,0.5
hu3|2026-06-17|night,hu3,19:00,0,handling,Gripper,0.7
hu3|2026-06-17|night,hu3,19:00,0,pneumatic,Valve on Web,0.7
hu3|2026-06-17|night,hu3,19:00,0,unattributed,Other,18.6
hu3|2026-06-17|night,hu3,20:00,1,web,End of Reel,10.8
hu3|2026-06-17|night,hu3,20:00,1,sealing,Sealing Head,23.3
hu3|2026-06-17|night,hu3,20:00,1,pneumatic,Air Pressure,2.6
hu3|2026-06-17|night,hu3,20:00,1,pneumatic,Valve on Web,0.3
hu3|2026-06-17|night,hu3,21:00,2,web,End of Reel,3.9
hu3|2026-06-17|night,hu3,21:00,2,handling,Gripper,0.6
hu3|2026-06-17|night,hu3,21:00,2,pneumatic,Valve on Web,8.2
hu3|2026-06-17|night,hu3,21:00,2,unattributed,Other,3.1
hu3|2026-06-17|night,hu3,22:00,3,web,End of Reel,6.4
hu3|2026-06-17|night,hu3,22:00,3,web,Splice,0.0
hu3|2026-06-17|night,hu3,22:00,3,sealing,Sealing Head,0.6
hu3|2026-06-17|night,hu3,22:00,3,handling,Gripper,3.2
hu3|2026-06-17|night,hu3,22:00,3,handling,Piston,4.3
hu3|2026-06-17|night,hu3,22:00,3,pneumatic,Valve on Web,3.7
hu3|2026-06-17|night,hu3,22:00,3,unattributed,Other,1.5
hu3|2026-06-17|night,hu3,23:00,4,web,Splice,0.8
hu3|2026-06-17|night,hu3,23:00,4,sealing,Knife,5.8
hu3|2026-06-17|night,hu3,23:00,4,handling,Fork,0.7
hu3|2026-06-17|night,hu3,23:00,4,handling,Piston,18.2
hu3|2026-06-17|night,hu3,23:00,4,handling,Gripper,3.8
hu3|2026-06-17|night,hu3,23:00,4,pneumatic,Valve on Web,0.3
hu3|2026-06-17|night,hu3,23:00,4,pneumatic,Cooling,1.5
hu3|2026-06-17|night,hu3,23:00,4,unattributed,Other,1.3
hu3|2026-06-17|night,hu3,00:00,5,web,End of Reel,3.7
hu3|2026-06-17|night,hu3,00:00,5,sealing,Knife,1.5
hu3|2026-06-17|night,hu3,00:00,5,handling,Gripper,1.5
hu3|2026-06-17|night,hu3,00:00,5,pneumatic,Valve on Web,1.3
hu3|2026-06-17|night,hu3,00:00,5,pneumatic,Cooling,0.6
hu3|2026-06-17|night,hu3,00:00,5,pneumatic,Air Pressure,1.1
hu3|2026-06-17|night,hu3,00:00,5,unattributed,Other,2.2
hu3|2026-06-17|night,hu3,01:00,6,web,Splice,2.0
hu3|2026-06-17|night,hu3,01:00,6,handling,Gripper,4.0
hu3|2026-06-17|night,hu3,01:00,6,handling,Cylinder,28.9
hu3|2026-06-17|night,hu3,01:00,6,pneumatic,Air Pressure,1.3
hu3|2026-06-17|night,hu3,01:00,6,pneumatic,Valve on Web,0.6
hu3|2026-06-17|night,hu3,01:00,6,unattributed,Other,4.6
hu3|2026-06-17|night,hu3,02:00,7,handling,Cylinder,19.9
hu3|2026-06-17|night,hu3,02:00,7,handling,Gripper,13.3
hu3|2026-06-17|night,hu3,02:00,7,pneumatic,Valve on Web,1.5
hu3|2026-06-17|night,hu3,02:00,7,unattributed,Other,1.2
hu3|2026-06-17|night,hu3,03:00,8,web,Splice,0.3
hu3|2026-06-17|night,hu3,03:00,8,sealing,Sealing Head,9.8
hu3|2026-06-17|night,hu3,03:00,8,unattributed,Other,2.8
hu3|2026-06-17|night,hu3,04:00,9,web,End of Reel,7.3
hu3|2026-06-17|night,hu3,04:00,9,web,Splice,1.9
hu3|2026-06-17|night,hu3,04:00,9,web,Web Torn,1.6
hu3|2026-06-17|night,hu3,04:00,9,sealing,Sealing Head,15.1
hu3|2026-06-17|night,hu3,04:00,9,handling,Gripper,3.2
hu3|2026-06-17|night,hu3,04:00,9,handling,Piston,1.3
hu3|2026-06-17|night,hu3,04:00,9,pneumatic,Air Pressure,3.8
hu3|2026-06-17|night,hu3,04:00,9,unattributed,Other,0.5
hu3|2026-06-17|night,hu3,05:00,10,manual,Manual,19.9
hu3|2026-06-17|night,hu3,05:00,10,unattributed,Other,11.1
hu3|2026-06-17|night,hu3,06:00,11,web,End of Reel,8.0
hu3|2026-06-17|night,hu3,06:00,11,sealing,Sealing Head,1.0
hu3|2026-06-17|night,hu3,06:00,11,pneumatic,Valve on Web,0.3
hu3|2026-06-17|night,hu3,06:00,11,manual,Manual,3.5
hu3|2026-06-17|night,hu3,06:00,11,unattributed,Other,15.0
hu3|2026-06-18|day,hu3,07:00,0,web,Splice,0.3
hu3|2026-06-18|day,hu3,07:00,0,sealing,Sealing Head,1.8
hu3|2026-06-18|day,hu3,07:00,0,pneumatic,Valve on Web,4.6
hu3|2026-06-18|day,hu3,07:00,0,manual,Manual,8.2
hu3|2026-06-18|day,hu3,07:00,0,unattributed,Other,2.8
hu3|2026-06-18|day,hu3,08:00,1,handling,Gripper,4.0
hu3|2026-06-18|day,hu3,08:00,1,unattributed,Other,3.5
hu3|2026-06-18|day,hu3,09:00,2,web,Splice,9.4
hu3|2026-06-18|day,hu3,09:00,2,web,Web Torn,5.1
hu3|2026-06-18|day,hu3,09:00,2,sealing,Sealing Head,1.7
hu3|2026-06-18|day,hu3,09:00,2,handling,Gripper,1.1
hu3|2026-06-18|day,hu3,09:00,2,pneumatic,Valve on Web,9.5
hu3|2026-06-18|day,hu3,09:00,2,manual,Manual,0.9
hu3|2026-06-18|day,hu3,09:00,2,unattributed,Other,3.7
hu3|2026-06-18|day,hu3,10:00,3,web,End of Reel,57.0
hu3|2026-06-18|day,hu3,11:00,4,web,End of Reel,50.1
hu3|2026-06-18|day,hu3,11:00,4,web,Web Torn,2.1
hu3|2026-06-18|day,hu3,11:00,4,pneumatic,Other,1.8
hu3|2026-06-18|day,hu3,11:00,4,pneumatic,Valve on Web,0.3
hu3|2026-06-18|day,hu3,11:00,4,pneumatic,Air Pressure,1.1
hu3|2026-06-18|day,hu3,11:00,4,unattributed,Other,4.1
hu3|2026-06-18|day,hu3,12:00,5,web,Web Torn,4.1
hu3|2026-06-18|day,hu3,12:00,5,sealing,Sealing Head,5.0
hu3|2026-06-18|day,hu3,12:00,5,handling,Piston,0.4
hu3|2026-06-18|day,hu3,12:00,5,pneumatic,Air Pressure,1.2
hu3|2026-06-18|day,hu3,12:00,5,manual,Manual,14.2
hu3|2026-06-18|day,hu3,12:00,5,unattributed,Other,8.4
hu3|2026-06-18|day,hu3,13:00,6,manual,Manual,38.8
hu3|2026-06-18|day,hu3,13:00,6,unattributed,Other,0.6
hu3|2026-06-18|day,hu3,14:00,7,web,Splice,1.4
hu3|2026-06-18|day,hu3,14:00,7,handling,Gripper,0.3
hu3|2026-06-18|day,hu3,14:00,7,manual,Manual,5.1
hu3|2026-06-18|day,hu3,14:00,7,unattributed,Other,26.6
hu3|2026-06-18|day,hu3,15:00,8,unattributed,Other,60.0
hu3|2026-06-18|day,hu3,16:00,9,web,Splice,0.4
hu3|2026-06-18|day,hu3,16:00,9,handling,Piston,2.0
hu3|2026-06-18|day,hu3,16:00,9,pneumatic,Valve on Web,0.6
hu3|2026-06-18|day,hu3,16:00,9,manual,Manual,28.7
hu3|2026-06-18|day,hu3,16:00,9,unattributed,Other,17.5
hu3|2026-06-18|day,hu3,17:00,10,sealing,Sealing Head,2.5
hu3|2026-06-18|day,hu3,17:00,10,pneumatic,Valve on Web,3.4
hu3|2026-06-18|day,hu3,17:00,10,pneumatic,Air Pressure,4.6
hu3|2026-06-18|day,hu3,17:00,10,manual,Manual,10.5
hu3|2026-06-18|day,hu3,17:00,10,unattributed,Other,16.5
hu3|2026-06-18|day,hu3,18:00,11,pneumatic,Valve on Web,1.5
hu3|2026-06-18|day,hu3,18:00,11,manual,Manual,39.7
hu3|2026-06-18|day,hu3,18:00,11,unattributed,Other,4.4
hu3|2026-06-18|night,hu3,19:00,0,web,End of Reel,3.9
hu3|2026-06-18|night,hu3,19:00,0,web,Web Torn,2.8
hu3|2026-06-18|night,hu3,19:00,0,sealing,Sealing Head,2.0
hu3|2026-06-18|night,hu3,19:00,0,pneumatic,Valve on Web,5.6
hu3|2026-06-18|night,hu3,19:00,0,manual,Manual,7.5
hu3|2026-06-18|night,hu3,19:00,0,unattributed,Other,3.2
hu3|2026-06-18|night,hu3,20:00,1,web,Web Torn,2.3
hu3|2026-06-18|night,hu3,20:00,1,web,Splice,1.2
hu3|2026-06-18|night,hu3,20:00,1,unattributed,Other,1.4
hu3|2026-06-18|night,hu3,21:00,2,web,End of Reel,7.4
hu3|2026-06-18|night,hu3,21:00,2,handling,Gripper,0.6
hu3|2026-06-18|night,hu3,21:00,2,manual,Manual,0.7
hu3|2026-06-18|night,hu3,21:00,2,unattributed,Other,1.5
hu3|2026-06-18|night,hu3,22:00,3,handling,Gripper,0.7
hu3|2026-06-18|night,hu3,22:00,3,pneumatic,Cooling,0.5
hu3|2026-06-18|night,hu3,23:00,4,web,End of Reel,6.8
hu3|2026-06-18|night,hu3,23:00,4,handling,Gripper,3.8
hu3|2026-06-18|night,hu3,23:00,4,pneumatic,Air Pressure,8.4
hu3|2026-06-18|night,hu3,23:00,4,pneumatic,Cooling,1.2
hu3|2026-06-18|night,hu3,23:00,4,unattributed,Other,4.8
hu3|2026-06-18|night,hu3,00:00,5,handling,Gripper,2.2
hu3|2026-06-18|night,hu3,00:00,5,pneumatic,Valve on Web,5.5
hu3|2026-06-18|night,hu3,00:00,5,manual,Manual,1.5
hu3|2026-06-18|night,hu3,00:00,5,unattributed,Other,7.5
hu3|2026-06-18|night,hu3,01:00,6,web,End of Reel,3.9
hu3|2026-06-18|night,hu3,01:00,6,pneumatic,Valve on Web,0.4
hu3|2026-06-18|night,hu3,01:00,6,pneumatic,Cooling,0.3
hu3|2026-06-18|night,hu3,01:00,6,manual,Manual,0.3
hu3|2026-06-18|night,hu3,01:00,6,unattributed,Other,19.8
hu3|2026-06-18|night,hu3,02:00,7,web,End of Reel,9.3
hu3|2026-06-18|night,hu3,02:00,7,unattributed,Other,2.0
hu3|2026-06-18|night,hu3,03:00,8,web,End of Reel,5.2
hu3|2026-06-18|night,hu3,03:00,8,unattributed,Other,2.5
hu3|2026-06-18|night,hu3,04:00,9,web,End of Reel,7.6
hu3|2026-06-18|night,hu3,04:00,9,pneumatic,Cooling,0.3
hu3|2026-06-18|night,hu3,04:00,9,manual,Manual,15.5
hu3|2026-06-18|night,hu3,05:00,10,web,Splice,5.4
hu3|2026-06-18|night,hu3,05:00,10,sealing,Printer,4.8
hu3|2026-06-18|night,hu3,05:00,10,pneumatic,Cooling,0.3
hu3|2026-06-18|night,hu3,05:00,10,manual,Manual,4.8
hu3|2026-06-18|night,hu3,05:00,10,unattributed,Other,12.5
hu3|2026-06-18|night,hu3,06:00,11,handling,Cylinder,3.6
hu3|2026-06-18|night,hu3,06:00,11,pneumatic,Air Pressure,5.4
hu3|2026-06-18|night,hu3,06:00,11,manual,Manual,17.2
hu3|2026-06-18|night,hu3,06:00,11,unattributed,Other,3.5
hu3|2026-06-19|day,hu3,07:00,0,manual,Manual,3.6
hu3|2026-06-19|day,hu3,07:00,0,unattributed,Other,10.8
hu3|2026-06-19|day,hu3,08:00,1,handling,Cylinder,1.7
hu3|2026-06-19|day,hu3,08:00,1,manual,Manual,47.1
hu3|2026-06-19|day,hu3,08:00,1,unattributed,Other,2.4
hu3|2026-06-19|day,hu3,09:00,2,web,End of Reel,9.4
hu3|2026-06-19|day,hu3,09:00,2,web,Web Torn,0.6
hu3|2026-06-19|day,hu3,09:00,2,handling,Cylinder,20.7
hu3|2026-06-19|day,hu3,09:00,2,unattributed,Other,21.6
hu3|2026-06-19|day,hu3,10:00,3,web,End of Reel,6.8
hu3|2026-06-19|day,hu3,10:00,3,handling,Gripper,6.4
hu3|2026-06-19|day,hu3,10:00,3,pneumatic,Valve on Web,0.9
hu3|2026-06-19|day,hu3,10:00,3,manual,Manual,0.3
hu3|2026-06-19|day,hu3,10:00,3,unattributed,Other,4.5
hu3|2026-06-19|day,hu3,11:00,4,web,End of Reel,9.2
hu3|2026-06-19|day,hu3,11:00,4,handling,Gripper,1.6
hu3|2026-06-19|day,hu3,11:00,4,manual,Manual,2.2
hu3|2026-06-19|day,hu3,12:00,5,manual,Manual,8.7
hu3|2026-06-19|day,hu3,12:00,5,unattributed,Other,28.6
hu3|2026-06-19|day,hu3,13:00,6,sealing,Sealing Head,27.0
hu3|2026-06-19|day,hu3,13:00,6,handling,Piston,0.5
hu3|2026-06-19|day,hu3,13:00,6,unattributed,Other,5.1
hu3|2026-06-19|day,hu3,14:00,7,web,End of Reel,15.4
hu3|2026-06-19|day,hu3,14:00,7,web,Splice,0.7
hu3|2026-06-19|day,hu3,14:00,7,web,Web Torn,2.3
hu3|2026-06-19|day,hu3,14:00,7,sealing,Sealing Head,0.2
hu3|2026-06-19|day,hu3,14:00,7,handling,Gripper,4.4
hu3|2026-06-19|day,hu3,14:00,7,pneumatic,Air Pressure,3.4
hu3|2026-06-19|day,hu3,14:00,7,unattributed,Other,2.3
hu3|2026-06-19|day,hu3,15:00,8,manual,Manual,60.0
hu3|2026-06-19|day,hu3,16:00,9,manual,Manual,60.0
hu3|2026-06-19|day,hu3,17:00,10,manual,Manual,60.0
hu3|2026-06-19|day,hu3,18:00,11,web,Splice,2.7
hu3|2026-06-19|day,hu3,18:00,11,pneumatic,Air Pressure,1.9
hu3|2026-06-19|day,hu3,18:00,11,manual,Manual,47.4
hu3|2026-06-19|day,hu3,18:00,11,unattributed,Other,1.2
hu3|2026-06-19|night,hu3,19:00,0,web,End of Reel,6.3
hu3|2026-06-19|night,hu3,19:00,0,pneumatic,Cooling,0.4
hu3|2026-06-19|night,hu3,19:00,0,unattributed,Other,1.7
hu3|2026-06-19|night,hu3,20:00,1,handling,Cylinder,7.9
hu3|2026-06-19|night,hu3,20:00,1,manual,Manual,3.4
hu3|2026-06-19|night,hu3,20:00,1,unattributed,Other,2.2
hu3|2026-06-19|night,hu3,21:00,2,web,End of Reel,14.1
hu3|2026-06-19|night,hu3,21:00,2,handling,Gripper,0.9
hu3|2026-06-19|night,hu3,21:00,2,manual,Manual,4.2
hu3|2026-06-19|night,hu3,21:00,2,unattributed,Other,1.0
hu3|2026-06-19|night,hu3,22:00,3,web,End of Reel,12.5
hu3|2026-06-19|night,hu3,22:00,3,web,Web Torn,4.2
hu3|2026-06-19|night,hu3,22:00,3,handling,Gripper,1.9
hu3|2026-06-19|night,hu3,22:00,3,manual,Manual,0.7
hu3|2026-06-19|night,hu3,22:00,3,unattributed,Other,0.9
hu3|2026-06-19|night,hu3,23:00,4,sealing,Printer,8.0
hu3|2026-06-19|night,hu3,23:00,4,handling,Gripper,9.7
hu3|2026-06-19|night,hu3,23:00,4,pneumatic,Cooling,1.1
hu3|2026-06-19|night,hu3,23:00,4,pneumatic,Valve on Web,2.6
hu3|2026-06-19|night,hu3,23:00,4,unattributed,Other,5.4
hu3|2026-06-19|night,hu3,00:00,5,handling,Gripper,4.7
hu3|2026-06-19|night,hu3,00:00,5,manual,Manual,5.4
hu3|2026-06-19|night,hu3,00:00,5,unattributed,Other,4.6
hu3|2026-06-19|night,hu3,01:00,6,web,Splice,0.7
hu3|2026-06-19|night,hu3,01:00,6,web,Web Torn,3.5
hu3|2026-06-19|night,hu3,01:00,6,manual,Manual,1.3
hu3|2026-06-19|night,hu3,01:00,6,unattributed,Other,4.5
hu3|2026-06-19|night,hu3,02:00,7,web,Splice,2.0
hu3|2026-06-19|night,hu3,02:00,7,handling,Gripper,5.5
hu3|2026-06-19|night,hu3,02:00,7,unattributed,Other,6.4
hu3|2026-06-19|night,hu3,03:00,8,web,End of Reel,7.1
hu3|2026-06-19|night,hu3,03:00,8,manual,Manual,0.4
hu3|2026-06-19|night,hu3,03:00,8,unattributed,Other,2.4
hu3|2026-06-19|night,hu3,04:00,9,web,End of Reel,12.3
hu3|2026-06-19|night,hu3,04:00,9,sealing,Sealing Head,4.4
hu3|2026-06-19|night,hu3,04:00,9,handling,Gripper,2.4
hu3|2026-06-19|night,hu3,04:00,9,manual,Manual,2.7
hu3|2026-06-19|night,hu3,05:00,10,web,End of Reel,2.3
hu3|2026-06-19|night,hu3,05:00,10,handling,Gripper,5.4
hu3|2026-06-19|night,hu3,05:00,10,pneumatic,Cooling,1.9
hu3|2026-06-19|night,hu3,05:00,10,manual,Manual,3.5
hu3|2026-06-19|night,hu3,05:00,10,unattributed,Other,5.2
hu3|2026-06-19|night,hu3,06:00,11,manual,Manual,0.3
hu3|2026-06-19|night,hu3,06:00,11,unattributed,Other,27.9
hu3|2026-07-08|day,hu3,07:00,0,handling,Fork,1.2
hu3|2026-07-08|day,hu3,07:00,0,pneumatic,Air Pressure,1.0
hu3|2026-07-08|day,hu3,07:00,0,pneumatic,Valve on Web,1.1
hu3|2026-07-08|day,hu3,07:00,0,manual,Manual,37.1
hu3|2026-07-08|day,hu3,07:00,0,unattributed,Other,2.2
hu3|2026-07-08|day,hu3,08:00,1,web,Splice,2.5
hu3|2026-07-08|day,hu3,08:00,1,web,End of Reel,10.5
hu3|2026-07-08|day,hu3,08:00,1,handling,Gripper,0.8
hu3|2026-07-08|day,hu3,08:00,1,pneumatic,Valve on Web,0.6
hu3|2026-07-08|day,hu3,08:00,1,manual,Manual,13.8
hu3|2026-07-08|day,hu3,08:00,1,unattributed,Other,5.4
hu3|2026-07-08|day,hu3,09:00,2,web,End of Reel,1.3
hu3|2026-07-08|day,hu3,09:00,2,sealing,Sealing Head,2.2
hu3|2026-07-08|day,hu3,09:00,2,pneumatic,Cooling,1.2
hu3|2026-07-08|day,hu3,09:00,2,unattributed,Other,20.3
hu3|2026-07-08|day,hu3,10:00,3,web,Splice,1.5
hu3|2026-07-08|day,hu3,10:00,3,handling,Fork,4.1
hu3|2026-07-08|day,hu3,10:00,3,handling,Gripper,4.3
hu3|2026-07-08|day,hu3,10:00,3,unattributed,Other,4.0
hu3|2026-07-08|day,hu3,11:00,4,web,End of Reel,5.9
hu3|2026-07-08|day,hu3,11:00,4,handling,Fork,1.6
hu3|2026-07-08|day,hu3,11:00,4,manual,Manual,14.6
hu3|2026-07-08|day,hu3,11:00,4,unattributed,Other,1.3
hu3|2026-07-08|day,hu3,12:00,5,manual,Manual,60.0
hu3|2026-07-08|day,hu3,13:00,6,web,Splice,0.4
hu3|2026-07-08|day,hu3,13:00,6,sealing,Sealing Head,0.8
hu3|2026-07-08|day,hu3,13:00,6,manual,Manual,44.9
hu3|2026-07-08|day,hu3,13:00,6,unattributed,Other,2.8
hu3|2026-07-08|day,hu3,14:00,7,web,Web Torn,12.4
hu3|2026-07-08|day,hu3,14:00,7,web,Splice,2.3
hu3|2026-07-08|day,hu3,14:00,7,handling,Gripper,2.9
hu3|2026-07-08|day,hu3,14:00,7,unattributed,Other,8.4
hu3|2026-07-08|day,hu3,15:00,8,web,End of Reel,10.6
hu3|2026-07-08|day,hu3,15:00,8,handling,Gripper,1.7
hu3|2026-07-08|day,hu3,15:00,8,pneumatic,Cooling,0.3
hu3|2026-07-08|day,hu3,15:00,8,unattributed,Other,1.9
hu3|2026-07-08|day,hu3,16:00,9,web,End of Reel,7.1
hu3|2026-07-08|day,hu3,16:00,9,web,Web Torn,0.4
hu3|2026-07-08|day,hu3,16:00,9,sealing,Printer,4.6
hu3|2026-07-08|day,hu3,16:00,9,handling,Gripper,2.6
hu3|2026-07-08|day,hu3,16:00,9,unattributed,Other,5.8
hu3|2026-07-08|day,hu3,17:00,10,web,End of Reel,9.3
hu3|2026-07-08|day,hu3,17:00,10,handling,Gripper,1.5
hu3|2026-07-08|day,hu3,17:00,10,handling,Fork,2.4
hu3|2026-07-08|day,hu3,17:00,10,unattributed,Other,1.9
hu3|2026-07-08|day,hu3,18:00,11,handling,Gripper,0.6
hu3|2026-07-08|day,hu3,18:00,11,handling,Fork,1.4
hu3|2026-07-08|day,hu3,18:00,11,pneumatic,Cooling,1.2
hu3|2026-07-08|day,hu3,18:00,11,manual,Manual,23.5
hu3|2026-07-08|day,hu3,18:00,11,unattributed,Other,3.6
hu3|2026-07-08|night,hu3,19:00,0,handling,Fork,2.0
hu3|2026-07-08|night,hu3,19:00,0,pneumatic,Air Pressure,1.5
hu3|2026-07-08|night,hu3,19:00,0,manual,Manual,23.8
hu3|2026-07-08|night,hu3,20:00,1,web,End of Reel,6.4
hu3|2026-07-08|night,hu3,20:00,1,web,Splice,1.8
hu3|2026-07-08|night,hu3,20:00,1,handling,Gripper,1.8
hu3|2026-07-08|night,hu3,20:00,1,unattributed,Other,9.0
hu3|2026-07-08|night,hu3,21:00,2,handling,Gripper,3.2
hu3|2026-07-08|night,hu3,21:00,2,unattributed,Other,3.7
hu3|2026-07-08|night,hu3,22:00,3,web,End of Reel,7.0
hu3|2026-07-08|night,hu3,22:00,3,handling,Gripper,3.9
hu3|2026-07-08|night,hu3,22:00,3,unattributed,Other,4.2
hu3|2026-07-08|night,hu3,23:00,4,web,End of Reel,5.1
hu3|2026-07-08|night,hu3,23:00,4,handling,Gripper,1.6
hu3|2026-07-08|night,hu3,23:00,4,manual,Manual,7.2
hu3|2026-07-08|night,hu3,00:00,5,web,End of Reel,6.7
hu3|2026-07-08|night,hu3,00:00,5,web,Web Torn,0.9
hu3|2026-07-08|night,hu3,00:00,5,handling,Fork,4.6
hu3|2026-07-08|night,hu3,00:00,5,handling,Gripper,1.2
hu3|2026-07-08|night,hu3,00:00,5,pneumatic,Cooling,1.3
hu3|2026-07-08|night,hu3,00:00,5,unattributed,Other,5.9
hu3|2026-07-08|night,hu3,01:00,6,web,End of Reel,8.0
hu3|2026-07-08|night,hu3,01:00,6,sealing,Sealing Head,2.2
hu3|2026-07-08|night,hu3,01:00,6,unattributed,Other,2.3
hu3|2026-07-08|night,hu3,02:00,7,unattributed,Other,44.1
hu3|2026-07-08|night,hu3,03:00,8,web,Splice,3.1
hu3|2026-07-08|night,hu3,03:00,8,unattributed,Other,56.5
hu3|2026-07-08|night,hu3,04:00,9,web,Web Torn,0.6
hu3|2026-07-08|night,hu3,04:00,9,sealing,Sealing Head,0.4
hu3|2026-07-08|night,hu3,04:00,9,handling,Cylinder,2.7
hu3|2026-07-08|night,hu3,04:00,9,pneumatic,Other,1.4
hu3|2026-07-08|night,hu3,04:00,9,pneumatic,Air Pressure,1.3
hu3|2026-07-08|night,hu3,04:00,9,manual,Manual,20.4
hu3|2026-07-08|night,hu3,04:00,9,unattributed,Other,22.5
hu3|2026-07-08|night,hu3,05:00,10,web,End of Reel,7.6
hu3|2026-07-08|night,hu3,05:00,10,handling,Other,0.4
hu3|2026-07-08|night,hu3,05:00,10,pneumatic,Air Pressure,4.7
hu3|2026-07-08|night,hu3,05:00,10,pneumatic,Cooling,0.3
hu3|2026-07-08|night,hu3,05:00,10,manual,Manual,9.9
hu3|2026-07-08|night,hu3,05:00,10,unattributed,Other,13.1
hu3|2026-07-08|night,hu3,06:00,11,handling,Other,41.1
hu3|2026-07-08|night,hu3,06:00,11,handling,Gripper,1.7
hu3|2026-07-08|night,hu3,06:00,11,manual,Manual,4.0
hu3|2026-07-09|day,hu3,07:00,0,web,Splice,1.6
hu3|2026-07-09|day,hu3,07:00,0,handling,Gripper,0.5
hu3|2026-07-09|day,hu3,07:00,0,handling,Fork,2.6
hu3|2026-07-09|day,hu3,07:00,0,unattributed,Other,10.8
hu3|2026-07-09|day,hu3,08:00,1,web,Splice,0.5
hu3|2026-07-09|day,hu3,08:00,1,sealing,Knife,3.0
hu3|2026-07-09|day,hu3,08:00,1,unattributed,Other,7.0
hu3|2026-07-09|day,hu3,09:00,2,handling,Gripper,2.3
hu3|2026-07-09|day,hu3,09:00,2,handling,Fork,0.6
hu3|2026-07-09|day,hu3,09:00,2,unattributed,Other,8.8
hu3|2026-07-09|day,hu3,10:00,3,web,End of Reel,2.7
hu3|2026-07-09|day,hu3,10:00,3,web,Splice,0.3
hu3|2026-07-09|day,hu3,10:00,3,sealing,Knife,1.6
hu3|2026-07-09|day,hu3,10:00,3,handling,Fork,4.7
hu3|2026-07-09|day,hu3,10:00,3,unattributed,Other,23.5
hu3|2026-07-09|day,hu3,11:00,4,handling,Fork,10.0
hu3|2026-07-09|day,hu3,11:00,4,pneumatic,Air Pressure,1.8
hu3|2026-07-09|day,hu3,11:00,4,pneumatic,Valve on Web,0.8
hu3|2026-07-09|day,hu3,11:00,4,manual,Manual,1.8
hu3|2026-07-09|day,hu3,11:00,4,unattributed,Other,34.9
hu3|2026-07-09|day,hu3,12:00,5,web,End of Reel,4.3
hu3|2026-07-09|day,hu3,12:00,5,web,Splice,10.5
hu3|2026-07-09|day,hu3,12:00,5,handling,Fork,2.2
hu3|2026-07-09|day,hu3,12:00,5,handling,Gripper,1.2
hu3|2026-07-09|day,hu3,12:00,5,pneumatic,Air Pressure,0.7
hu3|2026-07-09|day,hu3,12:00,5,unattributed,Other,2.9
hu3|2026-07-09|day,hu3,13:00,6,handling,Fork,1.5
hu3|2026-07-09|day,hu3,14:00,7,web,End of Reel,7.6
hu3|2026-07-09|day,hu3,14:00,7,web,Splice,1.2
hu3|2026-07-09|day,hu3,14:00,7,handling,Fork,4.0
hu3|2026-07-09|day,hu3,14:00,7,handling,Gripper,3.9
hu3|2026-07-09|day,hu3,14:00,7,unattributed,Other,2.0
hu3|2026-07-09|day,hu3,15:00,8,web,End of Reel,4.5
hu3|2026-07-09|day,hu3,15:00,8,handling,Fork,2.2
hu3|2026-07-09|day,hu3,15:00,8,handling,Gripper,1.5
hu3|2026-07-09|day,hu3,15:00,8,unattributed,Other,11.7
hu3|2026-07-09|day,hu3,16:00,9,handling,Fork,2.8
hu3|2026-07-09|day,hu3,16:00,9,manual,Manual,21.5
hu3|2026-07-09|day,hu3,16:00,9,unattributed,Other,16.5
hu3|2026-07-09|day,hu3,17:00,10,web,Splice,7.4
hu3|2026-07-09|day,hu3,17:00,10,web,Web Torn,0.6
hu3|2026-07-09|day,hu3,17:00,10,handling,Fork,5.7
hu3|2026-07-09|day,hu3,17:00,10,handling,Other,2.7
hu3|2026-07-09|day,hu3,17:00,10,unattributed,Other,2.8
hu3|2026-07-09|day,hu3,18:00,11,web,End of Reel,2.6
hu3|2026-07-09|day,hu3,18:00,11,handling,Gripper,8.1
hu3|2026-07-09|day,hu3,18:00,11,unattributed,Other,13.7
hu3|2026-07-09|night,hu3,19:00,0,web,Splice,1.1
hu3|2026-07-09|night,hu3,19:00,0,web,End of Reel,5.0
hu3|2026-07-09|night,hu3,19:00,0,handling,Gripper,8.5
hu3|2026-07-09|night,hu3,19:00,0,unattributed,Other,6.7
hu3|2026-07-09|night,hu3,20:00,1,handling,Fork,4.3
hu3|2026-07-09|night,hu3,20:00,1,handling,Gripper,1.9
hu3|2026-07-09|night,hu3,20:00,1,pneumatic,Cooling,0.4
hu3|2026-07-09|night,hu3,20:00,1,unattributed,Other,3.4
hu3|2026-07-09|night,hu3,21:00,2,web,End of Reel,3.7
hu3|2026-07-09|night,hu3,21:00,2,web,Splice,3.9
hu3|2026-07-09|night,hu3,21:00,2,handling,Fork,2.4
hu3|2026-07-09|night,hu3,21:00,2,handling,Gripper,2.3
hu3|2026-07-09|night,hu3,21:00,2,manual,Manual,28.4
hu3|2026-07-09|night,hu3,22:00,3,handling,Gripper,9.4
hu3|2026-07-09|night,hu3,22:00,3,handling,Fork,1.1
hu3|2026-07-09|night,hu3,22:00,3,unattributed,Other,2.3
hu3|2026-07-09|night,hu3,23:00,4,web,Splice,12.5
hu3|2026-07-09|night,hu3,23:00,4,web,Web Torn,0.4
hu3|2026-07-09|night,hu3,23:00,4,sealing,Sealing Head,0.3
hu3|2026-07-09|night,hu3,23:00,4,handling,Gripper,1.3
hu3|2026-07-09|night,hu3,23:00,4,handling,Fork,6.7
hu3|2026-07-09|night,hu3,23:00,4,handling,Cylinder,3.5
hu3|2026-07-09|night,hu3,23:00,4,pneumatic,Valve on Web,1.4
hu3|2026-07-09|night,hu3,23:00,4,manual,Manual,3.4
hu3|2026-07-09|night,hu3,23:00,4,unattributed,Other,0.3
hu3|2026-07-09|night,hu3,00:00,5,handling,Fork,4.0
hu3|2026-07-09|night,hu3,00:00,5,handling,Gripper,2.4
hu3|2026-07-09|night,hu3,00:00,5,pneumatic,Air Pressure,2.4
hu3|2026-07-09|night,hu3,00:00,5,pneumatic,Valve on Web,0.7
hu3|2026-07-09|night,hu3,00:00,5,manual,Manual,5.0
hu3|2026-07-09|night,hu3,00:00,5,unattributed,Other,8.3
hu3|2026-07-09|night,hu3,01:00,6,web,End of Reel,7.6
hu3|2026-07-09|night,hu3,01:00,6,handling,Gripper,0.8
hu3|2026-07-09|night,hu3,01:00,6,unattributed,Other,13.2
hu3|2026-07-09|night,hu3,02:00,7,web,Splice,10.1
hu3|2026-07-09|night,hu3,02:00,7,handling,Gripper,1.8
hu3|2026-07-09|night,hu3,02:00,7,handling,Fork,1.9
hu3|2026-07-09|night,hu3,02:00,7,unattributed,Other,31.4
hu3|2026-07-09|night,hu3,03:00,8,sealing,Printer,4.0
hu3|2026-07-09|night,hu3,03:00,8,handling,Fork,1.0
hu3|2026-07-09|night,hu3,03:00,8,pneumatic,Cooling,0.4
hu3|2026-07-09|night,hu3,03:00,8,unattributed,Other,2.8
hu3|2026-07-09|night,hu3,04:00,9,web,End of Reel,10.0
hu3|2026-07-09|night,hu3,04:00,9,handling,Fork,2.1
hu3|2026-07-09|night,hu3,05:00,10,handling,Gripper,2.3
hu3|2026-07-09|night,hu3,05:00,10,handling,Fork,1.5
hu3|2026-07-09|night,hu3,05:00,10,pneumatic,Air Pressure,6.4
hu3|2026-07-09|night,hu3,05:00,10,unattributed,Other,1.5
hu3|2026-07-09|night,hu3,06:00,11,web,Splice,14.8
hu3|2026-07-09|night,hu3,06:00,11,web,Web Torn,9.8
hu3|2026-07-09|night,hu3,06:00,11,handling,Gripper,0.8
hu3|2026-07-09|night,hu3,06:00,11,manual,Manual,7.2
hu3|2026-07-09|night,hu3,06:00,11,unattributed,Other,1.4
hu3|2026-07-10|day,hu3,07:00,0,web,End of Reel,3.7
hu3|2026-07-10|day,hu3,07:00,0,handling,Gripper,0.7
hu3|2026-07-10|day,hu3,07:00,0,unattributed,Other,1.3
hu3|2026-07-10|day,hu3,08:00,1,web,End of Reel,1.7
hu3|2026-07-10|day,hu3,08:00,1,handling,Gripper,2.7
hu3|2026-07-10|day,hu3,08:00,1,pneumatic,Air Pressure,40.9
hu3|2026-07-10|day,hu3,08:00,1,manual,Manual,0.9
hu3|2026-07-10|day,hu3,08:00,1,unattributed,Other,0.3
hu3|2026-07-10|day,hu3,09:00,2,web,End of Reel,8.8
hu3|2026-07-10|day,hu3,09:00,2,web,Web Torn,1.4
hu3|2026-07-10|day,hu3,09:00,2,pneumatic,Air Pressure,1.2
hu3|2026-07-10|day,hu3,09:00,2,manual,Manual,4.1
hu3|2026-07-10|day,hu3,09:00,2,unattributed,Other,5.4
hu3|2026-07-10|day,hu3,10:00,3,web,Splice,2.0
hu3|2026-07-10|day,hu3,10:00,3,handling,Gripper,3.2
hu3|2026-07-10|day,hu3,10:00,3,unattributed,Other,1.4
hu3|2026-07-10|day,hu3,11:00,4,web,End of Reel,4.5
hu3|2026-07-10|day,hu3,11:00,4,handling,Gripper,3.4
hu3|2026-07-10|day,hu3,11:00,4,pneumatic,Valve on Web,0.5
hu3|2026-07-10|day,hu3,11:00,4,unattributed,Other,4.3
hu3|2026-07-10|day,hu3,12:00,5,web,Splice,1.7
hu3|2026-07-10|day,hu3,12:00,5,sealing,Sealing Head,2.0
hu3|2026-07-10|day,hu3,12:00,5,handling,Gripper,3.2
hu3|2026-07-10|day,hu3,12:00,5,pneumatic,Air Pressure,3.2
hu3|2026-07-10|day,hu3,12:00,5,manual,Manual,3.8
hu3|2026-07-10|day,hu3,12:00,5,unattributed,Other,3.1
hu3|2026-07-10|day,hu3,13:00,6,web,Web Torn,8.7
hu3|2026-07-10|day,hu3,13:00,6,sealing,Sealing Head,5.0
hu3|2026-07-10|day,hu3,13:00,6,sealing,Printer,4.0
hu3|2026-07-10|day,hu3,13:00,6,handling,Gripper,2.2
hu3|2026-07-10|day,hu3,13:00,6,handling,Fork,0.3
hu3|2026-07-10|day,hu3,13:00,6,unattributed,Other,1.3
hu3|2026-07-10|day,hu3,14:00,7,web,End of Reel,6.8
hu3|2026-07-10|day,hu3,14:00,7,handling,Fork,0.5
hu3|2026-07-10|day,hu3,14:00,7,handling,Gripper,1.1
hu3|2026-07-10|day,hu3,14:00,7,handling,Cylinder,3.4
hu3|2026-07-10|day,hu3,14:00,7,pneumatic,Valve on Web,0.4
hu3|2026-07-10|day,hu3,14:00,7,unattributed,Other,0.8
hu3|2026-07-10|day,hu3,15:00,8,web,End of Reel,9.5
hu3|2026-07-10|day,hu3,15:00,8,handling,Gripper,4.8
hu3|2026-07-10|day,hu3,16:00,9,web,End of Reel,0.4
hu3|2026-07-10|day,hu3,16:00,9,sealing,Knife,1.8
hu3|2026-07-10|day,hu3,16:00,9,sealing,Sealing Head,14.6
hu3|2026-07-10|day,hu3,16:00,9,handling,Piston,14.0
hu3|2026-07-10|day,hu3,16:00,9,handling,Gripper,1.2
hu3|2026-07-10|day,hu3,16:00,9,pneumatic,Valve on Web,0.7
hu3|2026-07-10|day,hu3,16:00,9,pneumatic,Air Pressure,3.8
hu3|2026-07-10|day,hu3,16:00,9,manual,Manual,0.8
hu3|2026-07-10|day,hu3,16:00,9,unattributed,Other,5.1
hu3|2026-07-10|day,hu3,17:00,10,web,Splice,1.4
hu3|2026-07-10|day,hu3,17:00,10,web,Web Torn,4.4
hu3|2026-07-10|day,hu3,17:00,10,handling,Gripper,1.8
hu3|2026-07-10|day,hu3,17:00,10,pneumatic,Air Pressure,11.3
hu3|2026-07-10|day,hu3,17:00,10,manual,Manual,0.3
hu3|2026-07-10|day,hu3,17:00,10,unattributed,Other,1.3
hu3|2026-07-10|day,hu3,18:00,11,handling,Gripper,0.9
hu3|2026-07-10|day,hu3,18:00,11,pneumatic,Valve on Web,9.7
hu3|2026-07-10|day,hu3,18:00,11,unattributed,Other,18.4
hu3|2026-07-10|night,hu3,19:00,0,handling,Gripper,11.3
hu3|2026-07-10|night,hu3,19:00,0,pneumatic,Valve on Web,18.8
hu3|2026-07-10|night,hu3,19:00,0,manual,Manual,5.8
hu3|2026-07-10|night,hu3,20:00,1,web,Splice,5.4
hu3|2026-07-10|night,hu3,20:00,1,handling,Gripper,3.9
hu3|2026-07-10|night,hu3,20:00,1,unattributed,Other,2.8
hu3|2026-07-10|night,hu3,21:00,2,web,End of Reel,9.6
hu3|2026-07-10|night,hu3,21:00,2,handling,Gripper,7.5
hu3|2026-07-10|night,hu3,21:00,2,pneumatic,Valve on Web,0.8
hu3|2026-07-10|night,hu3,21:00,2,unattributed,Other,3.9
hu3|2026-07-10|night,hu3,22:00,3,web,Splice,6.5
hu3|2026-07-10|night,hu3,22:00,3,web,End of Reel,14.0
hu3|2026-07-10|night,hu3,22:00,3,handling,Gripper,2.7
hu3|2026-07-10|night,hu3,22:00,3,manual,Manual,12.3
hu3|2026-07-10|night,hu3,23:00,4,web,End of Reel,16.7
hu3|2026-07-10|night,hu3,23:00,4,pneumatic,Valve on Web,1.4
hu3|2026-07-10|night,hu3,23:00,4,unattributed,Other,8.7
hu3|2026-07-10|night,hu3,00:00,5,web,Splice,2.9
hu3|2026-07-10|night,hu3,00:00,5,sealing,Sealing Head,2.0
hu3|2026-07-10|night,hu3,00:00,5,unattributed,Other,19.4
hu3|2026-07-10|night,hu3,01:00,6,web,Splice,13.2
hu3|2026-07-10|night,hu3,01:00,6,web,Web Torn,6.3
hu3|2026-07-10|night,hu3,01:00,6,handling,Gripper,1.2
hu3|2026-07-10|night,hu3,01:00,6,manual,Manual,0.4
hu3|2026-07-10|night,hu3,01:00,6,unattributed,Other,16.1
hu3|2026-07-10|night,hu3,02:00,7,handling,Fork,1.8
hu3|2026-07-10|night,hu3,02:00,7,manual,Manual,11.5
hu3|2026-07-10|night,hu3,02:00,7,unattributed,Other,16.6
hu3|2026-07-10|night,hu3,03:00,8,web,Splice,3.0
hu3|2026-07-10|night,hu3,03:00,8,web,Web Torn,9.0
hu3|2026-07-10|night,hu3,03:00,8,handling,Fork,3.0
hu3|2026-07-10|night,hu3,03:00,8,unattributed,Other,5.8
hu3|2026-07-10|night,hu3,04:00,9,handling,Gripper,4.0
hu3|2026-07-10|night,hu3,04:00,9,unattributed,Other,4.5
hu3|2026-07-10|night,hu3,05:00,10,web,Splice,6.2
hu3|2026-07-10|night,hu3,05:00,10,web,End of Reel,9.8
hu3|2026-07-10|night,hu3,05:00,10,manual,Manual,4.0
hu3|2026-07-10|night,hu3,05:00,10,unattributed,Other,1.6
hu3|2026-07-10|night,hu3,06:00,11,handling,Gripper,0.7
hu3|2026-07-10|night,hu3,06:00,11,pneumatic,Air Pressure,22.9
hu3|2026-07-10|night,hu3,06:00,11,unattributed,Other,8.5
hu3|2026-07-11|day,hu3,07:00,0,web,End of Reel,6.8
hu3|2026-07-11|day,hu3,07:00,0,web,Splice,1.8
hu3|2026-07-11|day,hu3,07:00,0,handling,Fork,3.2
hu3|2026-07-11|day,hu3,07:00,0,handling,Gripper,1.1
hu3|2026-07-11|day,hu3,07:00,0,unattributed,Other,1.2
hu3|2026-07-11|day,hu3,08:00,1,web,Splice,0.2
hu3|2026-07-11|day,hu3,08:00,1,web,End of Reel,4.4
hu3|2026-07-11|day,hu3,08:00,1,handling,Gripper,1.8
hu3|2026-07-11|day,hu3,08:00,1,unattributed,Other,5.0
hu3|2026-07-11|day,hu3,09:00,2,web,End of Reel,7.1
hu3|2026-07-11|day,hu3,09:00,2,web,Splice,1.2
hu3|2026-07-11|day,hu3,09:00,2,handling,Gripper,0.9
hu3|2026-07-11|day,hu3,09:00,2,handling,Fork,1.9
hu3|2026-07-11|day,hu3,09:00,2,handling,Cylinder,1.9
hu3|2026-07-11|day,hu3,09:00,2,unattributed,Other,5.0
hu3|2026-07-11|day,hu3,10:00,3,pneumatic,Valve on Web,5.7
hu3|2026-07-11|day,hu3,10:00,3,unattributed,Other,2.7
hu3|2026-07-11|day,hu3,11:00,4,web,Splice,3.2
hu3|2026-07-11|day,hu3,11:00,4,web,End of Reel,3.7
hu3|2026-07-11|day,hu3,11:00,4,handling,Gripper,1.8
hu3|2026-07-11|day,hu3,11:00,4,handling,Fork,3.6
hu3|2026-07-11|day,hu3,11:00,4,unattributed,Other,2.8
hu3|2026-07-11|day,hu3,12:00,5,web,End of Reel,13.9
hu3|2026-07-11|day,hu3,13:00,6,web,End of Reel,4.2
hu3|2026-07-11|day,hu3,13:00,6,web,Splice,2.0
hu3|2026-07-11|day,hu3,13:00,6,handling,Gripper,1.6
hu3|2026-07-11|day,hu3,13:00,6,unattributed,Other,8.2
hu3|2026-07-11|day,hu3,14:00,7,web,End of Reel,1.1
hu3|2026-07-11|day,hu3,14:00,7,handling,Fork,1.3
hu3|2026-07-11|day,hu3,14:00,7,handling,Gripper,2.8
hu3|2026-07-11|day,hu3,14:00,7,pneumatic,Valve on Web,1.5
hu3|2026-07-11|day,hu3,14:00,7,manual,Manual,2.9
hu3|2026-07-11|day,hu3,15:00,8,web,Splice,1.5
hu3|2026-07-11|day,hu3,15:00,8,web,Web Torn,1.8
hu3|2026-07-11|day,hu3,15:00,8,sealing,Sealing Head,1.5
hu3|2026-07-11|day,hu3,15:00,8,handling,Fork,0.7
hu3|2026-07-11|day,hu3,15:00,8,handling,Gripper,0.4
hu3|2026-07-11|day,hu3,15:00,8,pneumatic,Valve on Web,9.6
hu3|2026-07-11|day,hu3,15:00,8,unattributed,Other,1.5
hu3|2026-07-11|day,hu3,16:00,9,web,End of Reel,4.6
hu3|2026-07-11|day,hu3,16:00,9,handling,Gripper,3.4
hu3|2026-07-11|day,hu3,16:00,9,handling,Fork,1.0
hu3|2026-07-11|day,hu3,16:00,9,pneumatic,Valve on Web,0.6
hu3|2026-07-11|day,hu3,16:00,9,pneumatic,Cooling,4.2
hu3|2026-07-11|day,hu3,16:00,9,unattributed,Other,4.7
hu3|2026-07-11|day,hu3,17:00,10,web,End of Reel,9.8
hu3|2026-07-11|day,hu3,17:00,10,sealing,Printer,0.4
hu3|2026-07-11|day,hu3,17:00,10,handling,Gripper,2.3
hu3|2026-07-11|day,hu3,17:00,10,handling,Fork,3.3
hu3|2026-07-11|day,hu3,17:00,10,manual,Manual,4.8
hu3|2026-07-11|day,hu3,17:00,10,unattributed,Other,7.4
hu3|2026-07-11|day,hu3,18:00,11,web,End of Reel,21.5
hu3|2026-07-11|day,hu3,18:00,11,sealing,Printer,1.4
hu3|2026-07-11|day,hu3,18:00,11,unattributed,Other,3.8
hu3|2026-07-11|night,hu3,19:00,0,web,End of Reel,4.7
hu3|2026-07-11|night,hu3,19:00,0,sealing,Sealing Head,2.6
hu3|2026-07-11|night,hu3,19:00,0,handling,Gripper,0.3
hu3|2026-07-11|night,hu3,19:00,0,pneumatic,Valve on Web,0.4
hu3|2026-07-11|night,hu3,19:00,0,manual,Manual,0.3
hu3|2026-07-11|night,hu3,19:00,0,unattributed,Other,19.7
hu3|2026-07-11|night,hu3,20:00,1,web,Splice,3.6
hu3|2026-07-11|night,hu3,20:00,1,web,Web Torn,0.5
hu3|2026-07-11|night,hu3,20:00,1,sealing,Sealing Head,7.3
hu3|2026-07-11|night,hu3,20:00,1,handling,Gripper,1.2
hu3|2026-07-11|night,hu3,20:00,1,pneumatic,Valve on Web,0.7
hu3|2026-07-11|night,hu3,20:00,1,manual,Manual,0.4
hu3|2026-07-11|night,hu3,20:00,1,unattributed,Other,3.5
hu3|2026-07-11|night,hu3,21:00,2,handling,Gripper,7.5
hu3|2026-07-11|night,hu3,21:00,2,handling,Fork,0.3
hu3|2026-07-11|night,hu3,21:00,2,unattributed,Other,5.6
hu3|2026-07-11|night,hu3,22:00,3,web,Splice,5.7
hu3|2026-07-11|night,hu3,22:00,3,web,End of Reel,0.3
hu3|2026-07-11|night,hu3,22:00,3,web,Web Torn,1.9
hu3|2026-07-11|night,hu3,22:00,3,handling,Gripper,2.3
hu3|2026-07-11|night,hu3,22:00,3,unattributed,Other,1.9
hu3|2026-07-11|night,hu3,23:00,4,web,End of Reel,2.9
hu3|2026-07-11|night,hu3,23:00,4,web,Splice,1.4
hu3|2026-07-11|night,hu3,23:00,4,sealing,Knife,1.3
hu3|2026-07-11|night,hu3,23:00,4,handling,Gripper,1.4
hu3|2026-07-11|night,hu3,23:00,4,pneumatic,Valve on Web,0.3
hu3|2026-07-11|night,hu3,23:00,4,manual,Manual,1.0
hu3|2026-07-11|night,hu3,23:00,4,unattributed,Other,10.1
hu3|2026-07-11|night,hu3,00:00,5,web,Splice,0.0
hu3|2026-07-11|night,hu3,00:00,5,web,End of Reel,21.3
hu3|2026-07-11|night,hu3,00:00,5,handling,Gripper,3.8
hu3|2026-07-11|night,hu3,00:00,5,unattributed,Other,13.5
hu3|2026-07-11|night,hu3,01:00,6,web,Splice,0.3
hu3|2026-07-11|night,hu3,01:00,6,sealing,Knife,1.9
hu3|2026-07-11|night,hu3,01:00,6,pneumatic,Other,23.6
hu3|2026-07-11|night,hu3,01:00,6,pneumatic,Valve on Web,0.4
hu3|2026-07-11|night,hu3,01:00,6,manual,Manual,1.0
hu3|2026-07-11|night,hu3,01:00,6,unattributed,Other,8.8
hu3|2026-07-11|night,hu3,02:00,7,web,End of Reel,9.9
hu3|2026-07-11|night,hu3,02:00,7,web,Splice,1.5
hu3|2026-07-11|night,hu3,02:00,7,handling,Gripper,0.4
hu3|2026-07-11|night,hu3,02:00,7,pneumatic,Valve on Web,0.3
hu3|2026-07-11|night,hu3,02:00,7,unattributed,Other,2.6
hu3|2026-07-11|night,hu3,03:00,8,pneumatic,Cooling,0.8
hu3|2026-07-11|night,hu3,03:00,8,unattributed,Other,5.7
hu3|2026-07-11|night,hu3,04:00,9,web,Splice,2.6
hu3|2026-07-11|night,hu3,04:00,9,web,Web Torn,3.2
hu3|2026-07-11|night,hu3,04:00,9,handling,Gripper,4.6
hu3|2026-07-11|night,hu3,04:00,9,pneumatic,Cooling,0.3
hu3|2026-07-11|night,hu3,04:00,9,pneumatic,Valve on Web,0.9
hu3|2026-07-11|night,hu3,04:00,9,unattributed,Other,5.6
hu3|2026-07-11|night,hu3,05:00,10,handling,Gripper,8.1
hu3|2026-07-11|night,hu3,05:00,10,manual,Manual,2.8
hu3|2026-07-11|night,hu3,06:00,11,web,Splice,1.4
hu3|2026-07-11|night,hu3,06:00,11,handling,Fork,1.1
hu3|2026-07-11|night,hu3,06:00,11,pneumatic,Valve on Web,1.0
hu3|2026-07-11|night,hu3,06:00,11,manual,Manual,15.2
hu3|2026-07-11|night,hu3,06:00,11,unattributed,Other,5.8
hu3|2026-07-12|day,hu3,07:00,0,web,End of Reel,12.9
hu3|2026-07-12|day,hu3,07:00,0,handling,Gripper,2.4
hu3|2026-07-12|day,hu3,07:00,0,pneumatic,Valve on Web,3.0
hu3|2026-07-12|day,hu3,07:00,0,unattributed,Other,2.2
hu3|2026-07-12|day,hu3,08:00,1,sealing,Sealing Head,10.1
hu3|2026-07-12|day,hu3,08:00,1,handling,Piston,2.1
hu3|2026-07-12|day,hu3,08:00,1,handling,Gripper,1.1
hu3|2026-07-12|day,hu3,08:00,1,pneumatic,Valve on Web,11.7
hu3|2026-07-12|day,hu3,08:00,1,manual,Manual,2.6
hu3|2026-07-12|day,hu3,08:00,1,unattributed,Other,5.8
hu3|2026-07-12|day,hu3,09:00,2,web,Splice,3.8
hu3|2026-07-12|day,hu3,09:00,2,handling,Cylinder,4.6
hu3|2026-07-12|day,hu3,09:00,2,pneumatic,Valve on Web,11.1
hu3|2026-07-12|day,hu3,09:00,2,manual,Manual,0.8
hu3|2026-07-12|day,hu3,09:00,2,unattributed,Other,18.2
hu3|2026-07-12|day,hu3,10:00,3,pneumatic,Other,1.2
hu3|2026-07-12|day,hu3,10:00,3,pneumatic,Valve on Web,7.1
hu3|2026-07-12|day,hu3,10:00,3,unattributed,Other,10.6
hu3|2026-07-12|day,hu3,11:00,4,web,End of Reel,8.8
hu3|2026-07-12|day,hu3,11:00,4,sealing,Sealing Head,1.1
hu3|2026-07-12|day,hu3,11:00,4,handling,Fork,1.2
hu3|2026-07-12|day,hu3,11:00,4,handling,Gripper,2.1
hu3|2026-07-12|day,hu3,11:00,4,pneumatic,Valve on Web,2.0
hu3|2026-07-12|day,hu3,11:00,4,unattributed,Other,3.5
hu3|2026-07-12|day,hu3,12:00,5,web,End of Reel,4.5
hu3|2026-07-12|day,hu3,12:00,5,handling,Gripper,4.4
hu3|2026-07-12|day,hu3,12:00,5,handling,Piston,0.5
hu3|2026-07-12|day,hu3,12:00,5,pneumatic,Valve on Web,3.2
hu3|2026-07-12|day,hu3,12:00,5,unattributed,Other,4.0
hu3|2026-07-12|day,hu3,13:00,6,web,Web Torn,3.4
hu3|2026-07-12|day,hu3,13:00,6,web,End of Reel,1.3
hu3|2026-07-12|day,hu3,13:00,6,handling,Gripper,6.1
hu3|2026-07-12|day,hu3,13:00,6,pneumatic,Valve on Web,1.0
hu3|2026-07-12|day,hu3,13:00,6,manual,Manual,1.3
hu3|2026-07-12|day,hu3,13:00,6,unattributed,Other,2.0
hu3|2026-07-12|day,hu3,14:00,7,web,End of Reel,14.3
hu3|2026-07-12|day,hu3,14:00,7,handling,Gripper,3.4
hu3|2026-07-12|day,hu3,14:00,7,manual,Manual,7.8
hu3|2026-07-12|day,hu3,14:00,7,unattributed,Other,5.1
hu3|2026-07-12|day,hu3,15:00,8,web,Web Torn,1.1
hu3|2026-07-12|day,hu3,15:00,8,handling,Fork,2.3
hu3|2026-07-12|day,hu3,15:00,8,handling,Gripper,5.5
hu3|2026-07-12|day,hu3,15:00,8,pneumatic,Valve on Web,1.0
hu3|2026-07-12|day,hu3,15:00,8,unattributed,Other,4.9
hu3|2026-07-12|day,hu3,16:00,9,web,End of Reel,7.5
hu3|2026-07-12|day,hu3,16:00,9,web,Splice,1.2
hu3|2026-07-12|day,hu3,16:00,9,handling,Gripper,4.7
hu3|2026-07-12|day,hu3,16:00,9,unattributed,Other,9.2
hu3|2026-07-12|day,hu3,17:00,10,web,End of Reel,4.4
hu3|2026-07-12|day,hu3,17:00,10,handling,Gripper,3.5
hu3|2026-07-12|day,hu3,17:00,10,manual,Manual,6.5
hu3|2026-07-12|day,hu3,17:00,10,unattributed,Other,1.6
hu3|2026-07-12|day,hu3,18:00,11,web,End of Reel,0.6
hu3|2026-07-12|day,hu3,18:00,11,web,Splice,2.0
hu3|2026-07-12|day,hu3,18:00,11,handling,Fork,0.6
hu3|2026-07-12|day,hu3,18:00,11,handling,Gripper,0.9
hu3|2026-07-12|day,hu3,18:00,11,pneumatic,Valve on Web,0.6
hu3|2026-07-12|day,hu3,18:00,11,pneumatic,Air Pressure,19.8
hu3|2026-07-12|day,hu3,18:00,11,unattributed,Other,6.0
hu3|2026-07-12|night,hu3,19:00,0,handling,Gripper,5.6
hu3|2026-07-12|night,hu3,19:00,0,handling,Fork,0.3
hu3|2026-07-12|night,hu3,19:00,0,pneumatic,Valve on Web,0.6
hu3|2026-07-12|night,hu3,19:00,0,pneumatic,Air Pressure,1.0
hu3|2026-07-12|night,hu3,20:00,1,web,End of Reel,5.7
hu3|2026-07-12|night,hu3,20:00,1,web,Splice,0.3
hu3|2026-07-12|night,hu3,20:00,1,handling,Gripper,3.4
hu3|2026-07-12|night,hu3,20:00,1,handling,Fork,0.6
hu3|2026-07-12|night,hu3,20:00,1,manual,Manual,4.8
hu3|2026-07-12|night,hu3,20:00,1,unattributed,Other,8.1
hu3|2026-07-12|night,hu3,21:00,2,web,End of Reel,16.1
hu3|2026-07-12|night,hu3,21:00,2,handling,Fork,0.4
hu3|2026-07-12|night,hu3,21:00,2,handling,Gripper,1.1
hu3|2026-07-12|night,hu3,21:00,2,unattributed,Other,1.6
hu3|2026-07-12|night,hu3,22:00,3,web,Splice,3.1
hu3|2026-07-12|night,hu3,22:00,3,handling,Cylinder,8.3
hu3|2026-07-12|night,hu3,22:00,3,handling,Gripper,0.8
hu3|2026-07-12|night,hu3,22:00,3,pneumatic,Other,1.7
hu3|2026-07-12|night,hu3,22:00,3,pneumatic,Cooling,0.6
hu3|2026-07-12|night,hu3,22:00,3,unattributed,Other,1.7
hu3|2026-07-12|night,hu3,23:00,4,handling,Gripper,5.1
hu3|2026-07-12|night,hu3,23:00,4,handling,Fork,0.8
hu3|2026-07-12|night,hu3,00:00,5,web,Splice,3.7
hu3|2026-07-12|night,hu3,00:00,5,handling,Gripper,2.0
hu3|2026-07-12|night,hu3,00:00,5,pneumatic,Air Pressure,11.3
hu3|2026-07-12|night,hu3,00:00,5,pneumatic,Valve on Web,0.7
hu3|2026-07-12|night,hu3,00:00,5,unattributed,Other,3.2
hu3|2026-07-12|night,hu3,01:00,6,handling,Gripper,0.4
hu3|2026-07-12|night,hu3,01:00,6,handling,Fork,0.5
hu3|2026-07-12|night,hu3,01:00,6,unattributed,Other,13.7
hu3|2026-07-12|night,hu3,02:00,7,web,End of Reel,16.6
hu3|2026-07-12|night,hu3,02:00,7,web,Splice,3.0
hu3|2026-07-12|night,hu3,02:00,7,handling,Gripper,1.1
hu3|2026-07-12|night,hu3,02:00,7,unattributed,Other,1.7
hu3|2026-07-12|night,hu3,03:00,8,web,End of Reel,3.6
hu3|2026-07-12|night,hu3,03:00,8,handling,Gripper,1.1
hu3|2026-07-12|night,hu3,03:00,8,handling,Fork,0.3
hu3|2026-07-12|night,hu3,03:00,8,pneumatic,Valve on Web,0.6
hu3|2026-07-12|night,hu3,03:00,8,pneumatic,Air Pressure,0.9
hu3|2026-07-12|night,hu3,03:00,8,unattributed,Other,3.0
hu3|2026-07-12|night,hu3,04:00,9,web,End of Reel,25.5
hu3|2026-07-12|night,hu3,04:00,9,web,Splice,0.8
hu3|2026-07-12|night,hu3,04:00,9,pneumatic,Valve on Web,0.5
hu3|2026-07-12|night,hu3,04:00,9,pneumatic,Air Pressure,1.1
hu3|2026-07-12|night,hu3,04:00,9,unattributed,Other,2.7
hu3|2026-07-12|night,hu3,05:00,10,handling,Gripper,1.5
hu3|2026-07-12|night,hu3,05:00,10,pneumatic,Air Pressure,3.0
hu3|2026-07-12|night,hu3,05:00,10,manual,Manual,11.3
hu3|2026-07-12|night,hu3,05:00,10,unattributed,Other,1.1
hu3|2026-07-12|night,hu3,06:00,11,web,End of Reel,3.9
hu3|2026-07-12|night,hu3,06:00,11,web,Splice,0.3
hu3|2026-07-12|night,hu3,06:00,11,handling,Gripper,6.3
hu3|2026-07-12|night,hu3,06:00,11,manual,Manual,15.4
hu3|2026-07-13|day,hu3,07:00,0,handling,Gripper,8.4
hu3|2026-07-13|day,hu3,07:00,0,manual,Manual,29.6
hu3|2026-07-13|day,hu3,07:00,0,unattributed,Other,3.3
hu3|2026-07-13|day,hu3,08:00,1,sealing,Sealing Head,18.1
hu3|2026-07-13|day,hu3,08:00,1,handling,Gripper,7.3
hu3|2026-07-13|day,hu3,08:00,1,manual,Manual,4.4
hu3|2026-07-13|day,hu3,08:00,1,unattributed,Other,3.2
hu3|2026-07-13|day,hu3,09:00,2,sealing,Printer,6.4
hu3|2026-07-13|day,hu3,09:00,2,handling,Gripper,33.0
hu3|2026-07-13|day,hu3,09:00,2,pneumatic,Air Pressure,2.5
hu3|2026-07-13|day,hu3,09:00,2,unattributed,Other,4.7
hu3|2026-07-13|day,hu3,10:00,3,handling,Gripper,7.3
hu3|2026-07-13|day,hu3,10:00,3,pneumatic,Valve on Web,0.3
hu3|2026-07-13|day,hu3,10:00,3,manual,Manual,23.5
hu3|2026-07-13|day,hu3,10:00,3,unattributed,Other,12.3
hu3|2026-07-13|day,hu3,11:00,4,web,Splice,11.0
hu3|2026-07-13|day,hu3,11:00,4,sealing,Sealing Head,3.7
hu3|2026-07-13|day,hu3,11:00,4,handling,Gripper,3.9
hu3|2026-07-13|day,hu3,11:00,4,pneumatic,Valve on Web,0.6
hu3|2026-07-13|day,hu3,11:00,4,manual,Manual,7.5
hu3|2026-07-13|day,hu3,11:00,4,unattributed,Other,2.9
hu3|2026-07-13|day,hu3,12:00,5,web,End of Reel,7.7
hu3|2026-07-13|day,hu3,12:00,5,unattributed,Other,15.9
hu3|2026-07-13|day,hu3,13:00,6,handling,Gripper,5.4
hu3|2026-07-13|day,hu3,13:00,6,handling,Fork,6.6
hu3|2026-07-13|day,hu3,13:00,6,manual,Manual,4.5
hu3|2026-07-13|day,hu3,13:00,6,unattributed,Other,20.9
hu3|2026-07-13|day,hu3,14:00,7,unattributed,Other,60.0
hu3|2026-07-13|day,hu3,15:00,8,web,Splice,4.5
hu3|2026-07-13|day,hu3,15:00,8,sealing,Sealing Head,4.9
hu3|2026-07-13|day,hu3,15:00,8,handling,Fork,4.6
hu3|2026-07-13|day,hu3,15:00,8,pneumatic,Air Pressure,0.9
hu3|2026-07-13|day,hu3,15:00,8,unattributed,Other,31.4
hu3|2026-07-13|day,hu3,16:00,9,handling,Gripper,6.8
hu3|2026-07-13|day,hu3,16:00,9,handling,Fork,2.1
hu3|2026-07-13|day,hu3,16:00,9,unattributed,Other,27.4
hu3|2026-07-13|day,hu3,17:00,10,sealing,Knife,2.8
hu3|2026-07-13|day,hu3,17:00,10,handling,Fork,21.3
hu3|2026-07-13|day,hu3,17:00,10,handling,Gripper,1.0
hu3|2026-07-13|day,hu3,17:00,10,pneumatic,Valve on Web,1.5
hu3|2026-07-13|day,hu3,17:00,10,unattributed,Other,2.1
hu3|2026-07-13|day,hu3,18:00,11,sealing,Knife,2.1
hu3|2026-07-13|day,hu3,18:00,11,handling,Gripper,2.0
hu3|2026-07-13|day,hu3,18:00,11,unattributed,Other,38.4
hu3|2026-07-13|night,hu3,19:00,0,web,End of Reel,9.1
hu3|2026-07-13|night,hu3,19:00,0,web,Web Torn,4.5
hu3|2026-07-13|night,hu3,19:00,0,sealing,Sealing Head,5.1
hu3|2026-07-13|night,hu3,19:00,0,handling,Gripper,2.2
hu3|2026-07-13|night,hu3,19:00,0,handling,Fork,0.6
hu3|2026-07-13|night,hu3,19:00,0,unattributed,Other,7.6
hu3|2026-07-13|night,hu3,20:00,1,sealing,Knife,5.6
hu3|2026-07-13|night,hu3,20:00,1,handling,Fork,0.3
hu3|2026-07-13|night,hu3,20:00,1,handling,Gripper,3.8
hu3|2026-07-13|night,hu3,21:00,2,web,End of Reel,5.7
hu3|2026-07-13|night,hu3,21:00,2,web,Splice,2.9
hu3|2026-07-13|night,hu3,21:00,2,sealing,Sealing Head,4.8
hu3|2026-07-13|night,hu3,21:00,2,handling,Gripper,7.1
hu3|2026-07-13|night,hu3,21:00,2,unattributed,Other,0.9
hu3|2026-07-13|night,hu3,22:00,3,web,End of Reel,5.6
hu3|2026-07-13|night,hu3,22:00,3,sealing,Sealing Head,6.9
hu3|2026-07-13|night,hu3,22:00,3,handling,Fork,0.3
hu3|2026-07-13|night,hu3,22:00,3,handling,Gripper,2.2
hu3|2026-07-13|night,hu3,22:00,3,pneumatic,Valve on Web,0.5
hu3|2026-07-13|night,hu3,22:00,3,manual,Manual,1.5
hu3|2026-07-13|night,hu3,22:00,3,unattributed,Other,5.8
hu3|2026-07-13|night,hu3,23:00,4,web,End of Reel,6.1
hu3|2026-07-13|night,hu3,23:00,4,handling,Fork,9.0
hu3|2026-07-13|night,hu3,23:00,4,pneumatic,Valve on Web,0.8
hu3|2026-07-13|night,hu3,23:00,4,manual,Manual,1.9
hu3|2026-07-13|night,hu3,23:00,4,unattributed,Other,3.3
hu3|2026-07-13|night,hu3,00:00,5,handling,Fork,6.6
hu3|2026-07-13|night,hu3,00:00,5,handling,Gripper,2.2
hu3|2026-07-13|night,hu3,00:00,5,unattributed,Other,6.3
hu3|2026-07-13|night,hu3,01:00,6,web,Splice,3.7
hu3|2026-07-13|night,hu3,01:00,6,sealing,Sealing Head,1.6
hu3|2026-07-13|night,hu3,01:00,6,handling,Fork,5.8
hu3|2026-07-13|night,hu3,01:00,6,handling,Gripper,2.6
hu3|2026-07-13|night,hu3,01:00,6,handling,Cylinder,0.6
hu3|2026-07-13|night,hu3,01:00,6,manual,Manual,0.3
hu3|2026-07-13|night,hu3,01:00,6,unattributed,Other,11.9
hu3|2026-07-13|night,hu3,02:00,7,web,Web Torn,3.4
hu3|2026-07-13|night,hu3,02:00,7,web,Splice,0.3
hu3|2026-07-13|night,hu3,02:00,7,handling,Fork,5.1
hu3|2026-07-13|night,hu3,02:00,7,handling,Gripper,5.7
hu3|2026-07-13|night,hu3,02:00,7,unattributed,Other,3.0
hu3|2026-07-13|night,hu3,03:00,8,web,End of Reel,3.8
hu3|2026-07-13|night,hu3,03:00,8,sealing,Sealing Head,2.5
hu3|2026-07-13|night,hu3,03:00,8,handling,Gripper,4.5
hu3|2026-07-13|night,hu3,03:00,8,handling,Fork,1.3
hu3|2026-07-13|night,hu3,03:00,8,pneumatic,Air Pressure,6.4
hu3|2026-07-13|night,hu3,03:00,8,unattributed,Other,5.6
hu3|2026-07-13|night,hu3,04:00,9,web,End of Reel,45.1
hu3|2026-07-13|night,hu3,04:00,9,handling,Gripper,1.9
hu3|2026-07-13|night,hu3,04:00,9,manual,Manual,0.6
hu3|2026-07-13|night,hu3,04:00,9,unattributed,Other,5.9
hu3|2026-07-13|night,hu3,05:00,10,web,End of Reel,3.2
hu3|2026-07-13|night,hu3,05:00,10,web,Web Torn,5.5
hu3|2026-07-13|night,hu3,05:00,10,web,Splice,0.3
hu3|2026-07-13|night,hu3,05:00,10,handling,Fork,16.1
hu3|2026-07-13|night,hu3,05:00,10,pneumatic,Air Pressure,1.5
hu3|2026-07-13|night,hu3,05:00,10,manual,Manual,6.9
hu3|2026-07-13|night,hu3,05:00,10,unattributed,Other,20.3
hu3|2026-07-13|night,hu3,06:00,11,pneumatic,Air Pressure,60.0
hu3|2026-07-14|day,hu3,07:00,0,handling,Fork,0.7
hu3|2026-07-14|day,hu3,07:00,0,pneumatic,Air Pressure,26.1
hu3|2026-07-14|day,hu3,07:00,0,manual,Manual,8.7
hu3|2026-07-14|day,hu3,07:00,0,unattributed,Other,16.7
hu3|2026-07-14|day,hu3,08:00,1,manual,Manual,51.2
hu3|2026-07-14|day,hu3,08:00,1,unattributed,Other,3.8
hu3|2026-07-14|day,hu3,09:00,2,web,Web Torn,5.2
hu3|2026-07-14|day,hu3,09:00,2,handling,Gripper,10.2
hu3|2026-07-14|day,hu3,09:00,2,handling,Fork,9.9
hu3|2026-07-14|day,hu3,09:00,2,manual,Manual,15.0
hu3|2026-07-14|day,hu3,09:00,2,unattributed,Other,0.3
hu3|2026-07-14|day,hu3,10:00,3,web,End of Reel,8.9
hu3|2026-07-14|day,hu3,10:00,3,handling,Fork,9.7
hu3|2026-07-14|day,hu3,10:00,3,unattributed,Other,2.1
hu3|2026-07-14|day,hu3,11:00,4,handling,Gripper,21.5
hu3|2026-07-14|day,hu3,11:00,4,unattributed,Other,5.0
hu3|2026-07-14|day,hu3,12:00,5,handling,Gripper,10.1
hu3|2026-07-14|day,hu3,12:00,5,pneumatic,Cooling,9.5
hu3|2026-07-14|day,hu3,12:00,5,pneumatic,Air Pressure,22.2
hu3|2026-07-14|day,hu3,13:00,6,pneumatic,Air Pressure,60.0
hu3|2026-07-14|day,hu3,14:00,7,web,End of Reel,6.1
hu3|2026-07-14|day,hu3,14:00,7,web,Other,3.9
hu3|2026-07-14|day,hu3,14:00,7,handling,Gripper,12.4
hu3|2026-07-14|day,hu3,14:00,7,pneumatic,Air Pressure,4.9
hu3|2026-07-14|day,hu3,14:00,7,manual,Manual,3.3
hu3|2026-07-14|day,hu3,14:00,7,unattributed,Other,0.5
hu3|2026-07-14|day,hu3,15:00,8,web,Other,51.8
hu3|2026-07-14|day,hu3,15:00,8,handling,Fork,1.3
hu3|2026-07-14|day,hu3,15:00,8,unattributed,Other,1.1
hu3|2026-07-14|day,hu3,16:00,9,web,Other,33.5
hu3|2026-07-14|day,hu3,16:00,9,manual,Manual,23.1
hu3|2026-07-14|day,hu3,17:00,10,sealing,Other,18.7
hu3|2026-07-14|day,hu3,17:00,10,manual,Manual,36.3
hu3|2026-07-14|day,hu3,18:00,11,web,End of Reel,7.6
hu3|2026-07-14|day,hu3,18:00,11,handling,Gripper,0.9
hu3|2026-07-14|day,hu3,18:00,11,manual,Manual,32.9
hu3|2026-07-14|day,hu3,18:00,11,unattributed,Other,2.0
hu3|2026-07-14|night,hu3,19:00,0,manual,Manual,60.0
hu3|2026-07-14|night,hu3,20:00,1,manual,Manual,60.0
hu3|2026-07-14|night,hu3,21:00,2,manual,Manual,60.0
hu3|2026-07-14|night,hu3,22:00,3,manual,Manual,60.0
hu3|2026-07-14|night,hu3,23:00,4,manual,Manual,60.0
hu3|2026-07-14|night,hu3,00:00,5,manual,Manual,60.0
hu3|2026-07-14|night,hu3,01:00,6,web,Web Torn,4.5
hu3|2026-07-14|night,hu3,01:00,6,web,Splice,0.3
hu3|2026-07-14|night,hu3,01:00,6,sealing,Knife,2.8
hu3|2026-07-14|night,hu3,01:00,6,pneumatic,Air Pressure,1.7
hu3|2026-07-14|night,hu3,01:00,6,manual,Manual,16.4
hu3|2026-07-14|night,hu3,01:00,6,unattributed,Other,11.1
hu3|2026-07-14|night,hu3,02:00,7,web,End of Reel,2.0
hu3|2026-07-14|night,hu3,02:00,7,sealing,Knife,2.6
hu3|2026-07-14|night,hu3,02:00,7,sealing,Printer,23.2
hu3|2026-07-14|night,hu3,02:00,7,handling,Gripper,1.4
hu3|2026-07-14|night,hu3,02:00,7,manual,Manual,1.2
hu3|2026-07-14|night,hu3,02:00,7,unattributed,Other,1.5
hu3|2026-07-14|night,hu3,03:00,8,sealing,Knife,0.9
hu3|2026-07-14|night,hu3,03:00,8,handling,Gripper,1.4
hu3|2026-07-14|night,hu3,03:00,8,handling,Fork,17.5
hu3|2026-07-14|night,hu3,03:00,8,pneumatic,Valve on Web,1.7
hu3|2026-07-14|night,hu3,03:00,8,unattributed,Other,5.6
hu3|2026-07-14|night,hu3,04:00,9,web,Splice,10.3
hu3|2026-07-14|night,hu3,04:00,9,sealing,Knife,41.2
hu3|2026-07-14|night,hu3,04:00,9,unattributed,Other,3.8
hu3|2026-07-14|night,hu3,05:00,10,sealing,Knife,24.3
hu3|2026-07-14|night,hu3,05:00,10,unattributed,Other,34.9
hu3|2026-07-14|night,hu3,06:00,11,unattributed,Other,59.4
ngp2|2026-05-29|day,ngp2,07:00,0,hydration,PMK / Media,1.4
ngp2|2026-05-29|day,ngp2,07:00,0,hydration,Catheter Reject,14.7
ngp2|2026-05-29|day,ngp2,07:00,0,foil,Detection Fault,2.3
ngp2|2026-05-29|day,ngp2,07:00,0,foil,Sealing Lane,0.8
ngp2|2026-05-29|day,ngp2,07:00,0,schubert,Line Stop / Wait,0.8
ngp2|2026-05-29|day,ngp2,07:00,0,manual,Manual,22.1
ngp2|2026-05-29|day,ngp2,08:00,1,hydration,Catheter Reject,22.8
ngp2|2026-05-29|day,ngp2,08:00,1,hydration,Gripper,2.2
ngp2|2026-05-29|day,ngp2,08:00,1,hydration,Limit Switch,4.1
ngp2|2026-05-29|day,ngp2,08:00,1,foil,Detection Fault,8.2
ngp2|2026-05-29|day,ngp2,08:00,1,foil,Sealing Lane,2.2
ngp2|2026-05-29|day,ngp2,08:00,1,foil,Printer,5.7
ngp2|2026-05-29|day,ngp2,08:00,1,unattributed,Other,0.7
ngp2|2026-05-29|day,ngp2,09:00,2,hydration,Limit Switch,7.8
ngp2|2026-05-29|day,ngp2,09:00,2,foil,Detection Fault,3.7
ngp2|2026-05-29|day,ngp2,09:00,2,foil,Sealing Lane,4.4
ngp2|2026-05-29|day,ngp2,09:00,2,foil,Printer,37.6
ngp2|2026-05-29|day,ngp2,10:00,3,hydration,PMK / Media,5.6
ngp2|2026-05-29|day,ngp2,10:00,3,foil,Printer,22.8
ngp2|2026-05-29|day,ngp2,10:00,3,foil,Detection Fault,12.1
ngp2|2026-05-29|day,ngp2,10:00,3,foil,Other,8.9
ngp2|2026-05-29|day,ngp2,11:00,4,hydration,Cap,2.2
ngp2|2026-05-29|day,ngp2,11:00,4,hydration,Timing,6.2
ngp2|2026-05-29|day,ngp2,11:00,4,foil,Sealing Lane,1.8
ngp2|2026-05-29|day,ngp2,11:00,4,foil,Other,13.3
ngp2|2026-05-29|day,ngp2,12:00,5,hydration,Timing,18.5
ngp2|2026-05-29|day,ngp2,12:00,5,hydration,Limit Switch,1.0
ngp2|2026-05-29|day,ngp2,12:00,5,foil,Sealing Lane,1.3
ngp2|2026-05-29|day,ngp2,12:00,5,foil,Detection Fault,1.2
ngp2|2026-05-29|day,ngp2,12:00,5,schubert,Line Stop / Wait,3.4
ngp2|2026-05-29|day,ngp2,13:00,6,hydration,Other,10.2
ngp2|2026-05-29|day,ngp2,13:00,6,hydration,Timing,2.1
ngp2|2026-05-29|day,ngp2,13:00,6,hydration,Catheter Reject,1.7
ngp2|2026-05-29|day,ngp2,13:00,6,hydration,Limit Switch,12.9
ngp2|2026-05-29|day,ngp2,13:00,6,foil,Labeler,6.9
ngp2|2026-05-29|day,ngp2,13:00,6,foil,Sealing Lane,1.1
ngp2|2026-05-29|day,ngp2,14:00,7,hydration,Limit Switch,5.0
ngp2|2026-05-29|day,ngp2,14:00,7,hydration,Other,1.4
ngp2|2026-05-29|day,ngp2,14:00,7,hydration,Timing,13.4
ngp2|2026-05-29|day,ngp2,14:00,7,foil,Sealing Lane,10.0
ngp2|2026-05-29|day,ngp2,14:00,7,foil,Other,0.9
ngp2|2026-05-29|day,ngp2,14:00,7,foil,Detection Fault,1.2
ngp2|2026-05-29|day,ngp2,14:00,7,schubert,Line Stop / Wait,2.1
ngp2|2026-05-29|day,ngp2,15:00,8,hydration,Limit Switch,1.9
ngp2|2026-05-29|day,ngp2,15:00,8,hydration,Cap,2.2
ngp2|2026-05-29|day,ngp2,15:00,8,hydration,Gripper,1.7
ngp2|2026-05-29|day,ngp2,15:00,8,foil,Printer,10.1
ngp2|2026-05-29|day,ngp2,15:00,8,foil,Detection Fault,1.3
ngp2|2026-05-29|day,ngp2,15:00,8,foil,Sealing Lane,0.9
ngp2|2026-05-29|day,ngp2,15:00,8,schubert,Line Stop / Wait,2.4
ngp2|2026-05-29|day,ngp2,15:00,8,unattributed,Other,0.8
ngp2|2026-05-29|day,ngp2,16:00,9,hydration,Cap,3.2
ngp2|2026-05-29|day,ngp2,16:00,9,foil,Sealing Lane,0.9
ngp2|2026-05-29|day,ngp2,16:00,9,foil,Other,4.4
ngp2|2026-05-29|day,ngp2,16:00,9,schubert,Line Stop / Wait,28.3
ngp2|2026-05-29|day,ngp2,16:00,9,unattributed,Other,5.3
ngp2|2026-05-29|day,ngp2,17:00,10,hydration,Limit Switch,15.2
ngp2|2026-05-29|day,ngp2,17:00,10,hydration,Other,2.2
ngp2|2026-05-29|day,ngp2,17:00,10,hydration,Catheter Reject,1.5
ngp2|2026-05-29|day,ngp2,17:00,10,hydration,Cap,2.3
ngp2|2026-05-29|day,ngp2,17:00,10,foil,Detection Fault,0.9
ngp2|2026-05-29|day,ngp2,17:00,10,foil,Positioning,1.1
ngp2|2026-05-29|day,ngp2,17:00,10,schubert,Line Stop / Wait,0.5
ngp2|2026-05-29|day,ngp2,18:00,11,hydration,Limit Switch,13.7
ngp2|2026-05-29|day,ngp2,18:00,11,hydration,Other,1.3
ngp2|2026-05-29|day,ngp2,18:00,11,hydration,Gripper,1.3
ngp2|2026-05-29|day,ngp2,18:00,11,foil,Detection Fault,6.1
ngp2|2026-05-29|day,ngp2,18:00,11,schubert,Line Stop / Wait,1.3
ngp2|2026-05-29|night,ngp2,19:00,0,hydration,Limit Switch,31.9
ngp2|2026-05-29|night,ngp2,19:00,0,hydration,Other,1.0
ngp2|2026-05-29|night,ngp2,19:00,0,foil,Detection Fault,7.0
ngp2|2026-05-29|night,ngp2,19:00,0,schubert,Line Stop / Wait,2.2
ngp2|2026-05-29|night,ngp2,20:00,1,foil,Detection Fault,4.8
ngp2|2026-05-29|night,ngp2,20:00,1,foil,Other,11.0
ngp2|2026-05-29|night,ngp2,20:00,1,foil,Printer,4.1
ngp2|2026-05-29|night,ngp2,20:00,1,foil,Labeler,9.0
ngp2|2026-05-29|night,ngp2,20:00,1,schubert,Line Stop / Wait,1.8
ngp2|2026-05-29|night,ngp2,21:00,2,hydration,Limit Switch,29.3
ngp2|2026-05-29|night,ngp2,21:00,2,hydration,Other,7.1
ngp2|2026-05-29|night,ngp2,21:00,2,foil,Printer,9.0
ngp2|2026-05-29|night,ngp2,21:00,2,unattributed,Other,1.3
ngp2|2026-05-29|night,ngp2,22:00,3,hydration,Limit Switch,16.8
ngp2|2026-05-29|night,ngp2,22:00,3,hydration,Cap,6.2
ngp2|2026-05-29|night,ngp2,22:00,3,foil,Detection Fault,4.1
ngp2|2026-05-29|night,ngp2,22:00,3,foil,Positioning,1.1
ngp2|2026-05-29|night,ngp2,22:00,3,foil,Sealing Lane,1.6
ngp2|2026-05-29|night,ngp2,22:00,3,schubert,Line Stop / Wait,4.0
ngp2|2026-05-29|night,ngp2,22:00,3,unattributed,Other,1.9
ngp2|2026-05-29|night,ngp2,23:00,4,hydration,Cap,2.1
ngp2|2026-05-29|night,ngp2,23:00,4,hydration,Limit Switch,5.9
ngp2|2026-05-29|night,ngp2,23:00,4,hydration,Catheter Reject,1.6
ngp2|2026-05-29|night,ngp2,23:00,4,hydration,Other,7.2
ngp2|2026-05-29|night,ngp2,23:00,4,foil,Sealing Lane,5.6
ngp2|2026-05-29|night,ngp2,23:00,4,foil,Printer,4.2
ngp2|2026-05-29|night,ngp2,23:00,4,foil,Detection Fault,1.4
ngp2|2026-05-29|night,ngp2,00:00,5,hydration,Cap,11.6
ngp2|2026-05-29|night,ngp2,00:00,5,hydration,Limit Switch,8.6
ngp2|2026-05-29|night,ngp2,00:00,5,foil,Detection Fault,3.5
ngp2|2026-05-29|night,ngp2,00:00,5,unattributed,Other,1.4
ngp2|2026-05-29|night,ngp2,01:00,6,hydration,Cap,5.1
ngp2|2026-05-29|night,ngp2,01:00,6,hydration,Limit Switch,14.7
ngp2|2026-05-29|night,ngp2,01:00,6,hydration,Catheter Reject,1.0
ngp2|2026-05-29|night,ngp2,01:00,6,foil,Sealing Lane,1.0
ngp2|2026-05-29|night,ngp2,01:00,6,foil,Detection Fault,0.3
ngp2|2026-05-29|night,ngp2,01:00,6,schubert,Line Stop / Wait,3.0
ngp2|2026-05-29|night,ngp2,02:00,7,hydration,Other,5.7
ngp2|2026-05-29|night,ngp2,02:00,7,hydration,Limit Switch,2.3
ngp2|2026-05-29|night,ngp2,02:00,7,hydration,Cap,7.5
ngp2|2026-05-29|night,ngp2,02:00,7,hydration,Catheter Reject,1.6
ngp2|2026-05-29|night,ngp2,02:00,7,foil,Detection Fault,3.5
ngp2|2026-05-29|night,ngp2,02:00,7,foil,Sealing Lane,5.6
ngp2|2026-05-29|night,ngp2,03:00,8,hydration,Cap,6.5
ngp2|2026-05-29|night,ngp2,03:00,8,hydration,Gripper,13.5
ngp2|2026-05-29|night,ngp2,03:00,8,hydration,Other,4.4
ngp2|2026-05-29|night,ngp2,03:00,8,foil,Sealing Lane,3.4
ngp2|2026-05-29|night,ngp2,03:00,8,schubert,Line Stop / Wait,2.6
ngp2|2026-05-29|night,ngp2,03:00,8,unattributed,Other,1.8
ngp2|2026-05-29|night,ngp2,04:00,9,hydration,Cap,5.4
ngp2|2026-05-29|night,ngp2,04:00,9,hydration,Other,5.9
ngp2|2026-05-29|night,ngp2,04:00,9,foil,Sealing Lane,2.2
ngp2|2026-05-29|night,ngp2,04:00,9,unattributed,Other,12.4
ngp2|2026-05-29|night,ngp2,05:00,10,foil,Sealing Lane,2.9
ngp2|2026-05-29|night,ngp2,05:00,10,foil,Printer,2.8
ngp2|2026-05-29|night,ngp2,05:00,10,unattributed,Other,49.7
ngp2|2026-05-29|night,ngp2,06:00,11,hydration,Cap,5.6
ngp2|2026-05-29|night,ngp2,06:00,11,hydration,PMK / Media,16.1
ngp2|2026-05-29|night,ngp2,06:00,11,foil,Sealing Lane,3.1
ngp2|2026-05-29|night,ngp2,06:00,11,foil,Positioning,1.3
ngp2|2026-05-29|night,ngp2,06:00,11,foil,Detection Fault,1.7
ngp2|2026-05-29|night,ngp2,06:00,11,foil,Printer,3.7
ngp2|2026-05-29|night,ngp2,06:00,11,schubert,Line Stop / Wait,2.3
ngp2|2026-05-30|day,ngp2,07:00,0,hydration,PMK / Media,2.2
ngp2|2026-05-30|day,ngp2,07:00,0,hydration,Other,5.4
ngp2|2026-05-30|day,ngp2,07:00,0,hydration,Limit Switch,4.0
ngp2|2026-05-30|day,ngp2,07:00,0,foil,Edge Trim,5.3
ngp2|2026-05-30|day,ngp2,07:00,0,foil,Detection Fault,4.3
ngp2|2026-05-30|day,ngp2,07:00,0,manual,Manual,11.1
ngp2|2026-05-30|day,ngp2,08:00,1,hydration,Other,4.1
ngp2|2026-05-30|day,ngp2,08:00,1,hydration,PMK / Media,37.3
ngp2|2026-05-30|day,ngp2,08:00,1,foil,Detection Fault,1.0
ngp2|2026-05-30|day,ngp2,08:00,1,schubert,Line Stop / Wait,4.2
ngp2|2026-05-30|day,ngp2,09:00,2,hydration,PMK / Media,20.3
ngp2|2026-05-30|day,ngp2,09:00,2,hydration,Foam,1.2
ngp2|2026-05-30|day,ngp2,09:00,2,hydration,Other,19.5
ngp2|2026-05-30|day,ngp2,09:00,2,foil,Detection Fault,2.6
ngp2|2026-05-30|day,ngp2,09:00,2,schubert,Line Stop / Wait,4.3
ngp2|2026-05-30|day,ngp2,09:00,2,manual,Manual,2.7
ngp2|2026-05-30|day,ngp2,10:00,3,foil,Detection Fault,2.2
ngp2|2026-05-30|day,ngp2,10:00,3,foil,Sealing Lane,4.2
ngp2|2026-05-30|day,ngp2,10:00,3,schubert,Line Stop / Wait,24.4
ngp2|2026-05-30|day,ngp2,11:00,4,foil,Sealing Lane,0.6
ngp2|2026-05-30|day,ngp2,11:00,4,schubert,Line Stop / Wait,16.8
ngp2|2026-05-30|day,ngp2,11:00,4,unattributed,Other,1.9
ngp2|2026-05-30|day,ngp2,12:00,5,foil,Detection Fault,4.1
ngp2|2026-05-30|day,ngp2,12:00,5,foil,Labeler,11.3
ngp2|2026-05-30|day,ngp2,12:00,5,foil,Printer,2.6
ngp2|2026-05-30|day,ngp2,12:00,5,schubert,Line Stop / Wait,3.2
ngp2|2026-05-30|day,ngp2,13:00,6,hydration,Catheter Reject,1.6
ngp2|2026-05-30|day,ngp2,13:00,6,foil,Sealing Lane,3.2
ngp2|2026-05-30|day,ngp2,13:00,6,foil,Detection Fault,5.9
ngp2|2026-05-30|day,ngp2,13:00,6,foil,Positioning,1.7
ngp2|2026-05-30|day,ngp2,13:00,6,unattributed,Other,7.1
ngp2|2026-05-30|day,ngp2,14:00,7,hydration,Cap,5.5
ngp2|2026-05-30|day,ngp2,14:00,7,foil,Detection Fault,4.8
ngp2|2026-05-30|day,ngp2,14:00,7,foil,Positioning,0.8
ngp2|2026-05-30|day,ngp2,14:00,7,schubert,Line Stop / Wait,10.6
ngp2|2026-05-30|day,ngp2,14:00,7,unattributed,Other,5.6
ngp2|2026-05-30|day,ngp2,15:00,8,hydration,Catheter Reject,1.1
ngp2|2026-05-30|day,ngp2,15:00,8,foil,Detection Fault,9.6
ngp2|2026-05-30|day,ngp2,15:00,8,foil,Positioning,2.0
ngp2|2026-05-30|day,ngp2,15:00,8,foil,Sealing Lane,1.1
ngp2|2026-05-30|day,ngp2,15:00,8,schubert,Line Stop / Wait,14.4
ngp2|2026-05-30|day,ngp2,15:00,8,unattributed,Other,1.0
ngp2|2026-05-30|day,ngp2,16:00,9,hydration,Catheter Reject,1.8
ngp2|2026-05-30|day,ngp2,16:00,9,foil,Detection Fault,2.4
ngp2|2026-05-30|day,ngp2,16:00,9,foil,Positioning,2.2
ngp2|2026-05-30|day,ngp2,16:00,9,schubert,Line Stop / Wait,10.6
ngp2|2026-05-30|day,ngp2,16:00,9,unattributed,Other,0.8
ngp2|2026-05-30|day,ngp2,17:00,10,foil,Detection Fault,7.2
ngp2|2026-05-30|day,ngp2,17:00,10,foil,Printer,2.4
ngp2|2026-05-30|day,ngp2,17:00,10,schubert,Line Stop / Wait,6.1
ngp2|2026-05-30|day,ngp2,18:00,11,hydration,Other,1.7
ngp2|2026-05-30|day,ngp2,18:00,11,hydration,Timing,1.0
ngp2|2026-05-30|day,ngp2,18:00,11,foil,Detection Fault,9.9
ngp2|2026-05-30|day,ngp2,18:00,11,foil,Printer,4.3
ngp2|2026-05-30|day,ngp2,18:00,11,foil,Positioning,0.9
ngp2|2026-05-30|day,ngp2,18:00,11,schubert,Line Stop / Wait,4.9
ngp2|2026-05-30|day,ngp2,18:00,11,unattributed,Other,2.3
ngp2|2026-05-30|night,ngp2,19:00,0,hydration,Timing,2.9
ngp2|2026-05-30|night,ngp2,19:00,0,hydration,Catheter Reject,3.6
ngp2|2026-05-30|night,ngp2,19:00,0,foil,Detection Fault,3.0
ngp2|2026-05-30|night,ngp2,19:00,0,foil,Sealing Lane,1.0
ngp2|2026-05-30|night,ngp2,19:00,0,schubert,Line Stop / Wait,3.0
ngp2|2026-05-30|night,ngp2,19:00,0,unattributed,Other,1.9
ngp2|2026-05-30|night,ngp2,20:00,1,foil,Detection Fault,8.1
ngp2|2026-05-30|night,ngp2,20:00,1,foil,Positioning,2.4
ngp2|2026-05-30|night,ngp2,20:00,1,schubert,Line Stop / Wait,3.9
ngp2|2026-05-30|night,ngp2,20:00,1,unattributed,Other,2.5
ngp2|2026-05-30|night,ngp2,21:00,2,foil,Detection Fault,7.3
ngp2|2026-05-30|night,ngp2,21:00,2,foil,Positioning,2.7
ngp2|2026-05-30|night,ngp2,21:00,2,foil,Sealing Lane,0.9
ngp2|2026-05-30|night,ngp2,21:00,2,foil,Other,2.6
ngp2|2026-05-30|night,ngp2,21:00,2,unattributed,Other,6.5
ngp2|2026-05-30|night,ngp2,22:00,3,foil,Sealing Lane,4.2
ngp2|2026-05-30|night,ngp2,22:00,3,foil,Positioning,3.8
ngp2|2026-05-30|night,ngp2,22:00,3,foil,Detection Fault,6.4
ngp2|2026-05-30|night,ngp2,22:00,3,foil,Printer,5.7
ngp2|2026-05-30|night,ngp2,22:00,3,foil,Labeler,12.3
ngp2|2026-05-30|night,ngp2,23:00,4,foil,Labeler,3.5
ngp2|2026-05-30|night,ngp2,23:00,4,foil,Detection Fault,5.0
ngp2|2026-05-30|night,ngp2,23:00,4,foil,Sealing Lane,2.5
ngp2|2026-05-30|night,ngp2,23:00,4,schubert,Line Stop / Wait,5.4
ngp2|2026-05-30|night,ngp2,23:00,4,manual,Manual,10.8
ngp2|2026-05-30|night,ngp2,23:00,4,unattributed,Other,1.3
ngp2|2026-05-30|night,ngp2,00:00,5,hydration,Limit Switch,1.2
ngp2|2026-05-30|night,ngp2,00:00,5,foil,Detection Fault,7.4
ngp2|2026-05-30|night,ngp2,00:00,5,foil,Printer,2.1
ngp2|2026-05-30|night,ngp2,00:00,5,schubert,Line Stop / Wait,5.3
ngp2|2026-05-30|night,ngp2,00:00,5,unattributed,Other,0.7
ngp2|2026-05-30|night,ngp2,01:00,6,hydration,PMK / Media,11.1
ngp2|2026-05-30|night,ngp2,01:00,6,foil,Detection Fault,29.3
ngp2|2026-05-30|night,ngp2,01:00,6,foil,Edge Trim,1.8
ngp2|2026-05-30|night,ngp2,01:00,6,schubert,Line Stop / Wait,0.9
ngp2|2026-05-30|night,ngp2,02:00,7,hydration,Gripper,5.0
ngp2|2026-05-30|night,ngp2,02:00,7,hydration,Other,3.4
ngp2|2026-05-30|night,ngp2,02:00,7,foil,Detection Fault,1.3
ngp2|2026-05-30|night,ngp2,02:00,7,unattributed,Other,1.0
ngp2|2026-05-30|night,ngp2,03:00,8,foil,Detection Fault,5.7
ngp2|2026-05-30|night,ngp2,03:00,8,foil,Positioning,1.3
ngp2|2026-05-30|night,ngp2,03:00,8,schubert,Line Stop / Wait,7.9
ngp2|2026-05-30|night,ngp2,03:00,8,unattributed,Other,2.2
ngp2|2026-05-30|night,ngp2,04:00,9,hydration,Limit Switch,1.5
ngp2|2026-05-30|night,ngp2,04:00,9,foil,Detection Fault,14.5
ngp2|2026-05-30|night,ngp2,04:00,9,foil,Labeler,4.8
ngp2|2026-05-30|night,ngp2,04:00,9,foil,Printer,1.7
ngp2|2026-05-30|night,ngp2,04:00,9,schubert,Line Stop / Wait,2.2
ngp2|2026-05-30|night,ngp2,04:00,9,unattributed,Other,0.7
ngp2|2026-05-30|night,ngp2,05:00,10,foil,Detection Fault,3.6
ngp2|2026-05-30|night,ngp2,05:00,10,schubert,Line Stop / Wait,10.5
ngp2|2026-05-30|night,ngp2,05:00,10,unattributed,Other,1.4
ngp2|2026-05-30|night,ngp2,06:00,11,hydration,Limit Switch,2.7
ngp2|2026-05-30|night,ngp2,06:00,11,hydration,Gripper,12.4
ngp2|2026-05-30|night,ngp2,06:00,11,hydration,PMK / Media,8.0
ngp2|2026-05-30|night,ngp2,06:00,11,foil,Other,2.1
ngp2|2026-05-30|night,ngp2,06:00,11,foil,Sealing Lane,2.4
ngp2|2026-05-30|night,ngp2,06:00,11,foil,Detection Fault,5.1
ngp2|2026-05-30|night,ngp2,06:00,11,schubert,Line Stop / Wait,4.2
ngp2|2026-05-30|night,ngp2,06:00,11,unattributed,Other,1.8
ngp2|2026-05-31|day,ngp2,07:00,0,hydration,PMK / Media,0.8
ngp2|2026-05-31|day,ngp2,07:00,0,hydration,Gripper,2.5
ngp2|2026-05-31|day,ngp2,07:00,0,hydration,Limit Switch,19.4
ngp2|2026-05-31|day,ngp2,07:00,0,foil,Detection Fault,6.3
ngp2|2026-05-31|day,ngp2,07:00,0,foil,Sealing Lane,1.7
ngp2|2026-05-31|day,ngp2,07:00,0,schubert,Line Stop / Wait,2.1
ngp2|2026-05-31|day,ngp2,07:00,0,manual,Manual,4.9
ngp2|2026-05-31|day,ngp2,07:00,0,unattributed,Other,1.6
ngp2|2026-05-31|day,ngp2,08:00,1,hydration,Limit Switch,4.6
ngp2|2026-05-31|day,ngp2,08:00,1,hydration,Cap,1.6
ngp2|2026-05-31|day,ngp2,08:00,1,foil,Detection Fault,16.4
ngp2|2026-05-31|day,ngp2,08:00,1,foil,Sealing Lane,0.7
ngp2|2026-05-31|day,ngp2,08:00,1,foil,Positioning,1.1
ngp2|2026-05-31|day,ngp2,08:00,1,unattributed,Other,1.7
ngp2|2026-05-31|day,ngp2,09:00,2,hydration,Gripper,2.2
ngp2|2026-05-31|day,ngp2,09:00,2,hydration,Catheter Reject,1.4
ngp2|2026-05-31|day,ngp2,09:00,2,foil,Labeler,2.4
ngp2|2026-05-31|day,ngp2,09:00,2,foil,Sealing Lane,4.5
ngp2|2026-05-31|day,ngp2,09:00,2,foil,Detection Fault,2.3
ngp2|2026-05-31|day,ngp2,09:00,2,schubert,Line Stop / Wait,20.4
ngp2|2026-05-31|day,ngp2,10:00,3,foil,Printer,2.0
ngp2|2026-05-31|day,ngp2,10:00,3,foil,Detection Fault,9.9
ngp2|2026-05-31|day,ngp2,10:00,3,foil,Positioning,2.7
ngp2|2026-05-31|day,ngp2,10:00,3,schubert,Line Stop / Wait,3.8
ngp2|2026-05-31|day,ngp2,10:00,3,unattributed,Other,3.6
ngp2|2026-05-31|day,ngp2,11:00,4,foil,Detection Fault,21.8
ngp2|2026-05-31|day,ngp2,11:00,4,foil,Labeler,11.8
ngp2|2026-05-31|day,ngp2,11:00,4,foil,Other,5.6
ngp2|2026-05-31|day,ngp2,11:00,4,foil,Printer,3.1
ngp2|2026-05-31|day,ngp2,11:00,4,foil,Positioning,1.2
ngp2|2026-05-31|day,ngp2,11:00,4,manual,Manual,1.5
ngp2|2026-05-31|day,ngp2,12:00,5,hydration,Catheter Reject,1.0
ngp2|2026-05-31|day,ngp2,12:00,5,foil,Labeler,2.4
ngp2|2026-05-31|day,ngp2,12:00,5,foil,Other,9.8
ngp2|2026-05-31|day,ngp2,12:00,5,foil,Positioning,0.7
ngp2|2026-05-31|day,ngp2,12:00,5,foil,Detection Fault,1.2
ngp2|2026-05-31|day,ngp2,12:00,5,schubert,Line Stop / Wait,5.5
ngp2|2026-05-31|day,ngp2,12:00,5,manual,Manual,7.5
ngp2|2026-05-31|day,ngp2,13:00,6,foil,Detection Fault,6.4
ngp2|2026-05-31|day,ngp2,13:00,6,foil,Printer,5.9
ngp2|2026-05-31|day,ngp2,13:00,6,foil,Edge Trim,10.1
ngp2|2026-05-31|day,ngp2,13:00,6,foil,Positioning,5.1
ngp2|2026-05-31|day,ngp2,13:00,6,unattributed,Other,1.7
ngp2|2026-05-31|day,ngp2,14:00,7,hydration,Other,2.8
ngp2|2026-05-31|day,ngp2,14:00,7,hydration,Gripper,28.4
ngp2|2026-05-31|day,ngp2,14:00,7,foil,Detection Fault,1.6
ngp2|2026-05-31|day,ngp2,14:00,7,unattributed,Other,3.9
ngp2|2026-05-31|day,ngp2,15:00,8,hydration,Catheter Reject,7.7
ngp2|2026-05-31|day,ngp2,15:00,8,hydration,Limit Switch,1.6
ngp2|2026-05-31|day,ngp2,15:00,8,hydration,Gripper,1.2
ngp2|2026-05-31|day,ngp2,15:00,8,foil,Detection Fault,2.8
ngp2|2026-05-31|day,ngp2,15:00,8,foil,Sealing Lane,1.3
ngp2|2026-05-31|day,ngp2,15:00,8,foil,Other,0.7
ngp2|2026-05-31|day,ngp2,15:00,8,schubert,Line Stop / Wait,1.7
ngp2|2026-05-31|day,ngp2,16:00,9,foil,Detection Fault,4.2
ngp2|2026-05-31|day,ngp2,16:00,9,foil,Other,7.1
ngp2|2026-05-31|day,ngp2,16:00,9,foil,Sealing Lane,6.0
ngp2|2026-05-31|day,ngp2,16:00,9,schubert,Line Stop / Wait,10.2
ngp2|2026-05-31|day,ngp2,16:00,9,manual,Manual,14.8
ngp2|2026-05-31|day,ngp2,17:00,10,foil,Edge Trim,19.8
ngp2|2026-05-31|day,ngp2,17:00,10,foil,Detection Fault,3.1
ngp2|2026-05-31|day,ngp2,17:00,10,foil,Printer,3.1
ngp2|2026-05-31|day,ngp2,17:00,10,schubert,Line Stop / Wait,0.7
ngp2|2026-05-31|day,ngp2,17:00,10,unattributed,Other,1.4
ngp2|2026-05-31|day,ngp2,18:00,11,hydration,Limit Switch,2.6
ngp2|2026-05-31|day,ngp2,18:00,11,foil,Detection Fault,2.5
ngp2|2026-05-31|day,ngp2,18:00,11,schubert,Line Stop / Wait,13.8
ngp2|2026-05-31|day,ngp2,18:00,11,manual,Manual,4.3
ngp2|2026-05-31|day,ngp2,18:00,11,unattributed,Other,0.7
ngp2|2026-05-31|night,ngp2,19:00,0,hydration,Gripper,1.1
ngp2|2026-05-31|night,ngp2,19:00,0,hydration,Catheter Reject,1.0
ngp2|2026-05-31|night,ngp2,19:00,0,foil,Printer,2.0
ngp2|2026-05-31|night,ngp2,19:00,0,foil,Detection Fault,2.3
ngp2|2026-05-31|night,ngp2,19:00,0,schubert,Line Stop / Wait,6.4
ngp2|2026-05-31|night,ngp2,19:00,0,unattributed,Other,4.5
ngp2|2026-05-31|night,ngp2,20:00,1,foil,Labeler,3.7
ngp2|2026-05-31|night,ngp2,20:00,1,schubert,Line Stop / Wait,5.9
ngp2|2026-05-31|night,ngp2,20:00,1,unattributed,Other,0.9
ngp2|2026-05-31|night,ngp2,21:00,2,hydration,Other,0.6
ngp2|2026-05-31|night,ngp2,21:00,2,hydration,Catheter Reject,1.2
ngp2|2026-05-31|night,ngp2,21:00,2,foil,Labeler,0.4
ngp2|2026-05-31|night,ngp2,21:00,2,foil,Other,1.2
ngp2|2026-05-31|night,ngp2,21:00,2,foil,Printer,21.1
ngp2|2026-05-31|night,ngp2,21:00,2,foil,Edge Trim,1.7
ngp2|2026-05-31|night,ngp2,21:00,2,foil,Sealing Lane,1.1
ngp2|2026-05-31|night,ngp2,21:00,2,unattributed,Other,2.3
ngp2|2026-05-31|night,ngp2,22:00,3,hydration,Gripper,2.4
ngp2|2026-05-31|night,ngp2,22:00,3,foil,Detection Fault,9.4
ngp2|2026-05-31|night,ngp2,22:00,3,foil,Printer,0.9
ngp2|2026-05-31|night,ngp2,22:00,3,foil,Positioning,2.9
ngp2|2026-05-31|night,ngp2,22:00,3,manual,Manual,3.7
ngp2|2026-05-31|night,ngp2,22:00,3,unattributed,Other,1.6
ngp2|2026-05-31|night,ngp2,23:00,4,hydration,Gripper,1.2
ngp2|2026-05-31|night,ngp2,23:00,4,hydration,Other,18.3
ngp2|2026-05-31|night,ngp2,23:00,4,foil,Detection Fault,6.0
ngp2|2026-05-31|night,ngp2,23:00,4,foil,Positioning,1.5
ngp2|2026-05-31|night,ngp2,23:00,4,foil,Labeler,15.9
ngp2|2026-05-31|night,ngp2,00:00,5,hydration,Catheter Reject,1.2
ngp2|2026-05-31|night,ngp2,00:00,5,hydration,Limit Switch,1.8
ngp2|2026-05-31|night,ngp2,00:00,5,hydration,Gripper,1.1
ngp2|2026-05-31|night,ngp2,00:00,5,foil,Detection Fault,2.9
ngp2|2026-05-31|night,ngp2,00:00,5,foil,Positioning,1.0
ngp2|2026-05-31|night,ngp2,00:00,5,foil,Printer,1.7
ngp2|2026-05-31|night,ngp2,00:00,5,schubert,Line Stop / Wait,3.2
ngp2|2026-05-31|night,ngp2,00:00,5,unattributed,Other,1.3
ngp2|2026-05-31|night,ngp2,01:00,6,foil,Detection Fault,4.7
ngp2|2026-05-31|night,ngp2,01:00,6,foil,Positioning,1.2
ngp2|2026-05-31|night,ngp2,01:00,6,schubert,Line Stop / Wait,4.6
ngp2|2026-05-31|night,ngp2,01:00,6,unattributed,Other,1.7
ngp2|2026-05-31|night,ngp2,02:00,7,foil,Detection Fault,8.2
ngp2|2026-05-31|night,ngp2,02:00,7,foil,Sealing Lane,1.0
ngp2|2026-05-31|night,ngp2,02:00,7,foil,Other,3.8
ngp2|2026-05-31|night,ngp2,02:00,7,foil,Positioning,2.4
ngp2|2026-05-31|night,ngp2,02:00,7,foil,Printer,2.6
ngp2|2026-05-31|night,ngp2,02:00,7,manual,Manual,7.4
ngp2|2026-05-31|night,ngp2,02:00,7,unattributed,Other,3.6
ngp2|2026-05-31|night,ngp2,03:00,8,foil,Printer,3.3
ngp2|2026-05-31|night,ngp2,03:00,8,foil,Positioning,0.7
ngp2|2026-05-31|night,ngp2,03:00,8,foil,Detection Fault,11.3
ngp2|2026-05-31|night,ngp2,03:00,8,foil,Sealing Lane,3.4
ngp2|2026-05-31|night,ngp2,03:00,8,schubert,Line Stop / Wait,2.6
ngp2|2026-05-31|night,ngp2,03:00,8,unattributed,Other,1.5
ngp2|2026-05-31|night,ngp2,04:00,9,hydration,Limit Switch,1.4
ngp2|2026-05-31|night,ngp2,04:00,9,foil,Detection Fault,3.9
ngp2|2026-05-31|night,ngp2,04:00,9,foil,Positioning,1.1
ngp2|2026-05-31|night,ngp2,04:00,9,foil,Sealing Lane,0.8
ngp2|2026-05-31|night,ngp2,04:00,9,schubert,Line Stop / Wait,1.6
ngp2|2026-05-31|night,ngp2,05:00,10,foil,Detection Fault,3.0
ngp2|2026-05-31|night,ngp2,05:00,10,foil,Printer,2.8
ngp2|2026-05-31|night,ngp2,05:00,10,schubert,Line Stop / Wait,7.2
ngp2|2026-05-31|night,ngp2,05:00,10,unattributed,Other,1.6
ngp2|2026-05-31|night,ngp2,06:00,11,hydration,Limit Switch,1.1
ngp2|2026-05-31|night,ngp2,06:00,11,hydration,PMK / Media,14.7
ngp2|2026-05-31|night,ngp2,06:00,11,foil,Positioning,1.3
ngp2|2026-05-31|night,ngp2,06:00,11,foil,Printer,2.6
ngp2|2026-05-31|night,ngp2,06:00,11,schubert,Line Stop / Wait,5.1
ngp2|2026-06-01|day,ngp2,07:00,0,hydration,PMK / Media,2.3
ngp2|2026-06-01|day,ngp2,07:00,0,hydration,Gripper,1.5
ngp2|2026-06-01|day,ngp2,07:00,0,foil,Detection Fault,2.6
ngp2|2026-06-01|day,ngp2,07:00,0,foil,Positioning,0.9
ngp2|2026-06-01|day,ngp2,07:00,0,schubert,Line Stop / Wait,5.4
ngp2|2026-06-01|day,ngp2,07:00,0,manual,Manual,3.6
ngp2|2026-06-01|day,ngp2,07:00,0,unattributed,Other,1.9
ngp2|2026-06-01|day,ngp2,08:00,1,foil,Positioning,0.9
ngp2|2026-06-01|day,ngp2,08:00,1,foil,Detection Fault,10.6
ngp2|2026-06-01|day,ngp2,08:00,1,schubert,Line Stop / Wait,10.9
ngp2|2026-06-01|day,ngp2,09:00,2,hydration,Gripper,1.2
ngp2|2026-06-01|day,ngp2,09:00,2,hydration,Limit Switch,1.3
ngp2|2026-06-01|day,ngp2,09:00,2,foil,Detection Fault,7.8
ngp2|2026-06-01|day,ngp2,09:00,2,schubert,Line Stop / Wait,13.3
ngp2|2026-06-01|day,ngp2,10:00,3,hydration,Limit Switch,1.4
ngp2|2026-06-01|day,ngp2,10:00,3,hydration,Gripper,1.3
ngp2|2026-06-01|day,ngp2,10:00,3,foil,Detection Fault,5.9
ngp2|2026-06-01|day,ngp2,10:00,3,foil,Other,3.0
ngp2|2026-06-01|day,ngp2,10:00,3,foil,Sealing Lane,1.4
ngp2|2026-06-01|day,ngp2,10:00,3,schubert,Line Stop / Wait,0.7
ngp2|2026-06-01|day,ngp2,10:00,3,manual,Manual,1.0
ngp2|2026-06-01|day,ngp2,11:00,4,hydration,Limit Switch,1.0
ngp2|2026-06-01|day,ngp2,11:00,4,manual,Manual,7.9
ngp2|2026-06-01|day,ngp2,11:00,4,unattributed,Other,21.0
ngp2|2026-06-01|day,ngp2,12:00,5,hydration,Gripper,3.6
ngp2|2026-06-01|day,ngp2,12:00,5,hydration,Limit Switch,1.2
ngp2|2026-06-01|day,ngp2,12:00,5,foil,Sealing Lane,1.3
ngp2|2026-06-01|day,ngp2,12:00,5,foil,Detection Fault,1.4
ngp2|2026-06-01|day,ngp2,12:00,5,foil,Positioning,0.1
ngp2|2026-06-01|day,ngp2,12:00,5,manual,Manual,23.9
ngp2|2026-06-01|day,ngp2,13:00,6,foil,Positioning,1.1
ngp2|2026-06-01|day,ngp2,13:00,6,foil,Sealing Lane,3.4
ngp2|2026-06-01|day,ngp2,13:00,6,foil,Printer,2.5
ngp2|2026-06-01|day,ngp2,13:00,6,foil,Detection Fault,1.3
ngp2|2026-06-01|day,ngp2,13:00,6,foil,Edge Trim,7.4
ngp2|2026-06-01|day,ngp2,13:00,6,schubert,Line Stop / Wait,0.7
ngp2|2026-06-01|day,ngp2,13:00,6,unattributed,Other,6.9
ngp2|2026-06-01|day,ngp2,14:00,7,hydration,Catheter Reject,2.8
ngp2|2026-06-01|day,ngp2,14:00,7,hydration,Gripper,1.3
ngp2|2026-06-01|day,ngp2,14:00,7,hydration,Limit Switch,1.1
ngp2|2026-06-01|day,ngp2,14:00,7,hydration,Other,1.5
ngp2|2026-06-01|day,ngp2,14:00,7,foil,Edge Trim,5.3
ngp2|2026-06-01|day,ngp2,14:00,7,schubert,Line Stop / Wait,4.4
ngp2|2026-06-01|day,ngp2,14:00,7,manual,Manual,2.3
ngp2|2026-06-01|day,ngp2,15:00,8,hydration,Gripper,9.2
ngp2|2026-06-01|day,ngp2,15:00,8,hydration,Other,1.0
ngp2|2026-06-01|day,ngp2,15:00,8,hydration,Limit Switch,1.2
ngp2|2026-06-01|day,ngp2,15:00,8,foil,Labeler,5.8
ngp2|2026-06-01|day,ngp2,15:00,8,foil,Detection Fault,1.3
ngp2|2026-06-01|day,ngp2,15:00,8,schubert,Line Stop / Wait,3.4
ngp2|2026-06-01|day,ngp2,15:00,8,unattributed,Other,2.8
ngp2|2026-06-01|day,ngp2,16:00,9,hydration,Gripper,6.2
ngp2|2026-06-01|day,ngp2,16:00,9,hydration,Limit Switch,1.1
ngp2|2026-06-01|day,ngp2,16:00,9,hydration,Catheter Reject,1.1
ngp2|2026-06-01|day,ngp2,16:00,9,foil,Detection Fault,3.9
ngp2|2026-06-01|day,ngp2,16:00,9,foil,Printer,1.3
ngp2|2026-06-01|day,ngp2,17:00,10,hydration,Gripper,8.0
ngp2|2026-06-01|day,ngp2,17:00,10,hydration,Catheter Reject,1.2
ngp2|2026-06-01|day,ngp2,17:00,10,foil,Sealing Lane,1.2
ngp2|2026-06-01|day,ngp2,17:00,10,foil,Printer,2.5
ngp2|2026-06-01|day,ngp2,17:00,10,foil,Other,4.2
ngp2|2026-06-01|day,ngp2,17:00,10,schubert,Line Stop / Wait,2.8
ngp2|2026-06-01|day,ngp2,17:00,10,unattributed,Other,4.6
ngp2|2026-06-01|day,ngp2,18:00,11,hydration,Gripper,3.1
ngp2|2026-06-01|day,ngp2,18:00,11,hydration,Catheter Reject,4.4
ngp2|2026-06-01|day,ngp2,18:00,11,foil,Edge Trim,10.2
ngp2|2026-06-01|day,ngp2,18:00,11,foil,Sealing Lane,1.5
ngp2|2026-06-01|day,ngp2,18:00,11,schubert,Line Stop / Wait,6.6
ngp2|2026-06-01|night,ngp2,19:00,0,hydration,Timing,0.7
ngp2|2026-06-01|night,ngp2,19:00,0,hydration,Catheter Reject,2.2
ngp2|2026-06-01|night,ngp2,19:00,0,foil,Sealing Lane,1.9
ngp2|2026-06-01|night,ngp2,19:00,0,foil,Positioning,1.2
ngp2|2026-06-01|night,ngp2,19:00,0,schubert,Line Stop / Wait,14.1
ngp2|2026-06-01|night,ngp2,19:00,0,unattributed,Other,1.4
ngp2|2026-06-01|night,ngp2,20:00,1,hydration,Catheter Reject,4.1
ngp2|2026-06-01|night,ngp2,20:00,1,hydration,Gripper,1.1
ngp2|2026-06-01|night,ngp2,20:00,1,foil,Positioning,1.1
ngp2|2026-06-01|night,ngp2,20:00,1,foil,Detection Fault,1.6
ngp2|2026-06-01|night,ngp2,20:00,1,foil,Sealing Lane,2.3
ngp2|2026-06-01|night,ngp2,20:00,1,schubert,Line Stop / Wait,12.1
ngp2|2026-06-01|night,ngp2,21:00,2,hydration,Gripper,16.4
ngp2|2026-06-01|night,ngp2,21:00,2,hydration,Other,17.9
ngp2|2026-06-01|night,ngp2,21:00,2,hydration,Limit Switch,14.3
ngp2|2026-06-01|night,ngp2,21:00,2,foil,Sealing Lane,1.1
ngp2|2026-06-01|night,ngp2,21:00,2,schubert,Line Stop / Wait,3.7
ngp2|2026-06-01|night,ngp2,22:00,3,hydration,Gripper,60.0
ngp2|2026-06-01|night,ngp2,23:00,4,hydration,Gripper,19.0
ngp2|2026-06-01|night,ngp2,23:00,4,hydration,Limit Switch,12.9
ngp2|2026-06-01|night,ngp2,23:00,4,hydration,Catheter Reject,1.2
ngp2|2026-06-01|night,ngp2,23:00,4,foil,Detection Fault,6.8
ngp2|2026-06-01|night,ngp2,23:00,4,schubert,Line Stop / Wait,2.2
ngp2|2026-06-01|night,ngp2,00:00,5,hydration,Limit Switch,4.4
ngp2|2026-06-01|night,ngp2,00:00,5,hydration,Gripper,2.3
ngp2|2026-06-01|night,ngp2,00:00,5,foil,Detection Fault,8.9
ngp2|2026-06-01|night,ngp2,00:00,5,foil,Printer,3.3
ngp2|2026-06-01|night,ngp2,00:00,5,foil,Sealing Lane,3.3
ngp2|2026-06-01|night,ngp2,01:00,6,foil,Detection Fault,1.7
ngp2|2026-06-01|night,ngp2,01:00,6,foil,Printer,4.4
ngp2|2026-06-01|night,ngp2,01:00,6,schubert,Line Stop / Wait,5.2
ngp2|2026-06-01|night,ngp2,02:00,7,hydration,Cap,1.4
ngp2|2026-06-01|night,ngp2,02:00,7,foil,Printer,4.3
ngp2|2026-06-01|night,ngp2,02:00,7,foil,Detection Fault,1.9
ngp2|2026-06-01|night,ngp2,02:00,7,foil,Other,2.8
ngp2|2026-06-01|night,ngp2,02:00,7,schubert,Line Stop / Wait,7.7
ngp2|2026-06-01|night,ngp2,02:00,7,unattributed,Other,3.3
ngp2|2026-06-01|night,ngp2,03:00,8,hydration,Catheter Reject,1.2
ngp2|2026-06-01|night,ngp2,03:00,8,hydration,PMK / Media,1.3
ngp2|2026-06-01|night,ngp2,03:00,8,hydration,Gripper,1.4
ngp2|2026-06-01|night,ngp2,03:00,8,foil,Other,2.0
ngp2|2026-06-01|night,ngp2,03:00,8,foil,Detection Fault,3.7
ngp2|2026-06-01|night,ngp2,03:00,8,foil,Labeler,1.8
ngp2|2026-06-01|night,ngp2,03:00,8,foil,Sealing Lane,1.8
ngp2|2026-06-01|night,ngp2,03:00,8,schubert,Line Stop / Wait,4.4
ngp2|2026-06-01|night,ngp2,04:00,9,hydration,Limit Switch,2.7
ngp2|2026-06-01|night,ngp2,04:00,9,hydration,Gripper,1.5
ngp2|2026-06-01|night,ngp2,04:00,9,foil,Sealing Lane,5.0
ngp2|2026-06-01|night,ngp2,04:00,9,foil,Other,1.2
ngp2|2026-06-01|night,ngp2,04:00,9,foil,Positioning,2.6
ngp2|2026-06-01|night,ngp2,04:00,9,foil,Detection Fault,1.5
ngp2|2026-06-01|night,ngp2,05:00,10,hydration,Catheter Reject,3.1
ngp2|2026-06-01|night,ngp2,05:00,10,schubert,Line Stop / Wait,4.3
ngp2|2026-06-01|night,ngp2,05:00,10,unattributed,Other,1.7
ngp2|2026-06-01|night,ngp2,06:00,11,hydration,PMK / Media,10.5
ngp2|2026-06-01|night,ngp2,06:00,11,foil,Detection Fault,1.4
ngp2|2026-06-01|night,ngp2,06:00,11,foil,Other,4.4
ngp2|2026-06-01|night,ngp2,06:00,11,schubert,Line Stop / Wait,3.8
ngp2|2026-06-01|night,ngp2,06:00,11,manual,Manual,0.1
ngp2|2026-06-02|day,ngp2,07:00,0,hydration,Gripper,1.3
ngp2|2026-06-02|day,ngp2,07:00,0,foil,Sealing Lane,4.0
ngp2|2026-06-02|day,ngp2,07:00,0,foil,Detection Fault,1.2
ngp2|2026-06-02|day,ngp2,07:00,0,schubert,Line Stop / Wait,3.0
ngp2|2026-06-02|day,ngp2,07:00,0,manual,Manual,3.2
ngp2|2026-06-02|day,ngp2,07:00,0,unattributed,Other,0.9
ngp2|2026-06-02|day,ngp2,08:00,1,hydration,Catheter Reject,2.3
ngp2|2026-06-02|day,ngp2,08:00,1,hydration,Cap,2.9
ngp2|2026-06-02|day,ngp2,08:00,1,foil,Detection Fault,1.2
ngp2|2026-06-02|day,ngp2,08:00,1,schubert,Line Stop / Wait,11.0
ngp2|2026-06-02|day,ngp2,09:00,2,hydration,Gripper,1.4
ngp2|2026-06-02|day,ngp2,09:00,2,hydration,Catheter Reject,2.5
ngp2|2026-06-02|day,ngp2,09:00,2,hydration,Limit Switch,1.2
ngp2|2026-06-02|day,ngp2,09:00,2,hydration,Cap,2.5
ngp2|2026-06-02|day,ngp2,09:00,2,foil,Detection Fault,1.4
ngp2|2026-06-02|day,ngp2,09:00,2,foil,Sealing Lane,3.0
ngp2|2026-06-02|day,ngp2,09:00,2,foil,Printer,12.5
ngp2|2026-06-02|day,ngp2,09:00,2,schubert,Line Stop / Wait,1.8
ngp2|2026-06-02|day,ngp2,10:00,3,hydration,Cap,0.3
ngp2|2026-06-02|day,ngp2,10:00,3,hydration,Gripper,1.2
ngp2|2026-06-02|day,ngp2,10:00,3,hydration,Other,5.3
ngp2|2026-06-02|day,ngp2,10:00,3,foil,Labeler,4.3
ngp2|2026-06-02|day,ngp2,10:00,3,foil,Printer,2.2
ngp2|2026-06-02|day,ngp2,10:00,3,unattributed,Other,0.9
ngp2|2026-06-02|day,ngp2,11:00,4,hydration,PMK / Media,7.5
ngp2|2026-06-02|day,ngp2,11:00,4,foil,Labeler,6.1
ngp2|2026-06-02|day,ngp2,11:00,4,foil,Other,3.2
ngp2|2026-06-02|day,ngp2,11:00,4,unattributed,Other,3.3
ngp2|2026-06-02|day,ngp2,12:00,5,hydration,Gripper,1.3
ngp2|2026-06-02|day,ngp2,12:00,5,foil,Detection Fault,1.7
ngp2|2026-06-02|day,ngp2,12:00,5,foil,Other,1.6
ngp2|2026-06-02|day,ngp2,12:00,5,foil,Labeler,3.8
ngp2|2026-06-02|day,ngp2,12:00,5,foil,Printer,5.7
ngp2|2026-06-02|day,ngp2,13:00,6,hydration,PMK / Media,38.1
ngp2|2026-06-02|day,ngp2,13:00,6,foil,Detection Fault,0.8
ngp2|2026-06-02|day,ngp2,13:00,6,schubert,Line Stop / Wait,3.4
ngp2|2026-06-02|day,ngp2,14:00,7,hydration,PMK / Media,10.7
ngp2|2026-06-02|day,ngp2,14:00,7,foil,Other,0.6
ngp2|2026-06-02|day,ngp2,14:00,7,schubert,Line Stop / Wait,4.5
ngp2|2026-06-02|day,ngp2,14:00,7,manual,Manual,7.0
ngp2|2026-06-02|day,ngp2,15:00,8,hydration,Catheter Reject,3.8
ngp2|2026-06-02|day,ngp2,15:00,8,hydration,Gripper,3.6
ngp2|2026-06-02|day,ngp2,15:00,8,hydration,Other,1.7
ngp2|2026-06-02|day,ngp2,15:00,8,hydration,Cap,2.4
ngp2|2026-06-02|day,ngp2,15:00,8,foil,Sealing Lane,7.1
ngp2|2026-06-02|day,ngp2,15:00,8,schubert,Line Stop / Wait,4.2
ngp2|2026-06-02|day,ngp2,16:00,9,hydration,Catheter Reject,6.0
ngp2|2026-06-02|day,ngp2,16:00,9,hydration,Gripper,1.2
ngp2|2026-06-02|day,ngp2,16:00,9,foil,Sealing Lane,8.5
ngp2|2026-06-02|day,ngp2,16:00,9,foil,Detection Fault,1.6
ngp2|2026-06-02|day,ngp2,16:00,9,foil,Printer,2.2
ngp2|2026-06-02|day,ngp2,16:00,9,schubert,Line Stop / Wait,1.3
ngp2|2026-06-02|day,ngp2,17:00,10,hydration,Gripper,1.5
ngp2|2026-06-02|day,ngp2,17:00,10,hydration,Catheter Reject,1.3
ngp2|2026-06-02|day,ngp2,17:00,10,foil,Sealing Lane,1.5
ngp2|2026-06-02|day,ngp2,17:00,10,foil,Positioning,1.0
ngp2|2026-06-02|day,ngp2,17:00,10,foil,Detection Fault,1.3
ngp2|2026-06-02|day,ngp2,17:00,10,foil,Labeler,8.1
ngp2|2026-06-02|day,ngp2,18:00,11,hydration,Other,12.9
ngp2|2026-06-02|day,ngp2,18:00,11,hydration,Cap,1.4
ngp2|2026-06-02|day,ngp2,18:00,11,hydration,Catheter Reject,1.4
ngp2|2026-06-02|day,ngp2,18:00,11,foil,Labeler,0.1
ngp2|2026-06-02|day,ngp2,18:00,11,foil,Detection Fault,13.4
ngp2|2026-06-02|day,ngp2,18:00,11,schubert,Line Stop / Wait,6.9
ngp2|2026-06-02|day,ngp2,18:00,11,manual,Manual,3.7
ngp2|2026-06-02|night,ngp2,19:00,0,hydration,Limit Switch,1.9
ngp2|2026-06-02|night,ngp2,19:00,0,foil,Detection Fault,7.9
ngp2|2026-06-02|night,ngp2,19:00,0,foil,Printer,1.1
ngp2|2026-06-02|night,ngp2,19:00,0,schubert,Line Stop / Wait,5.3
ngp2|2026-06-02|night,ngp2,19:00,0,unattributed,Other,1.8
ngp2|2026-06-02|night,ngp2,20:00,1,hydration,Gripper,9.3
ngp2|2026-06-02|night,ngp2,20:00,1,hydration,Catheter Reject,1.3
ngp2|2026-06-02|night,ngp2,20:00,1,schubert,Line Stop / Wait,14.3
ngp2|2026-06-02|night,ngp2,21:00,2,foil,Labeler,6.2
ngp2|2026-06-02|night,ngp2,21:00,2,foil,Detection Fault,2.7
ngp2|2026-06-02|night,ngp2,21:00,2,foil,Printer,6.7
ngp2|2026-06-02|night,ngp2,21:00,2,schubert,Line Stop / Wait,12.9
ngp2|2026-06-02|night,ngp2,21:00,2,unattributed,Other,1.4
ngp2|2026-06-02|night,ngp2,22:00,3,hydration,Limit Switch,4.2
ngp2|2026-06-02|night,ngp2,22:00,3,hydration,Timing,0.7
ngp2|2026-06-02|night,ngp2,22:00,3,hydration,Catheter Reject,2.8
ngp2|2026-06-02|night,ngp2,22:00,3,foil,Printer,1.0
ngp2|2026-06-02|night,ngp2,22:00,3,foil,Positioning,1.1
ngp2|2026-06-02|night,ngp2,22:00,3,foil,Detection Fault,2.7
ngp2|2026-06-02|night,ngp2,22:00,3,foil,Labeler,5.2
ngp2|2026-06-02|night,ngp2,22:00,3,schubert,Line Stop / Wait,1.5
ngp2|2026-06-02|night,ngp2,23:00,4,hydration,Gripper,1.5
ngp2|2026-06-02|night,ngp2,23:00,4,foil,Labeler,5.0
ngp2|2026-06-02|night,ngp2,23:00,4,foil,Detection Fault,2.6
ngp2|2026-06-02|night,ngp2,23:00,4,schubert,Line Stop / Wait,1.6
ngp2|2026-06-02|night,ngp2,23:00,4,manual,Manual,1.8
ngp2|2026-06-02|night,ngp2,00:00,5,hydration,Cap,1.1
ngp2|2026-06-02|night,ngp2,00:00,5,foil,Printer,5.2
ngp2|2026-06-02|night,ngp2,00:00,5,foil,Labeler,15.7
ngp2|2026-06-02|night,ngp2,00:00,5,foil,Other,1.3
ngp2|2026-06-02|night,ngp2,00:00,5,foil,Sealing Lane,0.8
ngp2|2026-06-02|night,ngp2,00:00,5,foil,Detection Fault,2.1
ngp2|2026-06-02|night,ngp2,01:00,6,hydration,Gripper,3.5
ngp2|2026-06-02|night,ngp2,01:00,6,hydration,Catheter Reject,3.0
ngp2|2026-06-02|night,ngp2,01:00,6,foil,Sealing Lane,3.9
ngp2|2026-06-02|night,ngp2,01:00,6,foil,Printer,2.6
ngp2|2026-06-02|night,ngp2,01:00,6,foil,Detection Fault,6.1
ngp2|2026-06-02|night,ngp2,01:00,6,foil,Other,4.0
ngp2|2026-06-02|night,ngp2,02:00,7,hydration,Gripper,5.1
ngp2|2026-06-02|night,ngp2,02:00,7,hydration,Limit Switch,3.5
ngp2|2026-06-02|night,ngp2,02:00,7,foil,Detection Fault,9.0
ngp2|2026-06-02|night,ngp2,02:00,7,schubert,Line Stop / Wait,3.5
ngp2|2026-06-02|night,ngp2,03:00,8,hydration,Gripper,3.1
ngp2|2026-06-02|night,ngp2,03:00,8,hydration,Catheter Reject,1.2
ngp2|2026-06-02|night,ngp2,03:00,8,foil,Printer,2.1
ngp2|2026-06-02|night,ngp2,03:00,8,foil,Detection Fault,9.4
ngp2|2026-06-02|night,ngp2,03:00,8,schubert,Line Stop / Wait,6.9
ngp2|2026-06-02|night,ngp2,03:00,8,unattributed,Other,0.7
ngp2|2026-06-02|night,ngp2,04:00,9,hydration,Gripper,3.2
ngp2|2026-06-02|night,ngp2,04:00,9,foil,Detection Fault,6.1
ngp2|2026-06-02|night,ngp2,04:00,9,foil,Sealing Lane,1.7
ngp2|2026-06-02|night,ngp2,04:00,9,foil,Other,9.3
ngp2|2026-06-02|night,ngp2,04:00,9,schubert,Line Stop / Wait,3.7
ngp2|2026-06-02|night,ngp2,04:00,9,unattributed,Other,4.4
ngp2|2026-06-02|night,ngp2,05:00,10,hydration,Catheter Reject,3.1
ngp2|2026-06-02|night,ngp2,05:00,10,hydration,Gripper,1.0
ngp2|2026-06-02|night,ngp2,05:00,10,foil,Printer,5.3
ngp2|2026-06-02|night,ngp2,05:00,10,foil,Detection Fault,6.3
ngp2|2026-06-02|night,ngp2,05:00,10,schubert,Line Stop / Wait,2.4
ngp2|2026-06-02|night,ngp2,05:00,10,manual,Manual,1.8
ngp2|2026-06-02|night,ngp2,06:00,11,hydration,Catheter Reject,1.8
ngp2|2026-06-02|night,ngp2,06:00,11,hydration,PMK / Media,12.9
ngp2|2026-06-02|night,ngp2,06:00,11,foil,Sealing Lane,2.5
ngp2|2026-06-02|night,ngp2,06:00,11,foil,Detection Fault,7.1
ngp2|2026-06-02|night,ngp2,06:00,11,foil,Labeler,7.1
ngp2|2026-06-02|night,ngp2,06:00,11,schubert,Line Stop / Wait,1.9
ngp2|2026-06-03|day,ngp2,07:00,0,hydration,PMK / Media,4.0
ngp2|2026-06-03|day,ngp2,07:00,0,hydration,Timing,2.2
ngp2|2026-06-03|day,ngp2,07:00,0,hydration,Gripper,3.4
ngp2|2026-06-03|day,ngp2,07:00,0,hydration,Limit Switch,2.0
ngp2|2026-06-03|day,ngp2,07:00,0,foil,Other,0.7
ngp2|2026-06-03|day,ngp2,07:00,0,foil,Detection Fault,7.8
ngp2|2026-06-03|day,ngp2,07:00,0,foil,Positioning,1.3
ngp2|2026-06-03|day,ngp2,07:00,0,foil,Labeler,5.3
ngp2|2026-06-03|day,ngp2,07:00,0,schubert,Line Stop / Wait,5.9
ngp2|2026-06-03|day,ngp2,07:00,0,manual,Manual,4.9
ngp2|2026-06-03|day,ngp2,08:00,1,hydration,Gripper,12.9
ngp2|2026-06-03|day,ngp2,08:00,1,hydration,Catheter Reject,1.3
ngp2|2026-06-03|day,ngp2,08:00,1,foil,Labeler,4.5
ngp2|2026-06-03|day,ngp2,08:00,1,foil,Other,3.2
ngp2|2026-06-03|day,ngp2,08:00,1,schubert,Line Stop / Wait,3.8
ngp2|2026-06-03|day,ngp2,09:00,2,hydration,Limit Switch,1.7
ngp2|2026-06-03|day,ngp2,09:00,2,foil,Other,1.9
ngp2|2026-06-03|day,ngp2,09:00,2,foil,Printer,5.0
ngp2|2026-06-03|day,ngp2,09:00,2,schubert,Line Stop / Wait,0.7
ngp2|2026-06-03|day,ngp2,10:00,3,foil,Sealing Lane,1.1
ngp2|2026-06-03|day,ngp2,10:00,3,foil,Detection Fault,17.7
ngp2|2026-06-03|day,ngp2,10:00,3,foil,Other,1.4
ngp2|2026-06-03|day,ngp2,10:00,3,schubert,Line Stop / Wait,3.3
ngp2|2026-06-03|day,ngp2,11:00,4,hydration,Catheter Reject,4.5
ngp2|2026-06-03|day,ngp2,11:00,4,foil,Positioning,3.1
ngp2|2026-06-03|day,ngp2,11:00,4,foil,Sealing Lane,5.3
ngp2|2026-06-03|day,ngp2,11:00,4,schubert,Line Stop / Wait,2.8
ngp2|2026-06-03|day,ngp2,11:00,4,unattributed,Other,2.8
ngp2|2026-06-03|day,ngp2,12:00,5,foil,Detection Fault,3.4
ngp2|2026-06-03|day,ngp2,12:00,5,foil,Sealing Lane,2.6
ngp2|2026-06-03|day,ngp2,12:00,5,foil,Printer,1.9
ngp2|2026-06-03|day,ngp2,12:00,5,schubert,Line Stop / Wait,9.5
ngp2|2026-06-03|day,ngp2,13:00,6,hydration,Limit Switch,1.3
ngp2|2026-06-03|day,ngp2,13:00,6,foil,Printer,1.3
ngp2|2026-06-03|day,ngp2,13:00,6,foil,Detection Fault,1.9
ngp2|2026-06-03|day,ngp2,13:00,6,schubert,Line Stop / Wait,2.3
ngp2|2026-06-03|day,ngp2,13:00,6,unattributed,Other,0.7
ngp2|2026-06-03|day,ngp2,14:00,7,hydration,Gripper,5.0
ngp2|2026-06-03|day,ngp2,14:00,7,schubert,Line Stop / Wait,6.8
ngp2|2026-06-03|day,ngp2,14:00,7,unattributed,Other,2.6
ngp2|2026-06-03|day,ngp2,15:00,8,foil,Sealing Lane,1.9
ngp2|2026-06-03|day,ngp2,15:00,8,foil,Other,3.0
ngp2|2026-06-03|day,ngp2,15:00,8,foil,Printer,10.3
ngp2|2026-06-03|day,ngp2,15:00,8,schubert,Line Stop / Wait,10.7
ngp2|2026-06-03|day,ngp2,15:00,8,unattributed,Other,3.9
ngp2|2026-06-03|day,ngp2,16:00,9,foil,Other,1.3
ngp2|2026-06-03|day,ngp2,16:00,9,foil,Printer,5.9
ngp2|2026-06-03|day,ngp2,16:00,9,foil,Labeler,8.5
ngp2|2026-06-03|day,ngp2,16:00,9,foil,Sealing Lane,2.5
ngp2|2026-06-03|day,ngp2,16:00,9,foil,Detection Fault,1.6
ngp2|2026-06-03|day,ngp2,16:00,9,foil,Positioning,1.6
ngp2|2026-06-03|day,ngp2,16:00,9,manual,Manual,3.5
ngp2|2026-06-03|day,ngp2,17:00,10,hydration,Catheter Reject,1.2
ngp2|2026-06-03|day,ngp2,17:00,10,hydration,Gripper,2.0
ngp2|2026-06-03|day,ngp2,17:00,10,foil,Positioning,1.6
ngp2|2026-06-03|day,ngp2,17:00,10,foil,Detection Fault,1.4
ngp2|2026-06-03|day,ngp2,17:00,10,unattributed,Other,3.5
ngp2|2026-06-03|day,ngp2,18:00,11,hydration,Gripper,1.0
ngp2|2026-06-03|day,ngp2,18:00,11,foil,Labeler,8.7
ngp2|2026-06-03|day,ngp2,18:00,11,foil,Other,1.3
ngp2|2026-06-03|day,ngp2,18:00,11,schubert,Line Stop / Wait,11.4
ngp2|2026-06-03|night,ngp2,19:00,0,hydration,Other,1.6
ngp2|2026-06-03|night,ngp2,19:00,0,foil,Other,13.3
ngp2|2026-06-03|night,ngp2,19:00,0,foil,Detection Fault,3.2
ngp2|2026-06-03|night,ngp2,19:00,0,foil,Sealing Lane,1.2
ngp2|2026-06-03|night,ngp2,19:00,0,foil,Printer,2.1
ngp2|2026-06-03|night,ngp2,19:00,0,schubert,Line Stop / Wait,1.6
ngp2|2026-06-03|night,ngp2,20:00,1,foil,Printer,0.5
ngp2|2026-06-03|night,ngp2,20:00,1,foil,Detection Fault,4.1
ngp2|2026-06-03|night,ngp2,20:00,1,foil,Sealing Lane,0.9
ngp2|2026-06-03|night,ngp2,20:00,1,foil,Positioning,0.6
ngp2|2026-06-03|night,ngp2,20:00,1,foil,Other,9.6
ngp2|2026-06-03|night,ngp2,20:00,1,schubert,Line Stop / Wait,1.5
ngp2|2026-06-03|night,ngp2,20:00,1,unattributed,Other,0.9
ngp2|2026-06-03|night,ngp2,21:00,2,hydration,Cap,1.0
ngp2|2026-06-03|night,ngp2,21:00,2,hydration,Catheter Reject,1.2
ngp2|2026-06-03|night,ngp2,21:00,2,hydration,Gripper,3.2
ngp2|2026-06-03|night,ngp2,21:00,2,foil,Other,4.4
ngp2|2026-06-03|night,ngp2,21:00,2,foil,Detection Fault,4.1
ngp2|2026-06-03|night,ngp2,21:00,2,foil,Printer,3.6
ngp2|2026-06-03|night,ngp2,21:00,2,foil,Sealing Lane,3.2
ngp2|2026-06-03|night,ngp2,22:00,3,hydration,Gripper,1.9
ngp2|2026-06-03|night,ngp2,22:00,3,hydration,Other,12.1
ngp2|2026-06-03|night,ngp2,22:00,3,hydration,Catheter Reject,2.2
ngp2|2026-06-03|night,ngp2,22:00,3,foil,Other,0.6
ngp2|2026-06-03|night,ngp2,22:00,3,foil,Sealing Lane,3.7
ngp2|2026-06-03|night,ngp2,23:00,4,hydration,Gripper,1.1
ngp2|2026-06-03|night,ngp2,23:00,4,foil,Detection Fault,1.5
ngp2|2026-06-03|night,ngp2,23:00,4,schubert,Line Stop / Wait,2.2
ngp2|2026-06-03|night,ngp2,00:00,5,hydration,Other,3.9
ngp2|2026-06-03|night,ngp2,00:00,5,foil,Printer,24.0
ngp2|2026-06-03|night,ngp2,00:00,5,schubert,Line Stop / Wait,1.6
ngp2|2026-06-03|night,ngp2,01:00,6,hydration,Gripper,2.3
ngp2|2026-06-03|night,ngp2,01:00,6,foil,Sealing Lane,2.2
ngp2|2026-06-03|night,ngp2,01:00,6,foil,Labeler,2.8
ngp2|2026-06-03|night,ngp2,01:00,6,schubert,Line Stop / Wait,7.9
ngp2|2026-06-03|night,ngp2,01:00,6,unattributed,Other,2.5
ngp2|2026-06-03|night,ngp2,02:00,7,hydration,Gripper,0.7
ngp2|2026-06-03|night,ngp2,02:00,7,hydration,Catheter Reject,1.2
ngp2|2026-06-03|night,ngp2,02:00,7,hydration,Limit Switch,1.0
ngp2|2026-06-03|night,ngp2,02:00,7,foil,Sealing Lane,1.2
ngp2|2026-06-03|night,ngp2,02:00,7,foil,Other,4.9
ngp2|2026-06-03|night,ngp2,02:00,7,schubert,Line Stop / Wait,19.9
ngp2|2026-06-03|night,ngp2,03:00,8,hydration,Catheter Reject,1.1
ngp2|2026-06-03|night,ngp2,03:00,8,hydration,Limit Switch,2.4
ngp2|2026-06-03|night,ngp2,03:00,8,foil,Other,5.4
ngp2|2026-06-03|night,ngp2,03:00,8,schubert,Line Stop / Wait,2.5
ngp2|2026-06-03|night,ngp2,03:00,8,manual,Manual,18.6
ngp2|2026-06-03|night,ngp2,04:00,9,foil,Detection Fault,4.5
ngp2|2026-06-03|night,ngp2,04:00,9,foil,Labeler,0.6
ngp2|2026-06-03|night,ngp2,04:00,9,schubert,Line Stop / Wait,2.3
ngp2|2026-06-03|night,ngp2,04:00,9,manual,Manual,25.2
ngp2|2026-06-03|night,ngp2,05:00,10,hydration,Catheter Reject,3.3
ngp2|2026-06-03|night,ngp2,05:00,10,foil,Labeler,7.4
ngp2|2026-06-03|night,ngp2,05:00,10,foil,Sealing Lane,2.2
ngp2|2026-06-03|night,ngp2,05:00,10,foil,Other,1.3
ngp2|2026-06-03|night,ngp2,05:00,10,schubert,Line Stop / Wait,1.4
ngp2|2026-06-03|night,ngp2,06:00,11,hydration,Gripper,1.4
ngp2|2026-06-03|night,ngp2,06:00,11,hydration,Limit Switch,0.7
ngp2|2026-06-03|night,ngp2,06:00,11,hydration,PMK / Media,10.1
ngp2|2026-06-03|night,ngp2,06:00,11,foil,Labeler,1.7
ngp2|2026-06-03|night,ngp2,06:00,11,foil,Positioning,1.1
ngp2|2026-06-03|night,ngp2,06:00,11,foil,Sealing Lane,5.8
ngp2|2026-06-03|night,ngp2,06:00,11,manual,Manual,2.6
ngp2|2026-06-04|day,ngp2,07:00,0,hydration,PMK / Media,2.2
ngp2|2026-06-04|day,ngp2,07:00,0,hydration,Gripper,20.6
ngp2|2026-06-04|day,ngp2,07:00,0,foil,Other,0.6
ngp2|2026-06-04|day,ngp2,07:00,0,foil,Detection Fault,3.8
ngp2|2026-06-04|day,ngp2,07:00,0,foil,Printer,2.6
ngp2|2026-06-04|day,ngp2,07:00,0,unattributed,Other,1.9
ngp2|2026-06-04|day,ngp2,08:00,1,hydration,Catheter Reject,1.6
ngp2|2026-06-04|day,ngp2,08:00,1,hydration,Limit Switch,4.7
ngp2|2026-06-04|day,ngp2,08:00,1,foil,Other,5.7
ngp2|2026-06-04|day,ngp2,08:00,1,foil,Labeler,5.1
ngp2|2026-06-04|day,ngp2,08:00,1,foil,Detection Fault,1.5
ngp2|2026-06-04|day,ngp2,08:00,1,schubert,Line Stop / Wait,3.0
ngp2|2026-06-04|day,ngp2,09:00,2,hydration,Limit Switch,2.4
ngp2|2026-06-04|day,ngp2,09:00,2,hydration,Catheter Reject,1.0
ngp2|2026-06-04|day,ngp2,09:00,2,foil,Positioning,0.9
ngp2|2026-06-04|day,ngp2,09:00,2,foil,Sealing Lane,1.9
ngp2|2026-06-04|day,ngp2,09:00,2,foil,Printer,20.8
ngp2|2026-06-04|day,ngp2,09:00,2,foil,Other,0.8
ngp2|2026-06-04|day,ngp2,09:00,2,schubert,Line Stop / Wait,0.7
ngp2|2026-06-04|day,ngp2,09:00,2,manual,Manual,16.3
ngp2|2026-06-04|day,ngp2,10:00,3,hydration,Cap,1.7
ngp2|2026-06-04|day,ngp2,10:00,3,hydration,Limit Switch,1.1
ngp2|2026-06-04|day,ngp2,10:00,3,schubert,Line Stop / Wait,4.7
ngp2|2026-06-04|day,ngp2,10:00,3,unattributed,Other,5.3
ngp2|2026-06-04|day,ngp2,11:00,4,hydration,Gripper,5.1
ngp2|2026-06-04|day,ngp2,11:00,4,hydration,Limit Switch,2.6
ngp2|2026-06-04|day,ngp2,11:00,4,foil,Printer,1.0
ngp2|2026-06-04|day,ngp2,11:00,4,foil,Sealing Lane,1.1
ngp2|2026-06-04|day,ngp2,11:00,4,schubert,Line Stop / Wait,2.8
ngp2|2026-06-04|day,ngp2,11:00,4,unattributed,Other,14.2
ngp2|2026-06-04|day,ngp2,12:00,5,hydration,Gripper,16.8
ngp2|2026-06-04|day,ngp2,12:00,5,foil,Printer,2.3
ngp2|2026-06-04|day,ngp2,12:00,5,foil,Sealing Lane,3.8
ngp2|2026-06-04|day,ngp2,12:00,5,schubert,Line Stop / Wait,2.2
ngp2|2026-06-04|day,ngp2,13:00,6,hydration,Limit Switch,2.5
ngp2|2026-06-04|day,ngp2,13:00,6,hydration,Gripper,6.0
ngp2|2026-06-04|day,ngp2,13:00,6,hydration,Catheter Reject,3.9
ngp2|2026-06-04|day,ngp2,13:00,6,foil,Sealing Lane,2.8
ngp2|2026-06-04|day,ngp2,13:00,6,foil,Detection Fault,1.7
ngp2|2026-06-04|day,ngp2,13:00,6,schubert,Line Stop / Wait,3.2
ngp2|2026-06-04|day,ngp2,14:00,7,foil,Printer,9.8
ngp2|2026-06-04|day,ngp2,14:00,7,schubert,Line Stop / Wait,2.0
ngp2|2026-06-04|day,ngp2,15:00,8,schubert,Line Stop / Wait,21.1
ngp2|2026-06-04|day,ngp2,16:00,9,hydration,Limit Switch,7.8
ngp2|2026-06-04|day,ngp2,16:00,9,hydration,Gripper,1.5
ngp2|2026-06-04|day,ngp2,16:00,9,foil,Printer,4.5
ngp2|2026-06-04|day,ngp2,16:00,9,schubert,Line Stop / Wait,18.4
ngp2|2026-06-04|day,ngp2,17:00,10,hydration,Cap,3.5
ngp2|2026-06-04|day,ngp2,17:00,10,hydration,Catheter Reject,3.6
ngp2|2026-06-04|day,ngp2,17:00,10,schubert,Line Stop / Wait,26.3
ngp2|2026-06-04|day,ngp2,18:00,11,hydration,Limit Switch,2.3
ngp2|2026-06-04|day,ngp2,18:00,11,hydration,Gripper,3.6
ngp2|2026-06-04|day,ngp2,18:00,11,foil,Sealing Lane,2.6
ngp2|2026-06-04|day,ngp2,18:00,11,schubert,Line Stop / Wait,8.0
ngp2|2026-06-04|day,ngp2,18:00,11,unattributed,Other,6.7
ngp2|2026-06-04|night,ngp2,19:00,0,hydration,Cap,2.0
ngp2|2026-06-04|night,ngp2,19:00,0,hydration,Limit Switch,0.9
ngp2|2026-06-04|night,ngp2,19:00,0,foil,Sealing Lane,0.7
ngp2|2026-06-04|night,ngp2,19:00,0,schubert,Line Stop / Wait,1.5
ngp2|2026-06-04|night,ngp2,20:00,1,foil,Other,12.4
ngp2|2026-06-04|night,ngp2,20:00,1,schubert,Line Stop / Wait,1.0
ngp2|2026-06-04|night,ngp2,21:00,2,hydration,Gripper,2.1
ngp2|2026-06-04|night,ngp2,21:00,2,foil,Other,1.6
ngp2|2026-06-04|night,ngp2,21:00,2,foil,Sealing Lane,1.1
ngp2|2026-06-04|night,ngp2,21:00,2,schubert,Line Stop / Wait,2.9
ngp2|2026-06-04|night,ngp2,21:00,2,unattributed,Other,1.4
ngp2|2026-06-04|night,ngp2,22:00,3,hydration,Gripper,1.0
ngp2|2026-06-04|night,ngp2,22:00,3,foil,Sealing Lane,1.2
ngp2|2026-06-04|night,ngp2,22:00,3,foil,Positioning,0.7
ngp2|2026-06-04|night,ngp2,22:00,3,foil,Printer,3.7
ngp2|2026-06-04|night,ngp2,22:00,3,schubert,Line Stop / Wait,1.5
ngp2|2026-06-04|night,ngp2,23:00,4,hydration,Gripper,1.2
ngp2|2026-06-04|night,ngp2,23:00,4,hydration,Catheter Reject,1.3
ngp2|2026-06-04|night,ngp2,23:00,4,hydration,Other,1.4
ngp2|2026-06-04|night,ngp2,23:00,4,foil,Sealing Lane,1.0
ngp2|2026-06-04|night,ngp2,23:00,4,foil,Printer,2.1
ngp2|2026-06-04|night,ngp2,23:00,4,foil,Labeler,4.8
ngp2|2026-06-04|night,ngp2,00:00,5,hydration,Cap,4.9
ngp2|2026-06-04|night,ngp2,00:00,5,hydration,Gripper,2.3
ngp2|2026-06-04|night,ngp2,00:00,5,hydration,Catheter Reject,1.2
ngp2|2026-06-04|night,ngp2,00:00,5,hydration,Limit Switch,1.2
ngp2|2026-06-04|night,ngp2,00:00,5,foil,Labeler,1.0
ngp2|2026-06-04|night,ngp2,00:00,5,foil,Printer,0.9
ngp2|2026-06-04|night,ngp2,00:00,5,schubert,Line Stop / Wait,4.6
ngp2|2026-06-04|night,ngp2,01:00,6,hydration,Limit Switch,1.1
ngp2|2026-06-04|night,ngp2,01:00,6,hydration,Catheter Reject,1.6
ngp2|2026-06-04|night,ngp2,01:00,6,hydration,Gripper,1.1
ngp2|2026-06-04|night,ngp2,01:00,6,foil,Sealing Lane,2.6
ngp2|2026-06-04|night,ngp2,02:00,7,hydration,Gripper,1.7
ngp2|2026-06-04|night,ngp2,02:00,7,foil,Other,2.0
ngp2|2026-06-04|night,ngp2,02:00,7,foil,Detection Fault,1.1
ngp2|2026-06-04|night,ngp2,02:00,7,foil,Sealing Lane,1.1
ngp2|2026-06-04|night,ngp2,02:00,7,schubert,Line Stop / Wait,4.5
ngp2|2026-06-04|night,ngp2,03:00,8,hydration,Catheter Reject,1.1
ngp2|2026-06-04|night,ngp2,03:00,8,hydration,Gripper,1.1
ngp2|2026-06-04|night,ngp2,03:00,8,hydration,Limit Switch,8.6
ngp2|2026-06-04|night,ngp2,03:00,8,foil,Detection Fault,1.1
ngp2|2026-06-04|night,ngp2,03:00,8,foil,Labeler,1.6
ngp2|2026-06-04|night,ngp2,03:00,8,schubert,Line Stop / Wait,2.3
ngp2|2026-06-04|night,ngp2,04:00,9,hydration,Limit Switch,1.3
ngp2|2026-06-04|night,ngp2,04:00,9,hydration,Cap,2.7
ngp2|2026-06-04|night,ngp2,04:00,9,foil,Sealing Lane,3.4
ngp2|2026-06-04|night,ngp2,04:00,9,foil,Positioning,1.0
ngp2|2026-06-04|night,ngp2,04:00,9,foil,Printer,3.6
ngp2|2026-06-04|night,ngp2,04:00,9,schubert,Line Stop / Wait,1.3
ngp2|2026-06-04|night,ngp2,05:00,10,hydration,Limit Switch,1.1
ngp2|2026-06-04|night,ngp2,05:00,10,hydration,Catheter Reject,3.6
ngp2|2026-06-04|night,ngp2,05:00,10,foil,Labeler,4.9
ngp2|2026-06-04|night,ngp2,05:00,10,foil,Other,1.3
ngp2|2026-06-04|night,ngp2,05:00,10,foil,Sealing Lane,1.3
ngp2|2026-06-04|night,ngp2,05:00,10,unattributed,Other,1.4
ngp2|2026-06-04|night,ngp2,06:00,11,hydration,Catheter Reject,3.5
ngp2|2026-06-04|night,ngp2,06:00,11,hydration,Gripper,2.3
ngp2|2026-06-04|night,ngp2,06:00,11,hydration,Limit Switch,0.9
ngp2|2026-06-04|night,ngp2,06:00,11,hydration,PMK / Media,10.3
ngp2|2026-06-04|night,ngp2,06:00,11,foil,Printer,1.6
ngp2|2026-06-04|night,ngp2,06:00,11,foil,Sealing Lane,3.7
ngp2|2026-06-04|night,ngp2,06:00,11,manual,Manual,0.4
ngp2|2026-06-13|day,ngp2,07:00,0,hydration,Other,60.0
ngp2|2026-06-13|day,ngp2,08:00,1,hydration,Other,60.0
ngp2|2026-06-13|day,ngp2,09:00,2,hydration,Other,60.0
ngp2|2026-06-13|day,ngp2,10:00,3,hydration,Other,23.3
ngp2|2026-06-13|day,ngp2,10:00,3,hydration,Cap,2.1
ngp2|2026-06-13|day,ngp2,10:00,3,foil,Detection Fault,2.7
ngp2|2026-06-13|day,ngp2,10:00,3,foil,Other,2.4
ngp2|2026-06-13|day,ngp2,10:00,3,schubert,Line Stop / Wait,1.4
ngp2|2026-06-13|day,ngp2,11:00,4,hydration,Limit Switch,1.3
ngp2|2026-06-13|day,ngp2,11:00,4,foil,Sealing Lane,1.0
ngp2|2026-06-13|day,ngp2,11:00,4,foil,Other,2.8
ngp2|2026-06-13|day,ngp2,11:00,4,schubert,Line Stop / Wait,6.6
ngp2|2026-06-13|day,ngp2,12:00,5,foil,Printer,59.4
ngp2|2026-06-13|day,ngp2,13:00,6,hydration,Limit Switch,1.8
ngp2|2026-06-13|day,ngp2,13:00,6,foil,Printer,7.2
ngp2|2026-06-13|day,ngp2,13:00,6,foil,Other,6.0
ngp2|2026-06-13|day,ngp2,13:00,6,manual,Manual,1.6
ngp2|2026-06-13|day,ngp2,14:00,7,foil,Other,4.2
ngp2|2026-06-13|day,ngp2,14:00,7,foil,Printer,34.4
ngp2|2026-06-13|day,ngp2,14:00,7,foil,Positioning,0.5
ngp2|2026-06-13|day,ngp2,14:00,7,foil,Edge Trim,2.9
ngp2|2026-06-13|day,ngp2,15:00,8,hydration,Gripper,6.1
ngp2|2026-06-13|day,ngp2,15:00,8,hydration,Other,1.7
ngp2|2026-06-13|day,ngp2,15:00,8,manual,Manual,1.8
ngp2|2026-06-13|day,ngp2,15:00,8,unattributed,Other,19.4
ngp2|2026-06-13|day,ngp2,16:00,9,hydration,Gripper,0.2
ngp2|2026-06-13|day,ngp2,16:00,9,foil,Sealing Lane,3.2
ngp2|2026-06-13|day,ngp2,16:00,9,foil,Positioning,0.9
ngp2|2026-06-13|day,ngp2,16:00,9,foil,Detection Fault,1.7
ngp2|2026-06-13|day,ngp2,16:00,9,schubert,Line Stop / Wait,2.1
ngp2|2026-06-13|day,ngp2,16:00,9,unattributed,Other,1.8
ngp2|2026-06-13|day,ngp2,17:00,10,hydration,Other,2.6
ngp2|2026-06-13|day,ngp2,17:00,10,hydration,PMK / Media,10.1
ngp2|2026-06-13|day,ngp2,17:00,10,foil,Sealing Lane,8.5
ngp2|2026-06-13|day,ngp2,17:00,10,foil,Detection Fault,1.5
ngp2|2026-06-13|day,ngp2,18:00,11,hydration,Limit Switch,1.7
ngp2|2026-06-13|day,ngp2,18:00,11,foil,Detection Fault,2.0
ngp2|2026-06-13|day,ngp2,18:00,11,schubert,Line Stop / Wait,4.5
ngp2|2026-06-13|day,ngp2,18:00,11,unattributed,Other,1.3
ngp2|2026-06-13|night,ngp2,19:00,0,foil,Detection Fault,3.4
ngp2|2026-06-13|night,ngp2,19:00,0,foil,Other,1.3
ngp2|2026-06-13|night,ngp2,19:00,0,foil,Positioning,1.3
ngp2|2026-06-13|night,ngp2,19:00,0,foil,Labeler,13.5
ngp2|2026-06-13|night,ngp2,19:00,0,foil,Sealing Lane,1.1
ngp2|2026-06-13|night,ngp2,19:00,0,schubert,Line Stop / Wait,6.7
ngp2|2026-06-13|night,ngp2,19:00,0,unattributed,Other,1.8
ngp2|2026-06-13|night,ngp2,20:00,1,hydration,Limit Switch,1.6
ngp2|2026-06-13|night,ngp2,20:00,1,foil,Labeler,23.2
ngp2|2026-06-13|night,ngp2,20:00,1,foil,Other,2.0
ngp2|2026-06-13|night,ngp2,20:00,1,foil,Printer,2.4
ngp2|2026-06-13|night,ngp2,20:00,1,foil,Edge Trim,0.9
ngp2|2026-06-13|night,ngp2,20:00,1,schubert,Line Stop / Wait,2.4
ngp2|2026-06-13|night,ngp2,21:00,2,hydration,Limit Switch,1.1
ngp2|2026-06-13|night,ngp2,21:00,2,foil,Edge Trim,5.1
ngp2|2026-06-13|night,ngp2,21:00,2,foil,Labeler,15.3
ngp2|2026-06-13|night,ngp2,21:00,2,foil,Other,1.4
ngp2|2026-06-13|night,ngp2,21:00,2,manual,Manual,9.3
ngp2|2026-06-13|night,ngp2,22:00,3,foil,Sealing Lane,1.0
ngp2|2026-06-13|night,ngp2,22:00,3,foil,Other,19.8
ngp2|2026-06-13|night,ngp2,22:00,3,manual,Manual,33.1
ngp2|2026-06-13|night,ngp2,23:00,4,hydration,Cap,1.5
ngp2|2026-06-13|night,ngp2,23:00,4,hydration,Catheter Reject,3.2
ngp2|2026-06-13|night,ngp2,23:00,4,foil,Other,5.1
ngp2|2026-06-13|night,ngp2,23:00,4,foil,Printer,3.7
ngp2|2026-06-13|night,ngp2,23:00,4,schubert,Line Stop / Wait,1.5
ngp2|2026-06-13|night,ngp2,23:00,4,unattributed,Other,5.3
ngp2|2026-06-13|night,ngp2,00:00,5,hydration,Limit Switch,1.7
ngp2|2026-06-13|night,ngp2,00:00,5,hydration,Cap,1.5
ngp2|2026-06-13|night,ngp2,00:00,5,foil,Other,6.7
ngp2|2026-06-13|night,ngp2,00:00,5,schubert,Line Stop / Wait,4.4
ngp2|2026-06-13|night,ngp2,00:00,5,manual,Manual,0.6
ngp2|2026-06-13|night,ngp2,00:00,5,unattributed,Other,3.6
ngp2|2026-06-13|night,ngp2,01:00,6,foil,Sealing Lane,10.7
ngp2|2026-06-13|night,ngp2,01:00,6,foil,Detection Fault,1.7
ngp2|2026-06-13|night,ngp2,01:00,6,schubert,Line Stop / Wait,0.7
ngp2|2026-06-13|night,ngp2,02:00,7,foil,Sealing Lane,6.1
ngp2|2026-06-13|night,ngp2,02:00,7,schubert,Line Stop / Wait,3.2
ngp2|2026-06-13|night,ngp2,02:00,7,unattributed,Other,2.4
ngp2|2026-06-13|night,ngp2,03:00,8,foil,Sealing Lane,14.6
ngp2|2026-06-13|night,ngp2,03:00,8,foil,Detection Fault,10.4
ngp2|2026-06-13|night,ngp2,03:00,8,foil,Other,14.2
ngp2|2026-06-13|night,ngp2,03:00,8,manual,Manual,1.6
ngp2|2026-06-13|night,ngp2,04:00,9,hydration,Limit Switch,3.4
ngp2|2026-06-13|night,ngp2,04:00,9,foil,Detection Fault,2.7
ngp2|2026-06-13|night,ngp2,04:00,9,schubert,Line Stop / Wait,17.5
ngp2|2026-06-13|night,ngp2,05:00,10,hydration,Limit Switch,2.2
ngp2|2026-06-13|night,ngp2,05:00,10,foil,Sealing Lane,1.7
ngp2|2026-06-13|night,ngp2,05:00,10,foil,Detection Fault,1.4
ngp2|2026-06-13|night,ngp2,05:00,10,foil,Printer,6.2
ngp2|2026-06-13|night,ngp2,05:00,10,foil,Other,19.9
ngp2|2026-06-13|night,ngp2,06:00,11,hydration,Cap,1.4
ngp2|2026-06-13|night,ngp2,06:00,11,hydration,PMK / Media,37.3
ngp2|2026-06-13|night,ngp2,06:00,11,foil,Sealing Lane,1.2
ngp2|2026-06-14|day,ngp2,07:00,0,hydration,PMK / Media,11.0
ngp2|2026-06-14|day,ngp2,07:00,0,hydration,Catheter Reject,30.4
ngp2|2026-06-14|day,ngp2,07:00,0,hydration,Gripper,1.8
ngp2|2026-06-14|day,ngp2,07:00,0,hydration,Other,2.0
ngp2|2026-06-14|day,ngp2,07:00,0,hydration,Cover,4.8
ngp2|2026-06-14|day,ngp2,07:00,0,foil,Other,1.4
ngp2|2026-06-14|day,ngp2,07:00,0,manual,Manual,0.7
ngp2|2026-06-14|day,ngp2,08:00,1,hydration,Catheter Reject,13.0
ngp2|2026-06-14|day,ngp2,08:00,1,hydration,Cap,8.9
ngp2|2026-06-14|day,ngp2,08:00,1,hydration,Cover,6.1
ngp2|2026-06-14|day,ngp2,08:00,1,hydration,Other,14.1
ngp2|2026-06-14|day,ngp2,08:00,1,foil,Edge Trim,4.1
ngp2|2026-06-14|day,ngp2,08:00,1,foil,Detection Fault,4.5
ngp2|2026-06-14|day,ngp2,09:00,2,hydration,Cap,8.5
ngp2|2026-06-14|day,ngp2,09:00,2,hydration,Catheter Reject,1.1
ngp2|2026-06-14|day,ngp2,09:00,2,hydration,Limit Switch,11.1
ngp2|2026-06-14|day,ngp2,09:00,2,foil,Detection Fault,3.8
ngp2|2026-06-14|day,ngp2,09:00,2,foil,Sealing Lane,1.0
ngp2|2026-06-14|day,ngp2,09:00,2,foil,Labeler,2.0
ngp2|2026-06-14|day,ngp2,09:00,2,foil,Printer,1.1
ngp2|2026-06-14|day,ngp2,09:00,2,schubert,Line Stop / Wait,1.1
ngp2|2026-06-14|day,ngp2,09:00,2,manual,Manual,2.8
ngp2|2026-06-14|day,ngp2,10:00,3,hydration,Limit Switch,1.1
ngp2|2026-06-14|day,ngp2,10:00,3,hydration,Cap,2.1
ngp2|2026-06-14|day,ngp2,10:00,3,hydration,Other,1.5
ngp2|2026-06-14|day,ngp2,10:00,3,hydration,Gripper,2.2
ngp2|2026-06-14|day,ngp2,10:00,3,foil,Detection Fault,3.2
ngp2|2026-06-14|day,ngp2,10:00,3,foil,Printer,2.6
ngp2|2026-06-14|day,ngp2,10:00,3,foil,Other,2.8
ngp2|2026-06-14|day,ngp2,10:00,3,schubert,Line Stop / Wait,1.2
ngp2|2026-06-14|day,ngp2,11:00,4,hydration,Gripper,1.2
ngp2|2026-06-14|day,ngp2,11:00,4,foil,Labeler,7.7
ngp2|2026-06-14|day,ngp2,11:00,4,foil,Detection Fault,4.5
ngp2|2026-06-14|day,ngp2,11:00,4,foil,Other,1.3
ngp2|2026-06-14|day,ngp2,11:00,4,manual,Manual,10.3
ngp2|2026-06-14|day,ngp2,11:00,4,unattributed,Other,1.4
ngp2|2026-06-14|day,ngp2,12:00,5,hydration,Cap,2.9
ngp2|2026-06-14|day,ngp2,12:00,5,foil,Sealing Lane,2.4
ngp2|2026-06-14|day,ngp2,12:00,5,foil,Printer,6.4
ngp2|2026-06-14|day,ngp2,12:00,5,foil,Other,8.6
ngp2|2026-06-14|day,ngp2,12:00,5,schubert,Line Stop / Wait,5.2
ngp2|2026-06-14|day,ngp2,13:00,6,hydration,Cap,1.3
ngp2|2026-06-14|day,ngp2,13:00,6,hydration,Gripper,8.9
ngp2|2026-06-14|day,ngp2,13:00,6,foil,Detection Fault,1.1
ngp2|2026-06-14|day,ngp2,13:00,6,foil,Sealing Lane,2.9
ngp2|2026-06-14|day,ngp2,13:00,6,schubert,Line Stop / Wait,11.9
ngp2|2026-06-14|day,ngp2,14:00,7,hydration,Cap,2.7
ngp2|2026-06-14|day,ngp2,14:00,7,hydration,Gripper,1.2
ngp2|2026-06-14|day,ngp2,14:00,7,hydration,Other,1.7
ngp2|2026-06-14|day,ngp2,14:00,7,hydration,Limit Switch,1.9
ngp2|2026-06-14|day,ngp2,14:00,7,foil,Detection Fault,3.3
ngp2|2026-06-14|day,ngp2,14:00,7,foil,Sealing Lane,3.1
ngp2|2026-06-14|day,ngp2,14:00,7,schubert,Line Stop / Wait,1.7
ngp2|2026-06-14|day,ngp2,14:00,7,unattributed,Other,0.7
ngp2|2026-06-14|day,ngp2,15:00,8,hydration,Cap,8.9
ngp2|2026-06-14|day,ngp2,15:00,8,hydration,Limit Switch,4.1
ngp2|2026-06-14|day,ngp2,15:00,8,foil,Printer,1.3
ngp2|2026-06-14|day,ngp2,15:00,8,foil,Labeler,12.4
ngp2|2026-06-14|day,ngp2,15:00,8,foil,Sealing Lane,0.9
ngp2|2026-06-14|day,ngp2,16:00,9,hydration,Limit Switch,1.5
ngp2|2026-06-14|day,ngp2,16:00,9,hydration,Timing,3.0
ngp2|2026-06-14|day,ngp2,16:00,9,foil,Detection Fault,3.1
ngp2|2026-06-14|day,ngp2,16:00,9,foil,Positioning,1.3
ngp2|2026-06-14|day,ngp2,16:00,9,foil,Printer,2.0
ngp2|2026-06-14|day,ngp2,16:00,9,schubert,Line Stop / Wait,1.3
ngp2|2026-06-14|day,ngp2,16:00,9,unattributed,Other,0.7
ngp2|2026-06-14|day,ngp2,17:00,10,hydration,Catheter Reject,7.5
ngp2|2026-06-14|day,ngp2,17:00,10,hydration,Cap,1.6
ngp2|2026-06-14|day,ngp2,17:00,10,hydration,Limit Switch,1.5
ngp2|2026-06-14|day,ngp2,17:00,10,foil,Sealing Lane,2.2
ngp2|2026-06-14|day,ngp2,17:00,10,foil,Detection Fault,10.6
ngp2|2026-06-14|day,ngp2,17:00,10,schubert,Line Stop / Wait,2.4
ngp2|2026-06-14|day,ngp2,17:00,10,unattributed,Other,1.5
ngp2|2026-06-14|day,ngp2,18:00,11,hydration,Limit Switch,3.8
ngp2|2026-06-14|day,ngp2,18:00,11,hydration,Cover,1.5
ngp2|2026-06-14|day,ngp2,18:00,11,hydration,Cap,5.4
ngp2|2026-06-14|day,ngp2,18:00,11,hydration,Other,3.1
ngp2|2026-06-14|day,ngp2,18:00,11,hydration,Gripper,0.7
ngp2|2026-06-14|day,ngp2,18:00,11,foil,Detection Fault,0.8
ngp2|2026-06-14|day,ngp2,18:00,11,foil,Sealing Lane,1.0
ngp2|2026-06-14|day,ngp2,18:00,11,unattributed,Other,1.8
ngp2|2026-06-14|night,ngp2,19:00,0,hydration,Cap,6.5
ngp2|2026-06-14|night,ngp2,19:00,0,hydration,Other,12.7
ngp2|2026-06-14|night,ngp2,19:00,0,hydration,Catheter Reject,10.2
ngp2|2026-06-14|night,ngp2,19:00,0,foil,Detection Fault,18.6
ngp2|2026-06-14|night,ngp2,19:00,0,unattributed,Other,0.5
ngp2|2026-06-14|night,ngp2,20:00,1,hydration,Limit Switch,1.7
ngp2|2026-06-14|night,ngp2,20:00,1,hydration,Cap,9.1
ngp2|2026-06-14|night,ngp2,20:00,1,hydration,Catheter Reject,4.8
ngp2|2026-06-14|night,ngp2,20:00,1,hydration,Gripper,4.4
ngp2|2026-06-14|night,ngp2,20:00,1,foil,Detection Fault,8.9
ngp2|2026-06-14|night,ngp2,20:00,1,foil,Other,2.6
ngp2|2026-06-14|night,ngp2,21:00,2,hydration,Catheter Reject,3.5
ngp2|2026-06-14|night,ngp2,21:00,2,hydration,Limit Switch,1.8
ngp2|2026-06-14|night,ngp2,21:00,2,hydration,Cap,10.5
ngp2|2026-06-14|night,ngp2,21:00,2,foil,Detection Fault,17.6
ngp2|2026-06-14|night,ngp2,21:00,2,foil,Positioning,4.4
ngp2|2026-06-14|night,ngp2,22:00,3,hydration,Limit Switch,4.2
ngp2|2026-06-14|night,ngp2,22:00,3,hydration,Cap,3.4
ngp2|2026-06-14|night,ngp2,22:00,3,hydration,Catheter Reject,1.5
ngp2|2026-06-14|night,ngp2,22:00,3,hydration,Gripper,4.8
ngp2|2026-06-14|night,ngp2,22:00,3,foil,Other,5.7
ngp2|2026-06-14|night,ngp2,22:00,3,foil,Detection Fault,4.3
ngp2|2026-06-14|night,ngp2,22:00,3,foil,Positioning,1.2
ngp2|2026-06-14|night,ngp2,22:00,3,foil,Labeler,1.2
ngp2|2026-06-14|night,ngp2,22:00,3,schubert,Line Stop / Wait,3.1
ngp2|2026-06-14|night,ngp2,23:00,4,hydration,Catheter Reject,3.0
ngp2|2026-06-14|night,ngp2,23:00,4,hydration,Gripper,1.5
ngp2|2026-06-14|night,ngp2,23:00,4,foil,Detection Fault,3.2
ngp2|2026-06-14|night,ngp2,23:00,4,foil,Labeler,7.8
ngp2|2026-06-14|night,ngp2,23:00,4,foil,Other,1.3
ngp2|2026-06-14|night,ngp2,23:00,4,unattributed,Other,6.2
ngp2|2026-06-14|night,ngp2,00:00,5,hydration,Catheter Reject,1.3
ngp2|2026-06-14|night,ngp2,00:00,5,hydration,Cap,3.5
ngp2|2026-06-14|night,ngp2,00:00,5,hydration,Limit Switch,1.9
ngp2|2026-06-14|night,ngp2,00:00,5,foil,Detection Fault,4.0
ngp2|2026-06-14|night,ngp2,00:00,5,foil,Printer,8.2
ngp2|2026-06-14|night,ngp2,00:00,5,foil,Sealing Lane,1.1
ngp2|2026-06-14|night,ngp2,00:00,5,schubert,Line Stop / Wait,3.7
ngp2|2026-06-14|night,ngp2,01:00,6,hydration,Catheter Reject,4.4
ngp2|2026-06-14|night,ngp2,01:00,6,foil,Other,2.0
ngp2|2026-06-14|night,ngp2,01:00,6,foil,Detection Fault,4.0
ngp2|2026-06-14|night,ngp2,01:00,6,schubert,Line Stop / Wait,1.4
ngp2|2026-06-14|night,ngp2,01:00,6,unattributed,Other,1.8
ngp2|2026-06-14|night,ngp2,02:00,7,hydration,Cap,1.7
ngp2|2026-06-14|night,ngp2,02:00,7,hydration,Catheter Reject,4.9
ngp2|2026-06-14|night,ngp2,02:00,7,foil,Detection Fault,5.0
ngp2|2026-06-14|night,ngp2,02:00,7,foil,Sealing Lane,4.4
ngp2|2026-06-14|night,ngp2,02:00,7,foil,Positioning,1.6
ngp2|2026-06-14|night,ngp2,02:00,7,foil,Printer,1.6
ngp2|2026-06-14|night,ngp2,02:00,7,foil,Other,6.8
ngp2|2026-06-14|night,ngp2,02:00,7,schubert,Line Stop / Wait,6.0
ngp2|2026-06-14|night,ngp2,02:00,7,manual,Manual,2.8
ngp2|2026-06-14|night,ngp2,03:00,8,hydration,Cap,2.1
ngp2|2026-06-14|night,ngp2,03:00,8,hydration,Limit Switch,1.6
ngp2|2026-06-14|night,ngp2,03:00,8,foil,Other,9.4
ngp2|2026-06-14|night,ngp2,03:00,8,foil,Detection Fault,5.4
ngp2|2026-06-14|night,ngp2,03:00,8,manual,Manual,2.8
ngp2|2026-06-14|night,ngp2,03:00,8,unattributed,Other,1.8
ngp2|2026-06-14|night,ngp2,04:00,9,hydration,Cap,2.0
ngp2|2026-06-14|night,ngp2,04:00,9,foil,Detection Fault,4.9
ngp2|2026-06-14|night,ngp2,04:00,9,foil,Printer,3.8
ngp2|2026-06-14|night,ngp2,04:00,9,schubert,Line Stop / Wait,2.6
ngp2|2026-06-14|night,ngp2,04:00,9,unattributed,Other,2.2
ngp2|2026-06-14|night,ngp2,05:00,10,hydration,Cap,4.8
ngp2|2026-06-14|night,ngp2,05:00,10,hydration,Other,8.8
ngp2|2026-06-14|night,ngp2,05:00,10,foil,Detection Fault,6.4
ngp2|2026-06-14|night,ngp2,05:00,10,schubert,Line Stop / Wait,4.3
ngp2|2026-06-14|night,ngp2,06:00,11,hydration,Other,7.2
ngp2|2026-06-14|night,ngp2,06:00,11,hydration,Limit Switch,2.1
ngp2|2026-06-14|night,ngp2,06:00,11,hydration,Cap,1.5
ngp2|2026-06-14|night,ngp2,06:00,11,hydration,Catheter Reject,1.7
ngp2|2026-06-14|night,ngp2,06:00,11,hydration,PMK / Media,11.3
ngp2|2026-06-14|night,ngp2,06:00,11,foil,Sealing Lane,1.5
ngp2|2026-06-14|night,ngp2,06:00,11,foil,Detection Fault,7.2
ngp2|2026-06-14|night,ngp2,06:00,11,foil,Positioning,1.5
ngp2|2026-06-15|day,ngp2,07:00,0,hydration,PMK / Media,0.0
ngp2|2026-06-15|day,ngp2,07:00,0,hydration,Other,1.8
ngp2|2026-06-15|day,ngp2,07:00,0,hydration,Cap,1.9
ngp2|2026-06-15|day,ngp2,07:00,0,foil,Detection Fault,13.6
ngp2|2026-06-15|day,ngp2,07:00,0,foil,Other,7.5
ngp2|2026-06-15|day,ngp2,07:00,0,foil,Labeler,3.7
ngp2|2026-06-15|day,ngp2,07:00,0,foil,Sealing Lane,2.6
ngp2|2026-06-15|day,ngp2,07:00,0,foil,Printer,0.4
ngp2|2026-06-15|day,ngp2,08:00,1,hydration,Cap,5.7
ngp2|2026-06-15|day,ngp2,08:00,1,hydration,Catheter Reject,1.4
ngp2|2026-06-15|day,ngp2,08:00,1,foil,Printer,1.4
ngp2|2026-06-15|day,ngp2,08:00,1,foil,Detection Fault,2.5
ngp2|2026-06-15|day,ngp2,08:00,1,foil,Other,10.3
ngp2|2026-06-15|day,ngp2,08:00,1,foil,Positioning,1.6
ngp2|2026-06-15|day,ngp2,08:00,1,foil,Sealing Lane,0.8
ngp2|2026-06-15|day,ngp2,09:00,2,hydration,Other,3.8
ngp2|2026-06-15|day,ngp2,09:00,2,foil,Sealing Lane,1.7
ngp2|2026-06-15|day,ngp2,09:00,2,foil,Detection Fault,18.4
ngp2|2026-06-15|day,ngp2,09:00,2,foil,Labeler,6.8
ngp2|2026-06-15|day,ngp2,10:00,3,hydration,Other,2.8
ngp2|2026-06-15|day,ngp2,10:00,3,hydration,Cap,5.3
ngp2|2026-06-15|day,ngp2,10:00,3,hydration,Gripper,3.6
ngp2|2026-06-15|day,ngp2,10:00,3,foil,Detection Fault,4.0
ngp2|2026-06-15|day,ngp2,10:00,3,foil,Positioning,2.0
ngp2|2026-06-15|day,ngp2,10:00,3,schubert,Line Stop / Wait,2.8
ngp2|2026-06-15|day,ngp2,11:00,4,hydration,Limit Switch,2.0
ngp2|2026-06-15|day,ngp2,11:00,4,hydration,Cap,1.2
ngp2|2026-06-15|day,ngp2,11:00,4,foil,Printer,2.3
ngp2|2026-06-15|day,ngp2,11:00,4,foil,Sealing Lane,1.0
ngp2|2026-06-15|day,ngp2,11:00,4,foil,Labeler,5.3
ngp2|2026-06-15|day,ngp2,11:00,4,schubert,Line Stop / Wait,1.4
ngp2|2026-06-15|day,ngp2,11:00,4,unattributed,Other,1.0
ngp2|2026-06-15|day,ngp2,12:00,5,foil,Printer,2.2
ngp2|2026-06-15|day,ngp2,12:00,5,schubert,Line Stop / Wait,4.0
ngp2|2026-06-15|day,ngp2,12:00,5,unattributed,Other,2.2
ngp2|2026-06-15|day,ngp2,13:00,6,hydration,Cap,1.4
ngp2|2026-06-15|day,ngp2,13:00,6,hydration,Other,2.9
ngp2|2026-06-15|day,ngp2,13:00,6,foil,Detection Fault,3.8
ngp2|2026-06-15|day,ngp2,13:00,6,foil,Sealing Lane,1.3
ngp2|2026-06-15|day,ngp2,13:00,6,foil,Other,1.2
ngp2|2026-06-15|day,ngp2,13:00,6,schubert,Line Stop / Wait,0.9
ngp2|2026-06-15|day,ngp2,13:00,6,unattributed,Other,2.0
ngp2|2026-06-15|day,ngp2,14:00,7,hydration,Cap,2.9
ngp2|2026-06-15|day,ngp2,14:00,7,foil,Other,17.4
ngp2|2026-06-15|day,ngp2,14:00,7,foil,Detection Fault,1.5
ngp2|2026-06-15|day,ngp2,14:00,7,schubert,Line Stop / Wait,1.3
ngp2|2026-06-15|day,ngp2,14:00,7,unattributed,Other,1.8
ngp2|2026-06-15|day,ngp2,15:00,8,hydration,Gripper,13.6
ngp2|2026-06-15|day,ngp2,15:00,8,foil,Detection Fault,1.4
ngp2|2026-06-15|day,ngp2,15:00,8,schubert,Line Stop / Wait,5.5
ngp2|2026-06-15|day,ngp2,15:00,8,unattributed,Other,5.3
ngp2|2026-06-15|day,ngp2,16:00,9,hydration,Cap,7.9
ngp2|2026-06-15|day,ngp2,16:00,9,hydration,Gripper,3.4
ngp2|2026-06-15|day,ngp2,16:00,9,hydration,Limit Switch,1.3
ngp2|2026-06-15|day,ngp2,16:00,9,foil,Detection Fault,16.9
ngp2|2026-06-15|day,ngp2,16:00,9,schubert,Line Stop / Wait,1.6
ngp2|2026-06-15|day,ngp2,17:00,10,hydration,Other,6.9
ngp2|2026-06-15|day,ngp2,17:00,10,hydration,Timing,2.3
ngp2|2026-06-15|day,ngp2,17:00,10,hydration,Cap,1.9
ngp2|2026-06-15|day,ngp2,17:00,10,foil,Detection Fault,8.1
ngp2|2026-06-15|day,ngp2,17:00,10,foil,Sealing Lane,1.7
ngp2|2026-06-15|day,ngp2,17:00,10,foil,Other,2.9
ngp2|2026-06-15|day,ngp2,18:00,11,hydration,Other,0.1
ngp2|2026-06-15|day,ngp2,18:00,11,hydration,Timing,1.8
ngp2|2026-06-15|day,ngp2,18:00,11,hydration,Gripper,2.7
ngp2|2026-06-15|day,ngp2,18:00,11,hydration,Cap,7.3
ngp2|2026-06-15|day,ngp2,18:00,11,hydration,Limit Switch,1.1
ngp2|2026-06-15|day,ngp2,18:00,11,foil,Detection Fault,4.4
ngp2|2026-06-15|day,ngp2,18:00,11,schubert,Line Stop / Wait,3.1
ngp2|2026-06-15|night,ngp2,19:00,0,hydration,Gripper,6.5
ngp2|2026-06-15|night,ngp2,19:00,0,hydration,Cap,6.5
ngp2|2026-06-15|night,ngp2,19:00,0,foil,Other,1.4
ngp2|2026-06-15|night,ngp2,19:00,0,foil,Sealing Lane,0.7
ngp2|2026-06-15|night,ngp2,19:00,0,schubert,Line Stop / Wait,1.3
ngp2|2026-06-15|night,ngp2,19:00,0,unattributed,Other,2.1
ngp2|2026-06-15|night,ngp2,20:00,1,hydration,Catheter Reject,8.3
ngp2|2026-06-15|night,ngp2,20:00,1,hydration,Limit Switch,1.2
ngp2|2026-06-15|night,ngp2,20:00,1,hydration,Cap,3.3
ngp2|2026-06-15|night,ngp2,20:00,1,foil,Detection Fault,2.2
ngp2|2026-06-15|night,ngp2,20:00,1,foil,Printer,5.6
ngp2|2026-06-15|night,ngp2,20:00,1,schubert,Line Stop / Wait,2.3
ngp2|2026-06-15|night,ngp2,21:00,2,hydration,Cap,1.3
ngp2|2026-06-15|night,ngp2,21:00,2,foil,Detection Fault,5.5
ngp2|2026-06-15|night,ngp2,21:00,2,foil,Positioning,1.1
ngp2|2026-06-15|night,ngp2,21:00,2,foil,Printer,7.4
ngp2|2026-06-15|night,ngp2,21:00,2,foil,Labeler,14.4
ngp2|2026-06-15|night,ngp2,21:00,2,foil,Other,1.3
ngp2|2026-06-15|night,ngp2,21:00,2,manual,Manual,1.6
ngp2|2026-06-15|night,ngp2,22:00,3,foil,Detection Fault,6.8
ngp2|2026-06-15|night,ngp2,22:00,3,foil,Labeler,14.0
ngp2|2026-06-15|night,ngp2,22:00,3,schubert,Line Stop / Wait,1.8
ngp2|2026-06-15|night,ngp2,22:00,3,manual,Manual,6.0
ngp2|2026-06-15|night,ngp2,23:00,4,hydration,Catheter Reject,13.5
ngp2|2026-06-15|night,ngp2,23:00,4,foil,Printer,2.8
ngp2|2026-06-15|night,ngp2,23:00,4,foil,Detection Fault,1.2
ngp2|2026-06-15|night,ngp2,23:00,4,foil,Other,1.6
ngp2|2026-06-15|night,ngp2,23:00,4,schubert,Line Stop / Wait,1.2
ngp2|2026-06-15|night,ngp2,23:00,4,manual,Manual,16.2
ngp2|2026-06-15|night,ngp2,00:00,5,hydration,Cap,1.5
ngp2|2026-06-15|night,ngp2,00:00,5,hydration,Catheter Reject,1.1
ngp2|2026-06-15|night,ngp2,00:00,5,foil,Printer,7.7
ngp2|2026-06-15|night,ngp2,00:00,5,foil,Other,27.4
ngp2|2026-06-15|night,ngp2,00:00,5,manual,Manual,5.2
ngp2|2026-06-15|night,ngp2,01:00,6,hydration,Other,9.9
ngp2|2026-06-15|night,ngp2,01:00,6,hydration,Timing,8.5
ngp2|2026-06-15|night,ngp2,01:00,6,hydration,Cap,1.5
ngp2|2026-06-15|night,ngp2,01:00,6,foil,Other,0.4
ngp2|2026-06-15|night,ngp2,01:00,6,foil,Positioning,0.9
ngp2|2026-06-15|night,ngp2,01:00,6,foil,Detection Fault,1.6
ngp2|2026-06-15|night,ngp2,01:00,6,foil,Printer,6.7
ngp2|2026-06-15|night,ngp2,01:00,6,foil,Sealing Lane,2.2
ngp2|2026-06-15|night,ngp2,01:00,6,foil,Labeler,1.9
ngp2|2026-06-15|night,ngp2,01:00,6,unattributed,Other,1.2
ngp2|2026-06-15|night,ngp2,02:00,7,hydration,Other,5.7
ngp2|2026-06-15|night,ngp2,02:00,7,hydration,Cap,10.7
ngp2|2026-06-15|night,ngp2,02:00,7,hydration,Gripper,1.6
ngp2|2026-06-15|night,ngp2,02:00,7,foil,Other,5.5
ngp2|2026-06-15|night,ngp2,02:00,7,foil,Labeler,7.0
ngp2|2026-06-15|night,ngp2,02:00,7,schubert,Line Stop / Wait,3.8
ngp2|2026-06-15|night,ngp2,03:00,8,foil,Detection Fault,29.0
ngp2|2026-06-15|night,ngp2,03:00,8,foil,Positioning,0.7
ngp2|2026-06-15|night,ngp2,03:00,8,foil,Sealing Lane,1.4
ngp2|2026-06-15|night,ngp2,03:00,8,schubert,Line Stop / Wait,2.7
ngp2|2026-06-15|night,ngp2,04:00,9,hydration,Cap,1.8
ngp2|2026-06-15|night,ngp2,04:00,9,foil,Detection Fault,22.3
ngp2|2026-06-15|night,ngp2,04:00,9,foil,Printer,4.2
ngp2|2026-06-15|night,ngp2,04:00,9,foil,Positioning,3.6
ngp2|2026-06-15|night,ngp2,04:00,9,foil,Sealing Lane,1.3
ngp2|2026-06-15|night,ngp2,04:00,9,schubert,Line Stop / Wait,7.2
ngp2|2026-06-15|night,ngp2,05:00,10,hydration,Other,2.0
ngp2|2026-06-15|night,ngp2,05:00,10,hydration,Gripper,0.6
ngp2|2026-06-15|night,ngp2,05:00,10,foil,Positioning,1.4
ngp2|2026-06-15|night,ngp2,05:00,10,foil,Sealing Lane,0.9
ngp2|2026-06-15|night,ngp2,05:00,10,foil,Detection Fault,1.6
ngp2|2026-06-15|night,ngp2,05:00,10,schubert,Line Stop / Wait,7.7
ngp2|2026-06-15|night,ngp2,05:00,10,unattributed,Other,5.9
ngp2|2026-06-15|night,ngp2,06:00,11,hydration,Gripper,1.1
ngp2|2026-06-15|night,ngp2,06:00,11,hydration,PMK / Media,28.6
ngp2|2026-06-15|night,ngp2,06:00,11,foil,Detection Fault,4.9
ngp2|2026-06-15|night,ngp2,06:00,11,foil,Sealing Lane,1.4
ngp2|2026-06-15|night,ngp2,06:00,11,foil,Positioning,0.8
ngp2|2026-06-15|night,ngp2,06:00,11,schubert,Line Stop / Wait,0.7
ngp2|2026-06-16|day,ngp2,07:00,0,hydration,PMK / Media,2.6
ngp2|2026-06-16|day,ngp2,07:00,0,hydration,Cap,2.9
ngp2|2026-06-16|day,ngp2,07:00,0,hydration,Catheter Reject,3.9
ngp2|2026-06-16|day,ngp2,07:00,0,foil,Detection Fault,25.1
ngp2|2026-06-16|day,ngp2,07:00,0,foil,Positioning,14.1
ngp2|2026-06-16|day,ngp2,07:00,0,schubert,Line Stop / Wait,3.5
ngp2|2026-06-16|day,ngp2,07:00,0,manual,Manual,1.7
ngp2|2026-06-16|day,ngp2,07:00,0,unattributed,Other,2.3
ngp2|2026-06-16|day,ngp2,08:00,1,hydration,Cap,1.1
ngp2|2026-06-16|day,ngp2,08:00,1,hydration,Other,23.8
ngp2|2026-06-16|day,ngp2,08:00,1,foil,Positioning,3.3
ngp2|2026-06-16|day,ngp2,08:00,1,foil,Detection Fault,2.3
ngp2|2026-06-16|day,ngp2,08:00,1,schubert,Line Stop / Wait,23.3
ngp2|2026-06-16|day,ngp2,08:00,1,manual,Manual,0.8
ngp2|2026-06-16|day,ngp2,09:00,2,hydration,Cap,12.5
ngp2|2026-06-16|day,ngp2,09:00,2,hydration,Gripper,4.8
ngp2|2026-06-16|day,ngp2,09:00,2,hydration,Timing,3.9
ngp2|2026-06-16|day,ngp2,09:00,2,foil,Positioning,7.3
ngp2|2026-06-16|day,ngp2,09:00,2,foil,Detection Fault,1.1
ngp2|2026-06-16|day,ngp2,09:00,2,foil,Other,3.4
ngp2|2026-06-16|day,ngp2,09:00,2,schubert,Line Stop / Wait,1.4
ngp2|2026-06-16|day,ngp2,09:00,2,manual,Manual,0.6
ngp2|2026-06-16|day,ngp2,10:00,3,hydration,Timing,12.2
ngp2|2026-06-16|day,ngp2,10:00,3,hydration,Catheter Reject,2.3
ngp2|2026-06-16|day,ngp2,10:00,3,hydration,Cap,1.9
ngp2|2026-06-16|day,ngp2,10:00,3,hydration,Other,5.8
ngp2|2026-06-16|day,ngp2,10:00,3,foil,Printer,1.7
ngp2|2026-06-16|day,ngp2,10:00,3,schubert,Line Stop / Wait,2.0
ngp2|2026-06-16|day,ngp2,10:00,3,unattributed,Other,3.0
ngp2|2026-06-16|day,ngp2,11:00,4,hydration,Gripper,10.9
ngp2|2026-06-16|day,ngp2,11:00,4,hydration,Cap,7.3
ngp2|2026-06-16|day,ngp2,11:00,4,hydration,Limit Switch,4.6
ngp2|2026-06-16|day,ngp2,11:00,4,foil,Detection Fault,1.0
ngp2|2026-06-16|day,ngp2,11:00,4,foil,Other,1.2
ngp2|2026-06-16|day,ngp2,11:00,4,schubert,Line Stop / Wait,5.9
ngp2|2026-06-16|day,ngp2,11:00,4,unattributed,Other,1.4
ngp2|2026-06-16|day,ngp2,12:00,5,hydration,Cap,7.8
ngp2|2026-06-16|day,ngp2,12:00,5,hydration,Other,9.2
ngp2|2026-06-16|day,ngp2,12:00,5,hydration,Limit Switch,1.4
ngp2|2026-06-16|day,ngp2,12:00,5,hydration,Timing,2.6
ngp2|2026-06-16|day,ngp2,12:00,5,foil,Other,13.5
ngp2|2026-06-16|day,ngp2,12:00,5,foil,Printer,2.5
ngp2|2026-06-16|day,ngp2,12:00,5,schubert,Line Stop / Wait,1.8
ngp2|2026-06-16|day,ngp2,13:00,6,hydration,Timing,18.0
ngp2|2026-06-16|day,ngp2,13:00,6,hydration,Cap,16.9
ngp2|2026-06-16|day,ngp2,13:00,6,hydration,Cover,2.0
ngp2|2026-06-16|day,ngp2,13:00,6,hydration,Limit Switch,9.5
ngp2|2026-06-16|day,ngp2,13:00,6,foil,Printer,1.4
ngp2|2026-06-16|day,ngp2,13:00,6,foil,Other,0.2
ngp2|2026-06-16|day,ngp2,14:00,7,hydration,Cap,8.6
ngp2|2026-06-16|day,ngp2,14:00,7,hydration,Gripper,7.7
ngp2|2026-06-16|day,ngp2,14:00,7,hydration,Other,10.7
ngp2|2026-06-16|day,ngp2,14:00,7,foil,Other,8.7
ngp2|2026-06-16|day,ngp2,15:00,8,hydration,Other,7.2
ngp2|2026-06-16|day,ngp2,15:00,8,hydration,Catheter Reject,1.2
ngp2|2026-06-16|day,ngp2,15:00,8,hydration,Cap,6.1
ngp2|2026-06-16|day,ngp2,15:00,8,foil,Edge Trim,8.6
ngp2|2026-06-16|day,ngp2,15:00,8,schubert,Line Stop / Wait,3.2
ngp2|2026-06-16|day,ngp2,16:00,9,hydration,Gripper,2.0
ngp2|2026-06-16|day,ngp2,16:00,9,hydration,Cap,3.1
ngp2|2026-06-16|day,ngp2,16:00,9,foil,Labeler,11.9
ngp2|2026-06-16|day,ngp2,16:00,9,schubert,Line Stop / Wait,4.8
ngp2|2026-06-16|day,ngp2,16:00,9,manual,Manual,4.5
ngp2|2026-06-16|day,ngp2,16:00,9,unattributed,Other,0.7
ngp2|2026-06-16|day,ngp2,17:00,10,hydration,Cover,2.7
ngp2|2026-06-16|day,ngp2,17:00,10,hydration,Gripper,6.7
ngp2|2026-06-16|day,ngp2,17:00,10,hydration,Cap,3.2
ngp2|2026-06-16|day,ngp2,17:00,10,hydration,Other,2.1
ngp2|2026-06-16|day,ngp2,17:00,10,hydration,Catheter Reject,0.3
ngp2|2026-06-16|day,ngp2,17:00,10,foil,Other,1.6
ngp2|2026-06-16|day,ngp2,17:00,10,foil,Printer,3.3
ngp2|2026-06-16|day,ngp2,17:00,10,schubert,Line Stop / Wait,5.3
ngp2|2026-06-16|day,ngp2,18:00,11,hydration,Catheter Reject,1.1
ngp2|2026-06-16|day,ngp2,18:00,11,hydration,Gripper,1.2
ngp2|2026-06-16|day,ngp2,18:00,11,hydration,Limit Switch,2.7
ngp2|2026-06-16|day,ngp2,18:00,11,hydration,Cap,4.8
ngp2|2026-06-16|day,ngp2,18:00,11,hydration,Other,2.0
ngp2|2026-06-16|day,ngp2,18:00,11,foil,Other,5.2
ngp2|2026-06-16|day,ngp2,18:00,11,schubert,Line Stop / Wait,1.3
ngp2|2026-06-16|day,ngp2,18:00,11,unattributed,Other,1.4
ngp2|2026-06-16|night,ngp2,19:00,0,hydration,Cap,1.6
ngp2|2026-06-16|night,ngp2,19:00,0,foil,Other,8.4
ngp2|2026-06-16|night,ngp2,19:00,0,schubert,Line Stop / Wait,37.4
ngp2|2026-06-16|night,ngp2,19:00,0,unattributed,Other,6.0
ngp2|2026-06-16|night,ngp2,20:00,1,hydration,Gripper,10.3
ngp2|2026-06-16|night,ngp2,20:00,1,hydration,Cap,7.4
ngp2|2026-06-16|night,ngp2,20:00,1,hydration,Catheter Reject,1.2
ngp2|2026-06-16|night,ngp2,20:00,1,hydration,Other,1.5
ngp2|2026-06-16|night,ngp2,20:00,1,schubert,Line Stop / Wait,2.5
ngp2|2026-06-16|night,ngp2,21:00,2,hydration,Limit Switch,1.2
ngp2|2026-06-16|night,ngp2,21:00,2,hydration,Cap,4.3
ngp2|2026-06-16|night,ngp2,21:00,2,foil,Printer,7.6
ngp2|2026-06-16|night,ngp2,21:00,2,foil,Detection Fault,1.4
ngp2|2026-06-16|night,ngp2,21:00,2,unattributed,Other,0.8
ngp2|2026-06-16|night,ngp2,22:00,3,hydration,Gripper,1.3
ngp2|2026-06-16|night,ngp2,22:00,3,hydration,Cap,5.3
ngp2|2026-06-16|night,ngp2,22:00,3,hydration,Limit Switch,1.3
ngp2|2026-06-16|night,ngp2,22:00,3,schubert,Line Stop / Wait,2.6
ngp2|2026-06-16|night,ngp2,23:00,4,hydration,Limit Switch,1.8
ngp2|2026-06-16|night,ngp2,23:00,4,hydration,Catheter Reject,1.0
ngp2|2026-06-16|night,ngp2,23:00,4,hydration,Cap,1.4
ngp2|2026-06-16|night,ngp2,23:00,4,hydration,Gripper,1.2
ngp2|2026-06-16|night,ngp2,23:00,4,foil,Edge Trim,11.7
ngp2|2026-06-16|night,ngp2,23:00,4,schubert,Line Stop / Wait,2.0
ngp2|2026-06-16|night,ngp2,23:00,4,manual,Manual,6.6
ngp2|2026-06-16|night,ngp2,00:00,5,hydration,Gripper,7.8
ngp2|2026-06-16|night,ngp2,00:00,5,hydration,Other,3.2
ngp2|2026-06-16|night,ngp2,00:00,5,hydration,Catheter Reject,2.2
ngp2|2026-06-16|night,ngp2,00:00,5,foil,Printer,4.3
ngp2|2026-06-16|night,ngp2,00:00,5,foil,Labeler,8.8
ngp2|2026-06-16|night,ngp2,00:00,5,foil,Positioning,0.7
ngp2|2026-06-16|night,ngp2,00:00,5,schubert,Line Stop / Wait,2.6
ngp2|2026-06-16|night,ngp2,01:00,6,hydration,Timing,2.3
ngp2|2026-06-16|night,ngp2,01:00,6,hydration,Cap,5.0
ngp2|2026-06-16|night,ngp2,01:00,6,hydration,Limit Switch,3.0
ngp2|2026-06-16|night,ngp2,01:00,6,hydration,Gripper,1.9
ngp2|2026-06-16|night,ngp2,01:00,6,hydration,Other,1.5
ngp2|2026-06-16|night,ngp2,01:00,6,foil,Printer,2.5
ngp2|2026-06-16|night,ngp2,02:00,7,hydration,Limit Switch,2.6
ngp2|2026-06-16|night,ngp2,02:00,7,hydration,Cap,10.1
ngp2|2026-06-16|night,ngp2,02:00,7,hydration,Catheter Reject,1.1
ngp2|2026-06-16|night,ngp2,02:00,7,hydration,Gripper,2.5
ngp2|2026-06-16|night,ngp2,02:00,7,foil,Labeler,13.3
ngp2|2026-06-16|night,ngp2,02:00,7,foil,Other,1.3
ngp2|2026-06-16|night,ngp2,03:00,8,hydration,Gripper,1.0
ngp2|2026-06-16|night,ngp2,03:00,8,hydration,Cap,4.2
ngp2|2026-06-16|night,ngp2,03:00,8,hydration,Catheter Reject,1.1
ngp2|2026-06-16|night,ngp2,03:00,8,foil,Edge Trim,5.2
ngp2|2026-06-16|night,ngp2,03:00,8,foil,Sealing Lane,1.9
ngp2|2026-06-16|night,ngp2,03:00,8,foil,Labeler,0.6
ngp2|2026-06-16|night,ngp2,03:00,8,schubert,Line Stop / Wait,3.4
ngp2|2026-06-16|night,ngp2,04:00,9,hydration,Limit Switch,2.5
ngp2|2026-06-16|night,ngp2,04:00,9,hydration,Cap,4.0
ngp2|2026-06-16|night,ngp2,04:00,9,hydration,Catheter Reject,1.4
ngp2|2026-06-16|night,ngp2,04:00,9,foil,Labeler,9.2
ngp2|2026-06-16|night,ngp2,04:00,9,foil,Other,1.2
ngp2|2026-06-16|night,ngp2,04:00,9,schubert,Line Stop / Wait,2.7
ngp2|2026-06-16|night,ngp2,04:00,9,unattributed,Other,2.7
ngp2|2026-06-16|night,ngp2,05:00,10,hydration,Catheter Reject,1.1
ngp2|2026-06-16|night,ngp2,05:00,10,hydration,Limit Switch,1.3
ngp2|2026-06-16|night,ngp2,05:00,10,hydration,Other,1.6
ngp2|2026-06-16|night,ngp2,05:00,10,hydration,Cap,2.8
ngp2|2026-06-16|night,ngp2,05:00,10,hydration,Gripper,1.5
ngp2|2026-06-16|night,ngp2,05:00,10,foil,Printer,17.6
ngp2|2026-06-16|night,ngp2,05:00,10,foil,Labeler,3.6
ngp2|2026-06-16|night,ngp2,05:00,10,schubert,Line Stop / Wait,2.2
ngp2|2026-06-16|night,ngp2,06:00,11,hydration,Cap,7.4
ngp2|2026-06-16|night,ngp2,06:00,11,hydration,Other,4.5
ngp2|2026-06-16|night,ngp2,06:00,11,hydration,Limit Switch,3.9
ngp2|2026-06-16|night,ngp2,06:00,11,hydration,Catheter Reject,1.1
ngp2|2026-06-16|night,ngp2,06:00,11,hydration,PMK / Media,16.3
ngp2|2026-06-17|day,ngp2,07:00,0,hydration,PMK / Media,1.0
ngp2|2026-06-17|day,ngp2,07:00,0,hydration,Gripper,2.2
ngp2|2026-06-17|day,ngp2,07:00,0,hydration,Catheter Reject,1.9
ngp2|2026-06-17|day,ngp2,07:00,0,hydration,Cap,4.6
ngp2|2026-06-17|day,ngp2,07:00,0,hydration,Limit Switch,8.5
ngp2|2026-06-17|day,ngp2,07:00,0,foil,Printer,1.0
ngp2|2026-06-17|day,ngp2,07:00,0,schubert,Line Stop / Wait,2.1
ngp2|2026-06-17|day,ngp2,07:00,0,manual,Manual,1.6
ngp2|2026-06-17|day,ngp2,08:00,1,hydration,Limit Switch,2.2
ngp2|2026-06-17|day,ngp2,08:00,1,hydration,Gripper,4.5
ngp2|2026-06-17|day,ngp2,08:00,1,hydration,Cap,2.5
ngp2|2026-06-17|day,ngp2,08:00,1,hydration,Catheter Reject,16.9
ngp2|2026-06-17|day,ngp2,08:00,1,foil,Sealing Lane,0.8
ngp2|2026-06-17|day,ngp2,08:00,1,schubert,Line Stop / Wait,2.6
ngp2|2026-06-17|day,ngp2,09:00,2,hydration,Cap,3.2
ngp2|2026-06-17|day,ngp2,09:00,2,hydration,Limit Switch,1.0
ngp2|2026-06-17|day,ngp2,09:00,2,hydration,Timing,1.5
ngp2|2026-06-17|day,ngp2,09:00,2,hydration,Catheter Reject,0.2
ngp2|2026-06-17|day,ngp2,09:00,2,schubert,Line Stop / Wait,3.7
ngp2|2026-06-17|day,ngp2,09:00,2,unattributed,Other,2.5
ngp2|2026-06-17|day,ngp2,10:00,3,hydration,Catheter Reject,1.0
ngp2|2026-06-17|day,ngp2,10:00,3,hydration,Cap,1.4
ngp2|2026-06-17|day,ngp2,10:00,3,hydration,Gripper,1.5
ngp2|2026-06-17|day,ngp2,10:00,3,hydration,Limit Switch,3.2
ngp2|2026-06-17|day,ngp2,10:00,3,foil,Detection Fault,1.3
ngp2|2026-06-17|day,ngp2,10:00,3,foil,Printer,8.0
ngp2|2026-06-17|day,ngp2,10:00,3,foil,Other,22.4
ngp2|2026-06-17|day,ngp2,11:00,4,hydration,Other,11.9
ngp2|2026-06-17|day,ngp2,11:00,4,hydration,Timing,34.7
ngp2|2026-06-17|day,ngp2,11:00,4,foil,Printer,1.8
ngp2|2026-06-17|day,ngp2,11:00,4,foil,Sealing Lane,1.8
ngp2|2026-06-17|day,ngp2,12:00,5,hydration,Timing,46.7
ngp2|2026-06-17|day,ngp2,12:00,5,hydration,Gripper,4.8
ngp2|2026-06-17|day,ngp2,12:00,5,hydration,Cap,2.6
ngp2|2026-06-17|day,ngp2,13:00,6,hydration,Limit Switch,4.5
ngp2|2026-06-17|day,ngp2,13:00,6,hydration,Cap,3.6
ngp2|2026-06-17|day,ngp2,13:00,6,foil,Printer,2.8
ngp2|2026-06-17|day,ngp2,14:00,7,hydration,Limit Switch,1.4
ngp2|2026-06-17|day,ngp2,14:00,7,hydration,Cap,3.4
ngp2|2026-06-17|day,ngp2,14:00,7,foil,Labeler,2.7
ngp2|2026-06-17|day,ngp2,14:00,7,schubert,Line Stop / Wait,0.7
ngp2|2026-06-17|day,ngp2,14:00,7,manual,Manual,29.5
ngp2|2026-06-17|day,ngp2,15:00,8,hydration,Gripper,9.5
ngp2|2026-06-17|day,ngp2,15:00,8,hydration,Cap,5.9
ngp2|2026-06-17|day,ngp2,15:00,8,manual,Manual,12.6
ngp2|2026-06-17|day,ngp2,16:00,9,hydration,Gripper,1.1
ngp2|2026-06-17|day,ngp2,16:00,9,hydration,Cap,4.9
ngp2|2026-06-17|day,ngp2,16:00,9,foil,Labeler,4.1
ngp2|2026-06-17|day,ngp2,16:00,9,schubert,Line Stop / Wait,1.0
ngp2|2026-06-17|day,ngp2,17:00,10,hydration,Cap,1.3
ngp2|2026-06-17|day,ngp2,17:00,10,foil,Labeler,22.3
ngp2|2026-06-17|day,ngp2,17:00,10,schubert,Line Stop / Wait,2.2
ngp2|2026-06-17|day,ngp2,17:00,10,manual,Manual,5.5
ngp2|2026-06-17|day,ngp2,18:00,11,hydration,PMK / Media,21.8
ngp2|2026-06-17|day,ngp2,18:00,11,foil,Labeler,4.2
ngp2|2026-06-17|day,ngp2,18:00,11,manual,Manual,18.9
ngp2|2026-06-17|night,ngp2,19:00,0,foil,Labeler,34.9
ngp2|2026-06-17|night,ngp2,19:00,0,foil,Other,5.5
ngp2|2026-06-17|night,ngp2,19:00,0,foil,Sealing Lane,3.4
ngp2|2026-06-17|night,ngp2,19:00,0,foil,Printer,0.6
ngp2|2026-06-17|night,ngp2,19:00,0,manual,Manual,4.5
ngp2|2026-06-17|night,ngp2,19:00,0,unattributed,Other,3.4
ngp2|2026-06-17|night,ngp2,20:00,1,hydration,Cap,8.1
ngp2|2026-06-17|night,ngp2,20:00,1,hydration,Gripper,1.0
ngp2|2026-06-17|night,ngp2,20:00,1,foil,Sealing Lane,8.4
ngp2|2026-06-17|night,ngp2,20:00,1,foil,Printer,4.2
ngp2|2026-06-17|night,ngp2,20:00,1,foil,Positioning,5.8
ngp2|2026-06-17|night,ngp2,20:00,1,foil,Labeler,7.3
ngp2|2026-06-17|night,ngp2,20:00,1,manual,Manual,2.5
ngp2|2026-06-17|night,ngp2,21:00,2,hydration,Cap,6.3
ngp2|2026-06-17|night,ngp2,21:00,2,hydration,Limit Switch,2.8
ngp2|2026-06-17|night,ngp2,21:00,2,hydration,Other,1.7
ngp2|2026-06-17|night,ngp2,21:00,2,foil,Labeler,14.3
ngp2|2026-06-17|night,ngp2,21:00,2,foil,Other,4.0
ngp2|2026-06-17|night,ngp2,21:00,2,foil,Printer,1.2
ngp2|2026-06-17|night,ngp2,21:00,2,schubert,Line Stop / Wait,2.0
ngp2|2026-06-17|night,ngp2,21:00,2,manual,Manual,4.0
ngp2|2026-06-17|night,ngp2,22:00,3,hydration,Limit Switch,6.1
ngp2|2026-06-17|night,ngp2,22:00,3,hydration,Cap,4.5
ngp2|2026-06-17|night,ngp2,22:00,3,hydration,Catheter Reject,1.2
ngp2|2026-06-17|night,ngp2,22:00,3,hydration,Gripper,7.5
ngp2|2026-06-17|night,ngp2,22:00,3,hydration,Other,1.9
ngp2|2026-06-17|night,ngp2,22:00,3,foil,Printer,0.8
ngp2|2026-06-17|night,ngp2,22:00,3,foil,Sealing Lane,3.4
ngp2|2026-06-17|night,ngp2,22:00,3,foil,Labeler,6.0
ngp2|2026-06-17|night,ngp2,22:00,3,schubert,Line Stop / Wait,0.8
ngp2|2026-06-17|night,ngp2,23:00,4,hydration,Cap,1.7
ngp2|2026-06-17|night,ngp2,23:00,4,hydration,Timing,3.0
ngp2|2026-06-17|night,ngp2,23:00,4,hydration,Catheter Reject,3.8
ngp2|2026-06-17|night,ngp2,23:00,4,foil,Sealing Lane,8.4
ngp2|2026-06-17|night,ngp2,23:00,4,foil,Labeler,4.4
ngp2|2026-06-17|night,ngp2,23:00,4,schubert,Line Stop / Wait,5.6
ngp2|2026-06-17|night,ngp2,23:00,4,manual,Manual,5.1
ngp2|2026-06-17|night,ngp2,00:00,5,hydration,Cap,3.2
ngp2|2026-06-17|night,ngp2,00:00,5,hydration,Gripper,1.2
ngp2|2026-06-17|night,ngp2,00:00,5,hydration,Other,2.0
ngp2|2026-06-17|night,ngp2,00:00,5,hydration,Timing,2.4
ngp2|2026-06-17|night,ngp2,00:00,5,foil,Labeler,8.8
ngp2|2026-06-17|night,ngp2,00:00,5,foil,Printer,2.2
ngp2|2026-06-17|night,ngp2,00:00,5,schubert,Line Stop / Wait,9.9
ngp2|2026-06-17|night,ngp2,00:00,5,manual,Manual,9.1
ngp2|2026-06-17|night,ngp2,01:00,6,hydration,Cap,3.9
ngp2|2026-06-17|night,ngp2,01:00,6,hydration,Gripper,8.8
ngp2|2026-06-17|night,ngp2,01:00,6,foil,Sealing Lane,1.2
ngp2|2026-06-17|night,ngp2,01:00,6,foil,Edge Trim,3.1
ngp2|2026-06-17|night,ngp2,01:00,6,schubert,Line Stop / Wait,5.7
ngp2|2026-06-17|night,ngp2,01:00,6,manual,Manual,0.7
ngp2|2026-06-17|night,ngp2,01:00,6,unattributed,Other,9.8
ngp2|2026-06-17|night,ngp2,02:00,7,hydration,Cap,1.6
ngp2|2026-06-17|night,ngp2,02:00,7,foil,Printer,5.0
ngp2|2026-06-17|night,ngp2,02:00,7,schubert,Line Stop / Wait,9.6
ngp2|2026-06-17|night,ngp2,02:00,7,unattributed,Other,5.3
ngp2|2026-06-17|night,ngp2,03:00,8,hydration,Cap,2.3
ngp2|2026-06-17|night,ngp2,03:00,8,foil,Printer,0.3
ngp2|2026-06-17|night,ngp2,03:00,8,foil,Sealing Lane,7.1
ngp2|2026-06-17|night,ngp2,03:00,8,foil,Edge Trim,1.6
ngp2|2026-06-17|night,ngp2,03:00,8,schubert,Line Stop / Wait,16.6
ngp2|2026-06-17|night,ngp2,03:00,8,unattributed,Other,3.7
ngp2|2026-06-17|night,ngp2,04:00,9,hydration,Cap,22.9
ngp2|2026-06-17|night,ngp2,04:00,9,hydration,Catheter Reject,1.6
ngp2|2026-06-17|night,ngp2,04:00,9,hydration,Gripper,1.5
ngp2|2026-06-17|night,ngp2,04:00,9,foil,Printer,1.5
ngp2|2026-06-17|night,ngp2,04:00,9,schubert,Line Stop / Wait,4.0
ngp2|2026-06-17|night,ngp2,04:00,9,unattributed,Other,2.3
ngp2|2026-06-17|night,ngp2,05:00,10,hydration,Cap,3.3
ngp2|2026-06-17|night,ngp2,05:00,10,hydration,Catheter Reject,2.4
ngp2|2026-06-17|night,ngp2,05:00,10,hydration,Gripper,2.0
ngp2|2026-06-17|night,ngp2,05:00,10,foil,Other,1.8
ngp2|2026-06-17|night,ngp2,05:00,10,foil,Sealing Lane,1.7
ngp2|2026-06-17|night,ngp2,05:00,10,schubert,Line Stop / Wait,4.1
ngp2|2026-06-17|night,ngp2,05:00,10,unattributed,Other,2.4
ngp2|2026-06-17|night,ngp2,06:00,11,hydration,Limit Switch,1.6
ngp2|2026-06-17|night,ngp2,06:00,11,hydration,Cap,0.9
ngp2|2026-06-17|night,ngp2,06:00,11,foil,Sealing Lane,1.3
ngp2|2026-06-17|night,ngp2,06:00,11,foil,Other,14.7
ngp2|2026-06-17|night,ngp2,06:00,11,foil,Printer,14.5
ngp2|2026-06-17|night,ngp2,06:00,11,manual,Manual,0.7
ngp2|2026-06-17|night,ngp2,06:00,11,unattributed,Other,5.6
ngp2|2026-06-18|day,ngp2,07:00,0,hydration,Limit Switch,1.4
ngp2|2026-06-18|day,ngp2,07:00,0,hydration,Gripper,8.7
ngp2|2026-06-18|day,ngp2,07:00,0,hydration,Other,1.7
ngp2|2026-06-18|day,ngp2,07:00,0,hydration,Cap,4.1
ngp2|2026-06-18|day,ngp2,07:00,0,hydration,Catheter Reject,1.7
ngp2|2026-06-18|day,ngp2,07:00,0,foil,Labeler,2.2
ngp2|2026-06-18|day,ngp2,07:00,0,foil,Edge Trim,1.2
ngp2|2026-06-18|day,ngp2,07:00,0,schubert,Line Stop / Wait,2.4
ngp2|2026-06-18|day,ngp2,07:00,0,manual,Manual,2.5
ngp2|2026-06-18|day,ngp2,08:00,1,hydration,Cap,1.8
ngp2|2026-06-18|day,ngp2,08:00,1,hydration,Gripper,1.3
ngp2|2026-06-18|day,ngp2,08:00,1,schubert,Line Stop / Wait,6.1
ngp2|2026-06-18|day,ngp2,08:00,1,unattributed,Other,3.9
ngp2|2026-06-18|day,ngp2,09:00,2,hydration,Gripper,7.4
ngp2|2026-06-18|day,ngp2,09:00,2,hydration,Cap,5.2
ngp2|2026-06-18|day,ngp2,09:00,2,hydration,Catheter Reject,2.3
ngp2|2026-06-18|day,ngp2,09:00,2,foil,Printer,6.7
ngp2|2026-06-18|day,ngp2,09:00,2,foil,Other,2.4
ngp2|2026-06-18|day,ngp2,09:00,2,schubert,Line Stop / Wait,5.9
ngp2|2026-06-18|day,ngp2,10:00,3,hydration,PMK / Media,4.2
ngp2|2026-06-18|day,ngp2,10:00,3,hydration,Catheter Reject,0.8
ngp2|2026-06-18|day,ngp2,10:00,3,hydration,Cap,1.0
ngp2|2026-06-18|day,ngp2,10:00,3,foil,Printer,1.9
ngp2|2026-06-18|day,ngp2,10:00,3,foil,Other,1.5
ngp2|2026-06-18|day,ngp2,10:00,3,foil,Edge Trim,3.5
ngp2|2026-06-18|day,ngp2,10:00,3,schubert,Line Stop / Wait,7.8
ngp2|2026-06-18|day,ngp2,11:00,4,hydration,Cap,2.5
ngp2|2026-06-18|day,ngp2,11:00,4,hydration,Catheter Reject,1.4
ngp2|2026-06-18|day,ngp2,11:00,4,hydration,Gripper,1.4
ngp2|2026-06-18|day,ngp2,11:00,4,foil,Printer,5.2
ngp2|2026-06-18|day,ngp2,11:00,4,foil,Sealing Lane,0.3
ngp2|2026-06-18|day,ngp2,11:00,4,schubert,Line Stop / Wait,9.5
ngp2|2026-06-18|day,ngp2,12:00,5,hydration,Cap,19.9
ngp2|2026-06-18|day,ngp2,12:00,5,foil,Sealing Lane,6.2
ngp2|2026-06-18|day,ngp2,12:00,5,schubert,Line Stop / Wait,1.2
ngp2|2026-06-18|day,ngp2,13:00,6,hydration,Cap,3.2
ngp2|2026-06-18|day,ngp2,13:00,6,hydration,Catheter Reject,47.1
ngp2|2026-06-18|day,ngp2,13:00,6,foil,Printer,1.9
ngp2|2026-06-18|day,ngp2,13:00,6,schubert,Line Stop / Wait,0.9
ngp2|2026-06-18|day,ngp2,14:00,7,hydration,Catheter Reject,24.7
ngp2|2026-06-18|day,ngp2,14:00,7,hydration,Cap,1.6
ngp2|2026-06-18|day,ngp2,14:00,7,hydration,Limit Switch,0.7
ngp2|2026-06-18|day,ngp2,14:00,7,foil,Sealing Lane,1.2
ngp2|2026-06-18|day,ngp2,14:00,7,schubert,Line Stop / Wait,1.5
ngp2|2026-06-18|day,ngp2,14:00,7,unattributed,Other,0.8
ngp2|2026-06-18|day,ngp2,15:00,8,hydration,Cap,1.7
ngp2|2026-06-18|day,ngp2,15:00,8,foil,Other,35.5
ngp2|2026-06-18|day,ngp2,15:00,8,foil,Sealing Lane,0.8
ngp2|2026-06-18|day,ngp2,15:00,8,foil,Detection Fault,8.1
ngp2|2026-06-18|day,ngp2,15:00,8,schubert,Line Stop / Wait,0.9
ngp2|2026-06-18|day,ngp2,15:00,8,unattributed,Other,2.0
ngp2|2026-06-18|day,ngp2,16:00,9,hydration,Gripper,2.5
ngp2|2026-06-18|day,ngp2,16:00,9,hydration,Cap,1.4
ngp2|2026-06-18|day,ngp2,16:00,9,hydration,Catheter Reject,0.9
ngp2|2026-06-18|day,ngp2,16:00,9,foil,Detection Fault,13.0
ngp2|2026-06-18|day,ngp2,16:00,9,foil,Positioning,3.0
ngp2|2026-06-18|day,ngp2,16:00,9,foil,Other,1.3
ngp2|2026-06-18|day,ngp2,16:00,9,foil,Edge Trim,2.9
ngp2|2026-06-18|day,ngp2,16:00,9,foil,Labeler,0.5
ngp2|2026-06-18|day,ngp2,16:00,9,schubert,Line Stop / Wait,1.9
ngp2|2026-06-18|day,ngp2,16:00,9,manual,Manual,3.8
ngp2|2026-06-18|day,ngp2,17:00,10,hydration,Cap,3.3
ngp2|2026-06-18|day,ngp2,17:00,10,hydration,Gripper,2.8
ngp2|2026-06-18|day,ngp2,17:00,10,foil,Labeler,6.9
ngp2|2026-06-18|day,ngp2,17:00,10,schubert,Line Stop / Wait,4.1
ngp2|2026-06-18|day,ngp2,17:00,10,unattributed,Other,2.4
ngp2|2026-06-18|day,ngp2,18:00,11,hydration,Gripper,1.0
ngp2|2026-06-18|day,ngp2,18:00,11,hydration,Cap,4.1
ngp2|2026-06-18|day,ngp2,18:00,11,hydration,Limit Switch,1.7
ngp2|2026-06-18|day,ngp2,18:00,11,foil,Other,4.2
ngp2|2026-06-18|day,ngp2,18:00,11,foil,Sealing Lane,1.5
ngp2|2026-06-18|day,ngp2,18:00,11,schubert,Line Stop / Wait,9.0
ngp2|2026-06-18|day,ngp2,18:00,11,unattributed,Other,1.2
ngp2|2026-06-18|night,ngp2,19:00,0,hydration,Cap,7.6
ngp2|2026-06-18|night,ngp2,19:00,0,hydration,Catheter Reject,1.6
ngp2|2026-06-18|night,ngp2,19:00,0,hydration,Timing,1.5
ngp2|2026-06-18|night,ngp2,19:00,0,foil,Printer,8.8
ngp2|2026-06-18|night,ngp2,19:00,0,schubert,Line Stop / Wait,6.4
ngp2|2026-06-18|night,ngp2,19:00,0,unattributed,Other,1.2
ngp2|2026-06-18|night,ngp2,20:00,1,hydration,Gripper,7.8
ngp2|2026-06-18|night,ngp2,20:00,1,hydration,Cap,3.2
ngp2|2026-06-18|night,ngp2,20:00,1,schubert,Line Stop / Wait,2.2
ngp2|2026-06-18|night,ngp2,20:00,1,unattributed,Other,2.5
ngp2|2026-06-18|night,ngp2,21:00,2,hydration,Cap,4.2
ngp2|2026-06-18|night,ngp2,21:00,2,hydration,Catheter Reject,1.8
ngp2|2026-06-18|night,ngp2,21:00,2,hydration,Other,1.7
ngp2|2026-06-18|night,ngp2,21:00,2,foil,Other,1.3
ngp2|2026-06-18|night,ngp2,21:00,2,schubert,Line Stop / Wait,1.2
ngp2|2026-06-18|night,ngp2,21:00,2,unattributed,Other,1.1
ngp2|2026-06-18|night,ngp2,22:00,3,hydration,Cap,6.3
ngp2|2026-06-18|night,ngp2,22:00,3,hydration,Other,2.0
ngp2|2026-06-18|night,ngp2,22:00,3,hydration,Timing,6.3
ngp2|2026-06-18|night,ngp2,22:00,3,foil,Other,5.9
ngp2|2026-06-18|night,ngp2,22:00,3,foil,Sealing Lane,1.3
ngp2|2026-06-18|night,ngp2,22:00,3,schubert,Line Stop / Wait,7.2
ngp2|2026-06-18|night,ngp2,23:00,4,hydration,Cap,4.3
ngp2|2026-06-18|night,ngp2,23:00,4,foil,Printer,1.4
ngp2|2026-06-18|night,ngp2,23:00,4,foil,Sealing Lane,1.1
ngp2|2026-06-18|night,ngp2,23:00,4,schubert,Line Stop / Wait,7.7
ngp2|2026-06-18|night,ngp2,23:00,4,manual,Manual,1.6
ngp2|2026-06-18|night,ngp2,23:00,4,unattributed,Other,2.4
ngp2|2026-06-18|night,ngp2,00:00,5,hydration,Cap,2.9
ngp2|2026-06-18|night,ngp2,00:00,5,hydration,Gripper,2.9
ngp2|2026-06-18|night,ngp2,00:00,5,hydration,Catheter Reject,1.1
ngp2|2026-06-18|night,ngp2,00:00,5,foil,Sealing Lane,1.0
ngp2|2026-06-18|night,ngp2,00:00,5,foil,Printer,2.3
ngp2|2026-06-18|night,ngp2,00:00,5,schubert,Line Stop / Wait,12.9
ngp2|2026-06-18|night,ngp2,01:00,6,hydration,Limit Switch,4.2
ngp2|2026-06-18|night,ngp2,01:00,6,hydration,Gripper,2.9
ngp2|2026-06-18|night,ngp2,01:00,6,hydration,Other,1.1
ngp2|2026-06-18|night,ngp2,01:00,6,hydration,Cap,1.5
ngp2|2026-06-18|night,ngp2,01:00,6,foil,Sealing Lane,6.6
ngp2|2026-06-18|night,ngp2,01:00,6,foil,Printer,2.2
ngp2|2026-06-18|night,ngp2,01:00,6,schubert,Line Stop / Wait,3.6
ngp2|2026-06-18|night,ngp2,01:00,6,unattributed,Other,2.5
ngp2|2026-06-18|night,ngp2,02:00,7,hydration,Limit Switch,2.9
ngp2|2026-06-18|night,ngp2,02:00,7,hydration,Gripper,4.8
ngp2|2026-06-18|night,ngp2,02:00,7,hydration,Catheter Reject,1.7
ngp2|2026-06-18|night,ngp2,02:00,7,foil,Sealing Lane,2.6
ngp2|2026-06-18|night,ngp2,02:00,7,schubert,Line Stop / Wait,0.8
ngp2|2026-06-18|night,ngp2,02:00,7,unattributed,Other,0.7
ngp2|2026-06-18|night,ngp2,03:00,8,hydration,Gripper,4.0
ngp2|2026-06-18|night,ngp2,03:00,8,hydration,Cap,2.1
ngp2|2026-06-18|night,ngp2,03:00,8,hydration,Limit Switch,1.7
ngp2|2026-06-18|night,ngp2,03:00,8,schubert,Line Stop / Wait,2.2
ngp2|2026-06-18|night,ngp2,03:00,8,unattributed,Other,2.2
ngp2|2026-06-18|night,ngp2,04:00,9,hydration,Catheter Reject,4.5
ngp2|2026-06-18|night,ngp2,04:00,9,hydration,Other,2.0
ngp2|2026-06-18|night,ngp2,04:00,9,hydration,Limit Switch,3.3
ngp2|2026-06-18|night,ngp2,04:00,9,hydration,Gripper,3.5
ngp2|2026-06-18|night,ngp2,04:00,9,foil,Other,3.0
ngp2|2026-06-18|night,ngp2,04:00,9,foil,Printer,1.3
ngp2|2026-06-18|night,ngp2,04:00,9,schubert,Line Stop / Wait,8.3
ngp2|2026-06-18|night,ngp2,04:00,9,unattributed,Other,3.6
ngp2|2026-06-18|night,ngp2,05:00,10,hydration,Limit Switch,13.6
ngp2|2026-06-18|night,ngp2,05:00,10,hydration,Timing,0.8
ngp2|2026-06-18|night,ngp2,05:00,10,hydration,Catheter Reject,2.7
ngp2|2026-06-18|night,ngp2,05:00,10,hydration,Cap,9.5
ngp2|2026-06-18|night,ngp2,05:00,10,hydration,Gripper,1.2
ngp2|2026-06-18|night,ngp2,05:00,10,foil,Printer,1.0
ngp2|2026-06-18|night,ngp2,05:00,10,foil,Sealing Lane,1.3
ngp2|2026-06-18|night,ngp2,05:00,10,schubert,Line Stop / Wait,2.4
ngp2|2026-06-18|night,ngp2,05:00,10,unattributed,Other,2.1
ngp2|2026-06-18|night,ngp2,06:00,11,hydration,Cap,1.7
ngp2|2026-06-18|night,ngp2,06:00,11,hydration,Limit Switch,1.1
ngp2|2026-06-18|night,ngp2,06:00,11,hydration,PMK / Media,13.3
ngp2|2026-06-18|night,ngp2,06:00,11,foil,Printer,5.8
ngp2|2026-06-18|night,ngp2,06:00,11,foil,Sealing Lane,5.9
ngp2|2026-06-18|night,ngp2,06:00,11,schubert,Line Stop / Wait,3.8
ngp2|2026-06-19|day,ngp2,07:00,0,hydration,PMK / Media,3.6
ngp2|2026-06-19|day,ngp2,07:00,0,hydration,Cap,1.5
ngp2|2026-06-19|day,ngp2,07:00,0,hydration,Other,2.1
ngp2|2026-06-19|day,ngp2,07:00,0,hydration,Timing,1.8
ngp2|2026-06-19|day,ngp2,07:00,0,hydration,Limit Switch,1.5
ngp2|2026-06-19|day,ngp2,07:00,0,foil,Other,0.7
ngp2|2026-06-19|day,ngp2,07:00,0,foil,Sealing Lane,1.6
ngp2|2026-06-19|day,ngp2,07:00,0,schubert,Line Stop / Wait,6.3
ngp2|2026-06-19|day,ngp2,07:00,0,manual,Manual,3.2
ngp2|2026-06-19|day,ngp2,07:00,0,unattributed,Other,1.3
ngp2|2026-06-19|day,ngp2,08:00,1,hydration,Limit Switch,25.5
ngp2|2026-06-19|day,ngp2,08:00,1,hydration,Gripper,1.6
ngp2|2026-06-19|day,ngp2,08:00,1,hydration,Catheter Reject,12.8
ngp2|2026-06-19|day,ngp2,08:00,1,hydration,Cap,1.5
ngp2|2026-06-19|day,ngp2,08:00,1,schubert,Line Stop / Wait,4.2
ngp2|2026-06-19|day,ngp2,09:00,2,hydration,Cap,5.9
ngp2|2026-06-19|day,ngp2,09:00,2,hydration,Gripper,1.2
ngp2|2026-06-19|day,ngp2,09:00,2,hydration,Limit Switch,4.9
ngp2|2026-06-19|day,ngp2,09:00,2,foil,Labeler,11.2
ngp2|2026-06-19|day,ngp2,09:00,2,schubert,Line Stop / Wait,6.4
ngp2|2026-06-19|day,ngp2,09:00,2,unattributed,Other,2.3
ngp2|2026-06-19|day,ngp2,10:00,3,hydration,Cap,5.6
ngp2|2026-06-19|day,ngp2,10:00,3,hydration,Gripper,4.4
ngp2|2026-06-19|day,ngp2,10:00,3,schubert,Line Stop / Wait,4.0
ngp2|2026-06-19|day,ngp2,11:00,4,hydration,Gripper,6.4
ngp2|2026-06-19|day,ngp2,11:00,4,hydration,Limit Switch,2.0
ngp2|2026-06-19|day,ngp2,11:00,4,foil,Detection Fault,1.7
ngp2|2026-06-19|day,ngp2,11:00,4,foil,Printer,2.4
ngp2|2026-06-19|day,ngp2,11:00,4,schubert,Line Stop / Wait,10.3
ngp2|2026-06-19|day,ngp2,12:00,5,hydration,Limit Switch,12.4
ngp2|2026-06-19|day,ngp2,12:00,5,hydration,Cap,1.8
ngp2|2026-06-19|day,ngp2,12:00,5,hydration,Gripper,5.1
ngp2|2026-06-19|day,ngp2,12:00,5,foil,Labeler,4.2
ngp2|2026-06-19|day,ngp2,12:00,5,schubert,Line Stop / Wait,2.8
ngp2|2026-06-19|day,ngp2,12:00,5,unattributed,Other,1.9
ngp2|2026-06-19|day,ngp2,13:00,6,hydration,Limit Switch,2.5
ngp2|2026-06-19|day,ngp2,13:00,6,hydration,Gripper,4.3
ngp2|2026-06-19|day,ngp2,13:00,6,hydration,Cap,6.3
ngp2|2026-06-19|day,ngp2,13:00,6,foil,Labeler,2.4
ngp2|2026-06-19|day,ngp2,13:00,6,foil,Sealing Lane,1.6
ngp2|2026-06-19|day,ngp2,13:00,6,schubert,Line Stop / Wait,6.7
ngp2|2026-06-19|day,ngp2,13:00,6,unattributed,Other,0.3
ngp2|2026-06-19|day,ngp2,14:00,7,hydration,Cap,8.5
ngp2|2026-06-19|day,ngp2,14:00,7,hydration,Gripper,1.4
ngp2|2026-06-19|day,ngp2,14:00,7,hydration,Limit Switch,4.4
ngp2|2026-06-19|day,ngp2,14:00,7,foil,Printer,6.3
ngp2|2026-06-19|day,ngp2,14:00,7,foil,Other,0.5
ngp2|2026-06-19|day,ngp2,14:00,7,schubert,Line Stop / Wait,6.0
ngp2|2026-06-19|day,ngp2,14:00,7,unattributed,Other,4.2
ngp2|2026-06-19|day,ngp2,15:00,8,hydration,Limit Switch,4.0
ngp2|2026-06-19|day,ngp2,15:00,8,hydration,Cap,3.0
ngp2|2026-06-19|day,ngp2,15:00,8,hydration,Gripper,1.3
ngp2|2026-06-19|day,ngp2,15:00,8,foil,Other,2.3
ngp2|2026-06-19|day,ngp2,15:00,8,schubert,Line Stop / Wait,7.1
ngp2|2026-06-19|day,ngp2,15:00,8,unattributed,Other,1.3
ngp2|2026-06-19|day,ngp2,16:00,9,hydration,Limit Switch,5.1
ngp2|2026-06-19|day,ngp2,16:00,9,hydration,Cap,6.4
ngp2|2026-06-19|day,ngp2,16:00,9,hydration,Gripper,5.5
ngp2|2026-06-19|day,ngp2,16:00,9,schubert,Line Stop / Wait,11.1
ngp2|2026-06-19|day,ngp2,17:00,10,foil,Detection Fault,1.1
ngp2|2026-06-19|day,ngp2,17:00,10,foil,Sealing Lane,4.9
ngp2|2026-06-19|day,ngp2,17:00,10,foil,Edge Trim,1.3
ngp2|2026-06-19|day,ngp2,17:00,10,schubert,Line Stop / Wait,26.3
ngp2|2026-06-19|day,ngp2,18:00,11,hydration,Limit Switch,5.2
ngp2|2026-06-19|day,ngp2,18:00,11,hydration,Cap,2.8
ngp2|2026-06-19|day,ngp2,18:00,11,hydration,Gripper,4.5
ngp2|2026-06-19|day,ngp2,18:00,11,foil,Detection Fault,2.2
ngp2|2026-06-19|day,ngp2,18:00,11,schubert,Line Stop / Wait,17.6
ngp2|2026-06-19|day,ngp2,18:00,11,manual,Manual,5.3
ngp2|2026-06-19|night,ngp2,19:00,0,hydration,Limit Switch,1.2
ngp2|2026-06-19|night,ngp2,19:00,0,foil,Detection Fault,1.4
ngp2|2026-06-19|night,ngp2,19:00,0,schubert,Line Stop / Wait,20.0
ngp2|2026-06-19|night,ngp2,19:00,0,unattributed,Other,2.0
ngp2|2026-06-19|night,ngp2,20:00,1,foil,Printer,2.7
ngp2|2026-06-19|night,ngp2,20:00,1,schubert,Line Stop / Wait,3.6
ngp2|2026-06-19|night,ngp2,20:00,1,unattributed,Other,3.5
ngp2|2026-06-19|night,ngp2,21:00,2,hydration,Cap,1.8
ngp2|2026-06-19|night,ngp2,21:00,2,hydration,Other,0.9
ngp2|2026-06-19|night,ngp2,21:00,2,foil,Edge Trim,1.3
ngp2|2026-06-19|night,ngp2,21:00,2,schubert,Line Stop / Wait,12.8
ngp2|2026-06-19|night,ngp2,21:00,2,unattributed,Other,2.6
ngp2|2026-06-19|night,ngp2,22:00,3,hydration,Other,4.3
ngp2|2026-06-19|night,ngp2,22:00,3,hydration,Timing,4.5
ngp2|2026-06-19|night,ngp2,22:00,3,hydration,Gripper,2.8
ngp2|2026-06-19|night,ngp2,22:00,3,hydration,Cap,1.5
ngp2|2026-06-19|night,ngp2,22:00,3,foil,Printer,2.9
ngp2|2026-06-19|night,ngp2,23:00,4,schubert,Line Stop / Wait,16.3
ngp2|2026-06-19|night,ngp2,00:00,5,hydration,Cap,1.7
ngp2|2026-06-19|night,ngp2,00:00,5,hydration,Limit Switch,1.2
ngp2|2026-06-19|night,ngp2,00:00,5,hydration,Gripper,5.0
ngp2|2026-06-19|night,ngp2,00:00,5,foil,Sealing Lane,1.0
ngp2|2026-06-19|night,ngp2,00:00,5,foil,Printer,4.6
ngp2|2026-06-19|night,ngp2,00:00,5,schubert,Line Stop / Wait,21.2
ngp2|2026-06-19|night,ngp2,00:00,5,manual,Manual,5.1
ngp2|2026-06-19|night,ngp2,01:00,6,hydration,Other,0.8
ngp2|2026-06-19|night,ngp2,01:00,6,hydration,Gripper,3.4
ngp2|2026-06-19|night,ngp2,01:00,6,hydration,Cap,0.2
ngp2|2026-06-19|night,ngp2,01:00,6,foil,Printer,4.3
ngp2|2026-06-19|night,ngp2,01:00,6,schubert,Line Stop / Wait,12.2
ngp2|2026-06-19|night,ngp2,01:00,6,unattributed,Other,3.9
ngp2|2026-06-19|night,ngp2,02:00,7,hydration,Cap,2.6
ngp2|2026-06-19|night,ngp2,02:00,7,foil,Labeler,8.7
ngp2|2026-06-19|night,ngp2,02:00,7,foil,Sealing Lane,1.0
ngp2|2026-06-19|night,ngp2,02:00,7,foil,Other,1.0
ngp2|2026-06-19|night,ngp2,02:00,7,schubert,Line Stop / Wait,1.3
ngp2|2026-06-19|night,ngp2,03:00,8,hydration,Limit Switch,1.8
ngp2|2026-06-19|night,ngp2,03:00,8,hydration,Catheter Reject,2.1
ngp2|2026-06-19|night,ngp2,03:00,8,hydration,Cap,1.5
ngp2|2026-06-19|night,ngp2,03:00,8,hydration,Timing,7.1
ngp2|2026-06-19|night,ngp2,03:00,8,hydration,Gripper,2.3
ngp2|2026-06-19|night,ngp2,03:00,8,foil,Other,0.2
ngp2|2026-06-19|night,ngp2,03:00,8,schubert,Line Stop / Wait,6.6
ngp2|2026-06-19|night,ngp2,04:00,9,hydration,Limit Switch,12.7
ngp2|2026-06-19|night,ngp2,04:00,9,hydration,Cap,1.0
ngp2|2026-06-19|night,ngp2,04:00,9,foil,Printer,8.5
ngp2|2026-06-19|night,ngp2,04:00,9,schubert,Line Stop / Wait,2.1
ngp2|2026-06-19|night,ngp2,04:00,9,unattributed,Other,2.1
ngp2|2026-06-19|night,ngp2,05:00,10,hydration,Cap,4.5
ngp2|2026-06-19|night,ngp2,05:00,10,hydration,Limit Switch,39.0
ngp2|2026-06-19|night,ngp2,05:00,10,foil,Sealing Lane,0.8
ngp2|2026-06-19|night,ngp2,06:00,11,hydration,Cap,7.8
ngp2|2026-06-19|night,ngp2,06:00,11,hydration,PMK / Media,12.2
ngp2|2026-07-08|day,ngp2,07:00,0,hydration,PMK / Media,1.0
ngp2|2026-07-08|day,ngp2,07:00,0,hydration,Cap,8.5
ngp2|2026-07-08|day,ngp2,07:00,0,foil,Sealing Lane,18.5
ngp2|2026-07-08|day,ngp2,07:00,0,schubert,Line Stop / Wait,0.8
ngp2|2026-07-08|day,ngp2,07:00,0,manual,Manual,11.9
ngp2|2026-07-08|day,ngp2,07:00,0,unattributed,Other,2.0
ngp2|2026-07-08|day,ngp2,08:00,1,hydration,Cap,5.3
ngp2|2026-07-08|day,ngp2,08:00,1,foil,Sealing Lane,27.9
ngp2|2026-07-08|day,ngp2,08:00,1,foil,Other,5.3
ngp2|2026-07-08|day,ngp2,08:00,1,schubert,Line Stop / Wait,10.5
ngp2|2026-07-08|day,ngp2,09:00,2,hydration,Cap,5.9
ngp2|2026-07-08|day,ngp2,09:00,2,foil,Sealing Lane,13.4
ngp2|2026-07-08|day,ngp2,09:00,2,foil,Other,7.1
ngp2|2026-07-08|day,ngp2,09:00,2,foil,Detection Fault,14.8
ngp2|2026-07-08|day,ngp2,09:00,2,foil,Edge Trim,2.2
ngp2|2026-07-08|day,ngp2,09:00,2,foil,Positioning,6.8
ngp2|2026-07-08|day,ngp2,10:00,3,hydration,Cap,5.5
ngp2|2026-07-08|day,ngp2,10:00,3,hydration,Gripper,5.8
ngp2|2026-07-08|day,ngp2,10:00,3,hydration,Catheter Reject,1.3
ngp2|2026-07-08|day,ngp2,10:00,3,foil,Sealing Lane,23.0
ngp2|2026-07-08|day,ngp2,10:00,3,foil,Detection Fault,8.4
ngp2|2026-07-08|day,ngp2,10:00,3,foil,Edge Trim,4.2
ngp2|2026-07-08|day,ngp2,10:00,3,foil,Other,1.3
ngp2|2026-07-08|day,ngp2,11:00,4,hydration,Limit Switch,7.9
ngp2|2026-07-08|day,ngp2,11:00,4,hydration,Other,6.1
ngp2|2026-07-08|day,ngp2,11:00,4,hydration,Gripper,2.1
ngp2|2026-07-08|day,ngp2,11:00,4,hydration,Cap,2.6
ngp2|2026-07-08|day,ngp2,11:00,4,foil,Sealing Lane,30.9
ngp2|2026-07-08|day,ngp2,11:00,4,foil,Other,4.3
ngp2|2026-07-08|day,ngp2,12:00,5,hydration,Cap,1.5
ngp2|2026-07-08|day,ngp2,12:00,5,hydration,Other,2.4
ngp2|2026-07-08|day,ngp2,12:00,5,hydration,Limit Switch,1.1
ngp2|2026-07-08|day,ngp2,12:00,5,hydration,Cover,1.8
ngp2|2026-07-08|day,ngp2,12:00,5,hydration,Gripper,1.1
ngp2|2026-07-08|day,ngp2,12:00,5,foil,Sealing Lane,14.0
ngp2|2026-07-08|day,ngp2,12:00,5,foil,Printer,2.9
ngp2|2026-07-08|day,ngp2,12:00,5,foil,Other,1.4
ngp2|2026-07-08|day,ngp2,12:00,5,schubert,Line Stop / Wait,3.0
ngp2|2026-07-08|day,ngp2,13:00,6,hydration,Cap,1.4
ngp2|2026-07-08|day,ngp2,13:00,6,hydration,Gripper,3.1
ngp2|2026-07-08|day,ngp2,13:00,6,hydration,Limit Switch,1.8
ngp2|2026-07-08|day,ngp2,13:00,6,foil,Sealing Lane,4.5
ngp2|2026-07-08|day,ngp2,13:00,6,foil,Detection Fault,6.9
ngp2|2026-07-08|day,ngp2,13:00,6,manual,Manual,7.5
ngp2|2026-07-08|day,ngp2,13:00,6,unattributed,Other,1.1
ngp2|2026-07-08|day,ngp2,14:00,7,hydration,Gripper,1.0
ngp2|2026-07-08|day,ngp2,14:00,7,hydration,Other,4.3
ngp2|2026-07-08|day,ngp2,14:00,7,hydration,Cap,1.1
ngp2|2026-07-08|day,ngp2,14:00,7,foil,Detection Fault,11.7
ngp2|2026-07-08|day,ngp2,14:00,7,foil,Printer,2.8
ngp2|2026-07-08|day,ngp2,14:00,7,foil,Positioning,0.8
ngp2|2026-07-08|day,ngp2,14:00,7,unattributed,Other,28.0
ngp2|2026-07-08|day,ngp2,15:00,8,hydration,Other,7.6
ngp2|2026-07-08|day,ngp2,15:00,8,hydration,Limit Switch,1.5
ngp2|2026-07-08|day,ngp2,15:00,8,hydration,Cap,15.2
ngp2|2026-07-08|day,ngp2,15:00,8,hydration,Gripper,0.5
ngp2|2026-07-08|day,ngp2,15:00,8,foil,Detection Fault,8.7
ngp2|2026-07-08|day,ngp2,15:00,8,foil,Sealing Lane,2.2
ngp2|2026-07-08|day,ngp2,15:00,8,schubert,Line Stop / Wait,10.5
ngp2|2026-07-08|day,ngp2,16:00,9,hydration,Gripper,2.4
ngp2|2026-07-08|day,ngp2,16:00,9,hydration,Cap,16.6
ngp2|2026-07-08|day,ngp2,16:00,9,hydration,Limit Switch,1.8
ngp2|2026-07-08|day,ngp2,16:00,9,foil,Sealing Lane,5.3
ngp2|2026-07-08|day,ngp2,16:00,9,foil,Detection Fault,4.3
ngp2|2026-07-08|day,ngp2,16:00,9,manual,Manual,2.6
ngp2|2026-07-08|day,ngp2,17:00,10,hydration,Limit Switch,1.1
ngp2|2026-07-08|day,ngp2,17:00,10,hydration,Cap,2.5
ngp2|2026-07-08|day,ngp2,17:00,10,hydration,Gripper,2.8
ngp2|2026-07-08|day,ngp2,17:00,10,foil,Sealing Lane,9.1
ngp2|2026-07-08|day,ngp2,17:00,10,foil,Detection Fault,2.8
ngp2|2026-07-08|day,ngp2,17:00,10,schubert,Line Stop / Wait,2.0
ngp2|2026-07-08|day,ngp2,18:00,11,hydration,Limit Switch,1.7
ngp2|2026-07-08|day,ngp2,18:00,11,hydration,Gripper,21.1
ngp2|2026-07-08|day,ngp2,18:00,11,hydration,Catheter Reject,1.1
ngp2|2026-07-08|day,ngp2,18:00,11,hydration,Cover,1.6
ngp2|2026-07-08|day,ngp2,18:00,11,hydration,Other,2.0
ngp2|2026-07-08|day,ngp2,18:00,11,hydration,Timing,3.9
ngp2|2026-07-08|day,ngp2,18:00,11,foil,Sealing Lane,3.7
ngp2|2026-07-08|day,ngp2,18:00,11,foil,Printer,9.3
ngp2|2026-07-08|day,ngp2,18:00,11,schubert,Line Stop / Wait,1.6
ngp2|2026-07-08|night,ngp2,19:00,0,hydration,Catheter Reject,1.3
ngp2|2026-07-08|night,ngp2,19:00,0,hydration,Gripper,2.6
ngp2|2026-07-08|night,ngp2,19:00,0,hydration,Cap,7.8
ngp2|2026-07-08|night,ngp2,19:00,0,foil,Printer,16.0
ngp2|2026-07-08|night,ngp2,19:00,0,foil,Detection Fault,8.9
ngp2|2026-07-08|night,ngp2,19:00,0,foil,Labeler,1.2
ngp2|2026-07-08|night,ngp2,19:00,0,foil,Sealing Lane,1.0
ngp2|2026-07-08|night,ngp2,20:00,1,hydration,Cap,10.2
ngp2|2026-07-08|night,ngp2,20:00,1,hydration,Catheter Reject,2.5
ngp2|2026-07-08|night,ngp2,20:00,1,hydration,Gripper,10.3
ngp2|2026-07-08|night,ngp2,20:00,1,foil,Sealing Lane,0.8
ngp2|2026-07-08|night,ngp2,20:00,1,schubert,Line Stop / Wait,1.5
ngp2|2026-07-08|night,ngp2,20:00,1,manual,Manual,11.0
ngp2|2026-07-08|night,ngp2,21:00,2,hydration,Gripper,10.9
ngp2|2026-07-08|night,ngp2,21:00,2,hydration,Cap,4.6
ngp2|2026-07-08|night,ngp2,21:00,2,foil,Sealing Lane,8.1
ngp2|2026-07-08|night,ngp2,21:00,2,schubert,Line Stop / Wait,12.6
ngp2|2026-07-08|night,ngp2,21:00,2,unattributed,Other,2.8
ngp2|2026-07-08|night,ngp2,22:00,3,hydration,Gripper,14.9
ngp2|2026-07-08|night,ngp2,22:00,3,foil,Sealing Lane,13.5
ngp2|2026-07-08|night,ngp2,22:00,3,foil,Printer,4.1
ngp2|2026-07-08|night,ngp2,22:00,3,foil,Detection Fault,6.3
ngp2|2026-07-08|night,ngp2,22:00,3,foil,Edge Trim,1.9
ngp2|2026-07-08|night,ngp2,22:00,3,manual,Manual,4.5
ngp2|2026-07-08|night,ngp2,22:00,3,unattributed,Other,2.3
ngp2|2026-07-08|night,ngp2,23:00,4,hydration,Gripper,2.9
ngp2|2026-07-08|night,ngp2,23:00,4,hydration,Catheter Reject,0.7
ngp2|2026-07-08|night,ngp2,23:00,4,foil,Detection Fault,16.8
ngp2|2026-07-08|night,ngp2,23:00,4,foil,Printer,1.0
ngp2|2026-07-08|night,ngp2,23:00,4,foil,Sealing Lane,16.8
ngp2|2026-07-08|night,ngp2,23:00,4,foil,Positioning,2.1
ngp2|2026-07-08|night,ngp2,23:00,4,schubert,Line Stop / Wait,1.5
ngp2|2026-07-08|night,ngp2,00:00,5,hydration,Gripper,1.5
ngp2|2026-07-08|night,ngp2,00:00,5,hydration,Cap,1.8
ngp2|2026-07-08|night,ngp2,00:00,5,foil,Sealing Lane,3.4
ngp2|2026-07-08|night,ngp2,00:00,5,foil,Printer,18.6
ngp2|2026-07-08|night,ngp2,00:00,5,foil,Detection Fault,7.2
ngp2|2026-07-08|night,ngp2,00:00,5,foil,Other,5.1
ngp2|2026-07-08|night,ngp2,01:00,6,hydration,Gripper,2.9
ngp2|2026-07-08|night,ngp2,01:00,6,hydration,Catheter Reject,2.1
ngp2|2026-07-08|night,ngp2,01:00,6,foil,Other,20.6
ngp2|2026-07-08|night,ngp2,01:00,6,foil,Detection Fault,2.8
ngp2|2026-07-08|night,ngp2,01:00,6,foil,Sealing Lane,2.1
ngp2|2026-07-08|night,ngp2,01:00,6,foil,Printer,2.0
ngp2|2026-07-08|night,ngp2,01:00,6,schubert,Line Stop / Wait,1.4
ngp2|2026-07-08|night,ngp2,02:00,7,hydration,Cap,2.9
ngp2|2026-07-08|night,ngp2,02:00,7,hydration,Gripper,4.4
ngp2|2026-07-08|night,ngp2,02:00,7,hydration,Other,2.4
ngp2|2026-07-08|night,ngp2,02:00,7,hydration,Limit Switch,1.2
ngp2|2026-07-08|night,ngp2,02:00,7,foil,Printer,0.1
ngp2|2026-07-08|night,ngp2,02:00,7,foil,Detection Fault,1.6
ngp2|2026-07-08|night,ngp2,02:00,7,foil,Edge Trim,4.6
ngp2|2026-07-08|night,ngp2,02:00,7,foil,Sealing Lane,0.8
ngp2|2026-07-08|night,ngp2,02:00,7,schubert,Line Stop / Wait,2.5
ngp2|2026-07-08|night,ngp2,03:00,8,hydration,Other,1.4
ngp2|2026-07-08|night,ngp2,03:00,8,hydration,Limit Switch,1.2
ngp2|2026-07-08|night,ngp2,03:00,8,hydration,Catheter Reject,1.4
ngp2|2026-07-08|night,ngp2,03:00,8,foil,Other,2.6
ngp2|2026-07-08|night,ngp2,03:00,8,foil,Sealing Lane,0.7
ngp2|2026-07-08|night,ngp2,03:00,8,foil,Detection Fault,20.6
ngp2|2026-07-08|night,ngp2,03:00,8,schubert,Line Stop / Wait,4.1
ngp2|2026-07-08|night,ngp2,04:00,9,foil,Detection Fault,60.0
ngp2|2026-07-08|night,ngp2,05:00,10,foil,Detection Fault,60.0
ngp2|2026-07-08|night,ngp2,06:00,11,foil,Detection Fault,60.0
ngp2|2026-07-09|day,ngp2,07:00,0,foil,Detection Fault,60.0
ngp2|2026-07-09|day,ngp2,08:00,1,foil,Detection Fault,60.0
ngp2|2026-07-09|day,ngp2,09:00,2,foil,Detection Fault,60.0
ngp2|2026-07-09|day,ngp2,10:00,3,foil,Detection Fault,60.0
ngp2|2026-07-09|day,ngp2,11:00,4,foil,Detection Fault,60.0
ngp2|2026-07-09|day,ngp2,12:00,5,foil,Detection Fault,60.0
ngp2|2026-07-09|day,ngp2,13:00,6,foil,Detection Fault,60.0
ngp2|2026-07-09|day,ngp2,14:00,7,hydration,Cap,19.2
ngp2|2026-07-09|day,ngp2,14:00,7,foil,Detection Fault,20.9
ngp2|2026-07-09|day,ngp2,14:00,7,foil,Positioning,4.5
ngp2|2026-07-09|day,ngp2,14:00,7,foil,Edge Trim,8.3
ngp2|2026-07-09|day,ngp2,14:00,7,manual,Manual,3.0
ngp2|2026-07-09|day,ngp2,15:00,8,hydration,Cap,47.7
ngp2|2026-07-09|day,ngp2,15:00,8,hydration,Gripper,2.3
ngp2|2026-07-09|day,ngp2,15:00,8,foil,Other,5.8
ngp2|2026-07-09|day,ngp2,16:00,9,hydration,Limit Switch,6.8
ngp2|2026-07-09|day,ngp2,16:00,9,hydration,Cap,4.4
ngp2|2026-07-09|day,ngp2,16:00,9,hydration,Gripper,2.4
ngp2|2026-07-09|day,ngp2,16:00,9,hydration,Timing,0.7
ngp2|2026-07-09|day,ngp2,16:00,9,hydration,Catheter Reject,1.2
ngp2|2026-07-09|day,ngp2,16:00,9,foil,Sealing Lane,3.8
ngp2|2026-07-09|day,ngp2,16:00,9,foil,Detection Fault,1.7
ngp2|2026-07-09|day,ngp2,16:00,9,foil,Printer,3.7
ngp2|2026-07-09|day,ngp2,16:00,9,foil,Other,2.2
ngp2|2026-07-09|day,ngp2,16:00,9,schubert,Line Stop / Wait,1.8
ngp2|2026-07-09|day,ngp2,17:00,10,hydration,Gripper,6.4
ngp2|2026-07-09|day,ngp2,17:00,10,foil,Sealing Lane,11.3
ngp2|2026-07-09|day,ngp2,17:00,10,foil,Detection Fault,23.1
ngp2|2026-07-09|day,ngp2,17:00,10,foil,Positioning,0.7
ngp2|2026-07-09|day,ngp2,17:00,10,foil,Printer,3.1
ngp2|2026-07-09|day,ngp2,17:00,10,schubert,Line Stop / Wait,3.6
ngp2|2026-07-09|day,ngp2,17:00,10,manual,Manual,1.0
ngp2|2026-07-09|day,ngp2,18:00,11,hydration,Cap,18.4
ngp2|2026-07-09|day,ngp2,18:00,11,hydration,Limit Switch,7.6
ngp2|2026-07-09|day,ngp2,18:00,11,hydration,Gripper,1.4
ngp2|2026-07-09|day,ngp2,18:00,11,hydration,Other,0.8
ngp2|2026-07-09|day,ngp2,18:00,11,hydration,Catheter Reject,5.2
ngp2|2026-07-09|day,ngp2,18:00,11,foil,Printer,1.7
ngp2|2026-07-09|day,ngp2,18:00,11,foil,Detection Fault,1.3
ngp2|2026-07-09|day,ngp2,18:00,11,foil,Sealing Lane,2.5
ngp2|2026-07-09|night,ngp2,19:00,0,hydration,Cap,9.3
ngp2|2026-07-09|night,ngp2,19:00,0,hydration,Limit Switch,3.6
ngp2|2026-07-09|night,ngp2,19:00,0,hydration,Other,4.7
ngp2|2026-07-09|night,ngp2,19:00,0,hydration,Catheter Reject,1.1
ngp2|2026-07-09|night,ngp2,19:00,0,hydration,Gripper,2.0
ngp2|2026-07-09|night,ngp2,19:00,0,hydration,Cover,1.9
ngp2|2026-07-09|night,ngp2,19:00,0,foil,Detection Fault,1.0
ngp2|2026-07-09|night,ngp2,19:00,0,foil,Sealing Lane,1.7
ngp2|2026-07-09|night,ngp2,19:00,0,schubert,Line Stop / Wait,3.0
ngp2|2026-07-09|night,ngp2,19:00,0,manual,Manual,2.5
ngp2|2026-07-09|night,ngp2,19:00,0,unattributed,Other,1.3
ngp2|2026-07-09|night,ngp2,20:00,1,hydration,Gripper,26.3
ngp2|2026-07-09|night,ngp2,20:00,1,hydration,Catheter Reject,2.3
ngp2|2026-07-09|night,ngp2,20:00,1,hydration,Limit Switch,1.2
ngp2|2026-07-09|night,ngp2,20:00,1,foil,Detection Fault,2.7
ngp2|2026-07-09|night,ngp2,20:00,1,foil,Positioning,0.5
ngp2|2026-07-09|night,ngp2,20:00,1,foil,Sealing Lane,4.2
ngp2|2026-07-09|night,ngp2,21:00,2,hydration,Other,3.0
ngp2|2026-07-09|night,ngp2,21:00,2,hydration,Gripper,2.4
ngp2|2026-07-09|night,ngp2,21:00,2,foil,Sealing Lane,3.1
ngp2|2026-07-09|night,ngp2,21:00,2,foil,Detection Fault,5.0
ngp2|2026-07-09|night,ngp2,21:00,2,foil,Edge Trim,33.6
ngp2|2026-07-09|night,ngp2,22:00,3,hydration,Gripper,5.8
ngp2|2026-07-09|night,ngp2,22:00,3,hydration,Cap,1.5
ngp2|2026-07-09|night,ngp2,22:00,3,hydration,Limit Switch,1.4
ngp2|2026-07-09|night,ngp2,22:00,3,foil,Edge Trim,22.8
ngp2|2026-07-09|night,ngp2,22:00,3,foil,Sealing Lane,2.6
ngp2|2026-07-09|night,ngp2,22:00,3,foil,Detection Fault,11.9
ngp2|2026-07-09|night,ngp2,22:00,3,foil,Positioning,0.8
ngp2|2026-07-09|night,ngp2,22:00,3,foil,Other,1.8
ngp2|2026-07-09|night,ngp2,22:00,3,manual,Manual,1.5
ngp2|2026-07-09|night,ngp2,23:00,4,hydration,Gripper,25.1
ngp2|2026-07-09|night,ngp2,23:00,4,hydration,Catheter Reject,15.2
ngp2|2026-07-09|night,ngp2,23:00,4,foil,Edge Trim,11.4
ngp2|2026-07-09|night,ngp2,00:00,5,hydration,Catheter Reject,38.9
ngp2|2026-07-09|night,ngp2,00:00,5,foil,Other,1.8
ngp2|2026-07-09|night,ngp2,00:00,5,foil,Sealing Lane,7.1
ngp2|2026-07-09|night,ngp2,00:00,5,foil,Detection Fault,3.9
ngp2|2026-07-09|night,ngp2,01:00,6,hydration,Gripper,1.7
ngp2|2026-07-09|night,ngp2,01:00,6,hydration,Cap,3.4
ngp2|2026-07-09|night,ngp2,01:00,6,foil,Sealing Lane,23.8
ngp2|2026-07-09|night,ngp2,01:00,6,foil,Detection Fault,5.8
ngp2|2026-07-09|night,ngp2,01:00,6,foil,Labeler,0.8
ngp2|2026-07-09|night,ngp2,01:00,6,foil,Edge Trim,1.8
ngp2|2026-07-09|night,ngp2,02:00,7,foil,Sealing Lane,12.2
ngp2|2026-07-09|night,ngp2,02:00,7,foil,Detection Fault,7.2
ngp2|2026-07-09|night,ngp2,02:00,7,foil,Positioning,1.0
ngp2|2026-07-09|night,ngp2,02:00,7,foil,Other,4.6
ngp2|2026-07-09|night,ngp2,02:00,7,foil,Edge Trim,4.3
ngp2|2026-07-09|night,ngp2,02:00,7,foil,Labeler,5.6
ngp2|2026-07-09|night,ngp2,02:00,7,schubert,Line Stop / Wait,1.1
ngp2|2026-07-09|night,ngp2,03:00,8,hydration,Gripper,4.0
ngp2|2026-07-09|night,ngp2,03:00,8,hydration,Catheter Reject,2.2
ngp2|2026-07-09|night,ngp2,03:00,8,foil,Sealing Lane,4.9
ngp2|2026-07-09|night,ngp2,03:00,8,foil,Edge Trim,7.4
ngp2|2026-07-09|night,ngp2,03:00,8,foil,Other,0.9
ngp2|2026-07-09|night,ngp2,03:00,8,foil,Detection Fault,3.3
ngp2|2026-07-09|night,ngp2,03:00,8,foil,Printer,1.9
ngp2|2026-07-09|night,ngp2,03:00,8,schubert,Line Stop / Wait,9.2
ngp2|2026-07-09|night,ngp2,03:00,8,unattributed,Other,1.4
ngp2|2026-07-09|night,ngp2,04:00,9,hydration,Limit Switch,1.4
ngp2|2026-07-09|night,ngp2,04:00,9,hydration,Catheter Reject,1.6
ngp2|2026-07-09|night,ngp2,04:00,9,hydration,Gripper,2.0
ngp2|2026-07-09|night,ngp2,04:00,9,hydration,Cap,1.5
ngp2|2026-07-09|night,ngp2,04:00,9,foil,Detection Fault,3.7
ngp2|2026-07-09|night,ngp2,04:00,9,foil,Printer,16.1
ngp2|2026-07-09|night,ngp2,04:00,9,foil,Sealing Lane,4.6
ngp2|2026-07-09|night,ngp2,04:00,9,foil,Edge Trim,3.5
ngp2|2026-07-09|night,ngp2,04:00,9,foil,Other,1.2
ngp2|2026-07-09|night,ngp2,05:00,10,hydration,Other,1.8
ngp2|2026-07-09|night,ngp2,05:00,10,hydration,Gripper,1.0
ngp2|2026-07-09|night,ngp2,05:00,10,hydration,Cap,1.3
ngp2|2026-07-09|night,ngp2,05:00,10,hydration,Limit Switch,1.2
ngp2|2026-07-09|night,ngp2,05:00,10,foil,Printer,5.2
ngp2|2026-07-09|night,ngp2,05:00,10,foil,Edge Trim,0.9
ngp2|2026-07-09|night,ngp2,05:00,10,foil,Other,22.5
ngp2|2026-07-09|night,ngp2,05:00,10,foil,Sealing Lane,10.3
ngp2|2026-07-09|night,ngp2,05:00,10,foil,Detection Fault,1.9
ngp2|2026-07-09|night,ngp2,05:00,10,manual,Manual,1.8
ngp2|2026-07-09|night,ngp2,06:00,11,hydration,Other,5.9
ngp2|2026-07-09|night,ngp2,06:00,11,hydration,Catheter Reject,0.9
ngp2|2026-07-09|night,ngp2,06:00,11,hydration,Cap,1.5
ngp2|2026-07-09|night,ngp2,06:00,11,hydration,Limit Switch,1.2
ngp2|2026-07-09|night,ngp2,06:00,11,foil,Printer,7.8
ngp2|2026-07-09|night,ngp2,06:00,11,foil,Edge Trim,6.3
ngp2|2026-07-09|night,ngp2,06:00,11,foil,Detection Fault,15.2
ngp2|2026-07-09|night,ngp2,06:00,11,schubert,Line Stop / Wait,4.8
ngp2|2026-07-09|night,ngp2,06:00,11,unattributed,Other,1.2
ngp2|2026-07-10|day,ngp2,07:00,0,hydration,Cap,5.1
ngp2|2026-07-10|day,ngp2,07:00,0,hydration,Catheter Reject,1.1
ngp2|2026-07-10|day,ngp2,07:00,0,foil,Detection Fault,0.4
ngp2|2026-07-10|day,ngp2,07:00,0,foil,Sealing Lane,1.6
ngp2|2026-07-10|day,ngp2,07:00,0,foil,Printer,15.9
ngp2|2026-07-10|day,ngp2,07:00,0,foil,Edge Trim,12.2
ngp2|2026-07-10|day,ngp2,07:00,0,manual,Manual,13.1
ngp2|2026-07-10|day,ngp2,08:00,1,hydration,Cap,0.3
ngp2|2026-07-10|day,ngp2,08:00,1,hydration,Limit Switch,5.4
ngp2|2026-07-10|day,ngp2,08:00,1,hydration,Catheter Reject,3.0
ngp2|2026-07-10|day,ngp2,08:00,1,foil,Edge Trim,2.6
ngp2|2026-07-10|day,ngp2,08:00,1,foil,Positioning,2.8
ngp2|2026-07-10|day,ngp2,08:00,1,foil,Detection Fault,2.3
ngp2|2026-07-10|day,ngp2,08:00,1,foil,Printer,7.4
ngp2|2026-07-10|day,ngp2,08:00,1,foil,Other,12.0
ngp2|2026-07-10|day,ngp2,08:00,1,schubert,Line Stop / Wait,6.1
ngp2|2026-07-10|day,ngp2,09:00,2,hydration,Gripper,6.2
ngp2|2026-07-10|day,ngp2,09:00,2,hydration,Limit Switch,2.8
ngp2|2026-07-10|day,ngp2,09:00,2,foil,Other,3.2
ngp2|2026-07-10|day,ngp2,09:00,2,foil,Positioning,2.1
ngp2|2026-07-10|day,ngp2,09:00,2,foil,Printer,2.9
ngp2|2026-07-10|day,ngp2,09:00,2,foil,Detection Fault,8.8
ngp2|2026-07-10|day,ngp2,09:00,2,foil,Sealing Lane,1.0
ngp2|2026-07-10|day,ngp2,09:00,2,schubert,Line Stop / Wait,12.9
ngp2|2026-07-10|day,ngp2,09:00,2,manual,Manual,1.5
ngp2|2026-07-10|day,ngp2,10:00,3,schubert,Line Stop / Wait,60.0
ngp2|2026-07-10|day,ngp2,11:00,4,hydration,Gripper,13.4
ngp2|2026-07-10|day,ngp2,11:00,4,hydration,Cover,2.5
ngp2|2026-07-10|day,ngp2,11:00,4,hydration,Limit Switch,2.5
ngp2|2026-07-10|day,ngp2,11:00,4,foil,Edge Trim,3.8
ngp2|2026-07-10|day,ngp2,11:00,4,schubert,Line Stop / Wait,31.9
ngp2|2026-07-10|day,ngp2,12:00,5,hydration,Gripper,5.5
ngp2|2026-07-10|day,ngp2,12:00,5,hydration,Catheter Reject,23.0
ngp2|2026-07-10|day,ngp2,12:00,5,foil,Sealing Lane,3.4
ngp2|2026-07-10|day,ngp2,12:00,5,foil,Printer,1.2
ngp2|2026-07-10|day,ngp2,12:00,5,schubert,Line Stop / Wait,11.5
ngp2|2026-07-10|day,ngp2,12:00,5,unattributed,Other,3.7
ngp2|2026-07-10|day,ngp2,13:00,6,hydration,Limit Switch,4.2
ngp2|2026-07-10|day,ngp2,13:00,6,hydration,Cap,6.9
ngp2|2026-07-10|day,ngp2,13:00,6,hydration,Gripper,1.2
ngp2|2026-07-10|day,ngp2,13:00,6,hydration,Catheter Reject,3.3
ngp2|2026-07-10|day,ngp2,13:00,6,foil,Sealing Lane,7.4
ngp2|2026-07-10|day,ngp2,13:00,6,foil,Edge Trim,2.8
ngp2|2026-07-10|day,ngp2,13:00,6,foil,Detection Fault,1.0
ngp2|2026-07-10|day,ngp2,13:00,6,schubert,Line Stop / Wait,4.2
ngp2|2026-07-10|day,ngp2,13:00,6,unattributed,Other,1.0
ngp2|2026-07-10|day,ngp2,14:00,7,hydration,Catheter Reject,2.2
ngp2|2026-07-10|day,ngp2,14:00,7,hydration,Other,8.3
ngp2|2026-07-10|day,ngp2,14:00,7,hydration,Cap,16.9
ngp2|2026-07-10|day,ngp2,14:00,7,hydration,Gripper,1.0
ngp2|2026-07-10|day,ngp2,14:00,7,foil,Printer,1.6
ngp2|2026-07-10|day,ngp2,14:00,7,foil,Sealing Lane,0.7
ngp2|2026-07-10|day,ngp2,14:00,7,schubert,Line Stop / Wait,8.3
ngp2|2026-07-10|day,ngp2,14:00,7,unattributed,Other,1.4
ngp2|2026-07-10|day,ngp2,15:00,8,hydration,Other,1.5
ngp2|2026-07-10|day,ngp2,15:00,8,hydration,Cap,6.3
ngp2|2026-07-10|day,ngp2,15:00,8,foil,Edge Trim,10.1
ngp2|2026-07-10|day,ngp2,15:00,8,foil,Sealing Lane,13.3
ngp2|2026-07-10|day,ngp2,15:00,8,schubert,Line Stop / Wait,3.5
ngp2|2026-07-10|day,ngp2,15:00,8,unattributed,Other,0.8
ngp2|2026-07-10|day,ngp2,16:00,9,hydration,Cover,2.1
ngp2|2026-07-10|day,ngp2,16:00,9,hydration,Gripper,0.7
ngp2|2026-07-10|day,ngp2,16:00,9,foil,Other,3.8
ngp2|2026-07-10|day,ngp2,16:00,9,foil,Printer,1.8
ngp2|2026-07-10|day,ngp2,16:00,9,foil,Sealing Lane,10.2
ngp2|2026-07-10|day,ngp2,16:00,9,foil,Detection Fault,1.3
ngp2|2026-07-10|day,ngp2,16:00,9,schubert,Line Stop / Wait,10.4
ngp2|2026-07-10|day,ngp2,17:00,10,hydration,Cap,1.4
ngp2|2026-07-10|day,ngp2,17:00,10,foil,Detection Fault,1.3
ngp2|2026-07-10|day,ngp2,17:00,10,foil,Edge Trim,1.7
ngp2|2026-07-10|day,ngp2,17:00,10,foil,Printer,6.5
ngp2|2026-07-10|day,ngp2,17:00,10,foil,Other,6.5
ngp2|2026-07-10|day,ngp2,17:00,10,foil,Sealing Lane,1.4
ngp2|2026-07-10|day,ngp2,17:00,10,schubert,Line Stop / Wait,10.8
ngp2|2026-07-10|day,ngp2,18:00,11,hydration,Other,0.7
ngp2|2026-07-10|day,ngp2,18:00,11,foil,Labeler,4.3
ngp2|2026-07-10|day,ngp2,18:00,11,foil,Other,1.2
ngp2|2026-07-10|day,ngp2,18:00,11,schubert,Line Stop / Wait,25.2
ngp2|2026-07-10|day,ngp2,18:00,11,manual,Manual,1.5
ngp2|2026-07-10|day,ngp2,18:00,11,unattributed,Other,1.0
ngp2|2026-07-10|night,ngp2,19:00,0,hydration,Catheter Reject,3.1
ngp2|2026-07-10|night,ngp2,19:00,0,hydration,Gripper,2.9
ngp2|2026-07-10|night,ngp2,19:00,0,foil,Sealing Lane,1.0
ngp2|2026-07-10|night,ngp2,19:00,0,foil,Detection Fault,14.1
ngp2|2026-07-10|night,ngp2,19:00,0,schubert,Line Stop / Wait,5.7
ngp2|2026-07-10|night,ngp2,20:00,1,hydration,Limit Switch,1.1
ngp2|2026-07-10|night,ngp2,20:00,1,foil,Detection Fault,3.7
ngp2|2026-07-10|night,ngp2,20:00,1,foil,Labeler,18.8
ngp2|2026-07-10|night,ngp2,20:00,1,foil,Other,8.8
ngp2|2026-07-10|night,ngp2,20:00,1,foil,Sealing Lane,5.0
ngp2|2026-07-10|night,ngp2,20:00,1,foil,Printer,1.1
ngp2|2026-07-10|night,ngp2,20:00,1,foil,Positioning,1.1
ngp2|2026-07-10|night,ngp2,20:00,1,foil,Edge Trim,0.4
ngp2|2026-07-10|night,ngp2,20:00,1,unattributed,Other,1.9
ngp2|2026-07-10|night,ngp2,21:00,2,hydration,Gripper,8.2
ngp2|2026-07-10|night,ngp2,21:00,2,hydration,Other,1.0
ngp2|2026-07-10|night,ngp2,21:00,2,foil,Edge Trim,4.0
ngp2|2026-07-10|night,ngp2,21:00,2,foil,Sealing Lane,5.3
ngp2|2026-07-10|night,ngp2,21:00,2,schubert,Line Stop / Wait,1.8
ngp2|2026-07-10|night,ngp2,22:00,3,hydration,Cap,1.6
ngp2|2026-07-10|night,ngp2,22:00,3,foil,Other,7.0
ngp2|2026-07-10|night,ngp2,22:00,3,foil,Sealing Lane,9.8
ngp2|2026-07-10|night,ngp2,22:00,3,foil,Detection Fault,3.2
ngp2|2026-07-10|night,ngp2,22:00,3,foil,Printer,1.1
ngp2|2026-07-10|night,ngp2,22:00,3,schubert,Line Stop / Wait,1.5
ngp2|2026-07-10|night,ngp2,23:00,4,hydration,Cap,2.6
ngp2|2026-07-10|night,ngp2,23:00,4,foil,Sealing Lane,13.5
ngp2|2026-07-10|night,ngp2,23:00,4,foil,Detection Fault,2.3
ngp2|2026-07-10|night,ngp2,23:00,4,foil,Edge Trim,1.8
ngp2|2026-07-10|night,ngp2,23:00,4,foil,Printer,1.8
ngp2|2026-07-10|night,ngp2,23:00,4,foil,Other,1.1
ngp2|2026-07-10|night,ngp2,23:00,4,schubert,Line Stop / Wait,4.2
ngp2|2026-07-10|night,ngp2,00:00,5,hydration,Cap,2.2
ngp2|2026-07-10|night,ngp2,00:00,5,foil,Sealing Lane,4.7
ngp2|2026-07-10|night,ngp2,00:00,5,foil,Edge Trim,3.1
ngp2|2026-07-10|night,ngp2,00:00,5,foil,Detection Fault,4.6
ngp2|2026-07-10|night,ngp2,00:00,5,schubert,Line Stop / Wait,13.5
ngp2|2026-07-10|night,ngp2,01:00,6,hydration,Other,3.0
ngp2|2026-07-10|night,ngp2,01:00,6,foil,Sealing Lane,2.5
ngp2|2026-07-10|night,ngp2,01:00,6,foil,Detection Fault,5.6
ngp2|2026-07-10|night,ngp2,01:00,6,foil,Printer,3.3
ngp2|2026-07-10|night,ngp2,01:00,6,foil,Other,1.4
ngp2|2026-07-10|night,ngp2,01:00,6,schubert,Line Stop / Wait,25.2
ngp2|2026-07-10|night,ngp2,02:00,7,hydration,Other,4.1
ngp2|2026-07-10|night,ngp2,02:00,7,hydration,Cap,1.4
ngp2|2026-07-10|night,ngp2,02:00,7,hydration,Gripper,1.1
ngp2|2026-07-10|night,ngp2,02:00,7,foil,Other,2.8
ngp2|2026-07-10|night,ngp2,02:00,7,foil,Sealing Lane,3.9
ngp2|2026-07-10|night,ngp2,02:00,7,foil,Printer,1.6
ngp2|2026-07-10|night,ngp2,02:00,7,foil,Detection Fault,5.0
ngp2|2026-07-10|night,ngp2,03:00,8,hydration,Gripper,10.7
ngp2|2026-07-10|night,ngp2,03:00,8,hydration,Catheter Reject,4.3
ngp2|2026-07-10|night,ngp2,03:00,8,foil,Other,6.6
ngp2|2026-07-10|night,ngp2,03:00,8,foil,Sealing Lane,8.8
ngp2|2026-07-10|night,ngp2,03:00,8,foil,Printer,0.6
ngp2|2026-07-10|night,ngp2,03:00,8,foil,Edge Trim,2.4
ngp2|2026-07-10|night,ngp2,03:00,8,foil,Detection Fault,1.1
ngp2|2026-07-10|night,ngp2,03:00,8,schubert,Line Stop / Wait,2.3
ngp2|2026-07-10|night,ngp2,04:00,9,hydration,Gripper,3.4
ngp2|2026-07-10|night,ngp2,04:00,9,hydration,Cap,3.8
ngp2|2026-07-10|night,ngp2,04:00,9,foil,Detection Fault,8.8
ngp2|2026-07-10|night,ngp2,04:00,9,foil,Sealing Lane,8.4
ngp2|2026-07-10|night,ngp2,04:00,9,foil,Edge Trim,1.5
ngp2|2026-07-10|night,ngp2,04:00,9,foil,Printer,1.6
ngp2|2026-07-10|night,ngp2,04:00,9,schubert,Line Stop / Wait,3.5
ngp2|2026-07-10|night,ngp2,04:00,9,unattributed,Other,1.6
ngp2|2026-07-10|night,ngp2,05:00,10,hydration,Cap,0.9
ngp2|2026-07-10|night,ngp2,05:00,10,hydration,Gripper,0.8
ngp2|2026-07-10|night,ngp2,05:00,10,foil,Detection Fault,11.2
ngp2|2026-07-10|night,ngp2,05:00,10,foil,Sealing Lane,13.2
ngp2|2026-07-10|night,ngp2,05:00,10,foil,Other,3.1
ngp2|2026-07-10|night,ngp2,05:00,10,foil,Positioning,0.6
ngp2|2026-07-10|night,ngp2,05:00,10,foil,Printer,1.7
ngp2|2026-07-10|night,ngp2,05:00,10,schubert,Line Stop / Wait,5.7
ngp2|2026-07-10|night,ngp2,06:00,11,hydration,Gripper,0.4
ngp2|2026-07-10|night,ngp2,06:00,11,hydration,Catheter Reject,2.5
ngp2|2026-07-10|night,ngp2,06:00,11,hydration,Other,1.1
ngp2|2026-07-10|night,ngp2,06:00,11,hydration,Cap,1.8
ngp2|2026-07-10|night,ngp2,06:00,11,foil,Sealing Lane,8.6
ngp2|2026-07-10|night,ngp2,06:00,11,foil,Labeler,1.5
ngp2|2026-07-10|night,ngp2,06:00,11,foil,Detection Fault,3.9
ngp2|2026-07-10|night,ngp2,06:00,11,schubert,Line Stop / Wait,1.2
ngp2|2026-07-10|night,ngp2,06:00,11,manual,Manual,18.4
ngp2|2026-07-11|day,ngp2,07:00,0,hydration,Catheter Reject,1.1
ngp2|2026-07-11|day,ngp2,07:00,0,hydration,Cap,1.4
ngp2|2026-07-11|day,ngp2,07:00,0,hydration,Gripper,1.3
ngp2|2026-07-11|day,ngp2,07:00,0,foil,Sealing Lane,11.4
ngp2|2026-07-11|day,ngp2,07:00,0,foil,Detection Fault,1.3
ngp2|2026-07-11|day,ngp2,07:00,0,schubert,Line Stop / Wait,0.8
ngp2|2026-07-11|day,ngp2,07:00,0,manual,Manual,18.7
ngp2|2026-07-11|day,ngp2,08:00,1,hydration,Gripper,1.3
ngp2|2026-07-11|day,ngp2,08:00,1,foil,Sealing Lane,26.5
ngp2|2026-07-11|day,ngp2,08:00,1,manual,Manual,18.7
ngp2|2026-07-11|day,ngp2,08:00,1,unattributed,Other,1.5
ngp2|2026-07-11|day,ngp2,09:00,2,hydration,Cap,2.7
ngp2|2026-07-11|day,ngp2,09:00,2,foil,Other,4.8
ngp2|2026-07-11|day,ngp2,09:00,2,foil,Detection Fault,2.6
ngp2|2026-07-11|day,ngp2,09:00,2,foil,Sealing Lane,8.5
ngp2|2026-07-11|day,ngp2,09:00,2,foil,Printer,1.3
ngp2|2026-07-11|day,ngp2,09:00,2,foil,Edge Trim,12.0
ngp2|2026-07-11|day,ngp2,09:00,2,foil,Positioning,0.9
ngp2|2026-07-11|day,ngp2,10:00,3,hydration,Gripper,1.1
ngp2|2026-07-11|day,ngp2,10:00,3,foil,Detection Fault,8.6
ngp2|2026-07-11|day,ngp2,10:00,3,foil,Sealing Lane,19.8
ngp2|2026-07-11|day,ngp2,10:00,3,foil,Printer,2.2
ngp2|2026-07-11|day,ngp2,10:00,3,foil,Edge Trim,5.6
ngp2|2026-07-11|day,ngp2,10:00,3,foil,Other,1.7
ngp2|2026-07-11|day,ngp2,11:00,4,hydration,Other,0.6
ngp2|2026-07-11|day,ngp2,11:00,4,hydration,Gripper,1.0
ngp2|2026-07-11|day,ngp2,11:00,4,foil,Detection Fault,3.6
ngp2|2026-07-11|day,ngp2,11:00,4,foil,Positioning,16.3
ngp2|2026-07-11|day,ngp2,11:00,4,foil,Edge Trim,1.6
ngp2|2026-07-11|day,ngp2,11:00,4,foil,Sealing Lane,0.8
ngp2|2026-07-11|day,ngp2,11:00,4,schubert,Line Stop / Wait,13.6
ngp2|2026-07-11|day,ngp2,12:00,5,hydration,Limit Switch,5.6
ngp2|2026-07-11|day,ngp2,12:00,5,foil,Sealing Lane,10.3
ngp2|2026-07-11|day,ngp2,12:00,5,foil,Detection Fault,3.5
ngp2|2026-07-11|day,ngp2,12:00,5,schubert,Line Stop / Wait,5.3
ngp2|2026-07-11|day,ngp2,13:00,6,hydration,Other,0.7
ngp2|2026-07-11|day,ngp2,13:00,6,hydration,Cap,1.6
ngp2|2026-07-11|day,ngp2,13:00,6,foil,Sealing Lane,12.2
ngp2|2026-07-11|day,ngp2,13:00,6,foil,Detection Fault,4.0
ngp2|2026-07-11|day,ngp2,13:00,6,foil,Printer,2.1
ngp2|2026-07-11|day,ngp2,13:00,6,foil,Edge Trim,1.8
ngp2|2026-07-11|day,ngp2,13:00,6,schubert,Line Stop / Wait,4.0
ngp2|2026-07-11|day,ngp2,13:00,6,manual,Manual,0.9
ngp2|2026-07-11|day,ngp2,14:00,7,hydration,Cap,4.0
ngp2|2026-07-11|day,ngp2,14:00,7,hydration,Gripper,3.0
ngp2|2026-07-11|day,ngp2,14:00,7,foil,Detection Fault,22.8
ngp2|2026-07-11|day,ngp2,14:00,7,foil,Sealing Lane,2.8
ngp2|2026-07-11|day,ngp2,14:00,7,foil,Printer,2.5
ngp2|2026-07-11|day,ngp2,14:00,7,foil,Edge Trim,9.0
ngp2|2026-07-11|day,ngp2,14:00,7,foil,Positioning,0.6
ngp2|2026-07-11|day,ngp2,15:00,8,hydration,Cap,8.5
ngp2|2026-07-11|day,ngp2,15:00,8,hydration,Other,14.4
ngp2|2026-07-11|day,ngp2,15:00,8,hydration,Cover,6.4
ngp2|2026-07-11|day,ngp2,15:00,8,foil,Edge Trim,0.2
ngp2|2026-07-11|day,ngp2,15:00,8,foil,Positioning,1.0
ngp2|2026-07-11|day,ngp2,15:00,8,foil,Detection Fault,9.5
ngp2|2026-07-11|day,ngp2,15:00,8,foil,Printer,4.0
ngp2|2026-07-11|day,ngp2,15:00,8,foil,Sealing Lane,3.5
ngp2|2026-07-11|day,ngp2,15:00,8,manual,Manual,0.9
ngp2|2026-07-11|day,ngp2,16:00,9,hydration,Cap,4.7
ngp2|2026-07-11|day,ngp2,16:00,9,hydration,Other,0.8
ngp2|2026-07-11|day,ngp2,16:00,9,hydration,Gripper,7.3
ngp2|2026-07-11|day,ngp2,16:00,9,hydration,Limit Switch,2.7
ngp2|2026-07-11|day,ngp2,16:00,9,foil,Detection Fault,6.9
ngp2|2026-07-11|day,ngp2,16:00,9,foil,Edge Trim,9.1
ngp2|2026-07-11|day,ngp2,16:00,9,foil,Sealing Lane,9.6
ngp2|2026-07-11|day,ngp2,16:00,9,unattributed,Other,1.4
ngp2|2026-07-11|day,ngp2,17:00,10,hydration,Gripper,0.7
ngp2|2026-07-11|day,ngp2,17:00,10,hydration,Catheter Reject,0.6
ngp2|2026-07-11|day,ngp2,17:00,10,hydration,Limit Switch,1.8
ngp2|2026-07-11|day,ngp2,17:00,10,hydration,Other,0.8
ngp2|2026-07-11|day,ngp2,17:00,10,foil,Detection Fault,13.4
ngp2|2026-07-11|day,ngp2,17:00,10,foil,Sealing Lane,3.8
ngp2|2026-07-11|day,ngp2,17:00,10,foil,Printer,3.7
ngp2|2026-07-11|day,ngp2,17:00,10,foil,Other,1.2
ngp2|2026-07-11|day,ngp2,18:00,11,hydration,Cap,1.5
ngp2|2026-07-11|day,ngp2,18:00,11,foil,Detection Fault,11.8
ngp2|2026-07-11|day,ngp2,18:00,11,foil,Sealing Lane,3.4
ngp2|2026-07-11|day,ngp2,18:00,11,foil,Edge Trim,5.7
ngp2|2026-07-11|day,ngp2,18:00,11,foil,Other,1.4
ngp2|2026-07-11|day,ngp2,18:00,11,foil,Printer,8.0
ngp2|2026-07-11|night,ngp2,19:00,0,hydration,Gripper,0.7
ngp2|2026-07-11|night,ngp2,19:00,0,foil,Detection Fault,36.5
ngp2|2026-07-11|night,ngp2,19:00,0,foil,Other,5.1
ngp2|2026-07-11|night,ngp2,19:00,0,foil,Sealing Lane,8.7
ngp2|2026-07-11|night,ngp2,19:00,0,unattributed,Other,1.9
ngp2|2026-07-11|night,ngp2,20:00,1,foil,Detection Fault,35.7
ngp2|2026-07-11|night,ngp2,20:00,1,foil,Sealing Lane,3.3
ngp2|2026-07-11|night,ngp2,20:00,1,foil,Printer,1.7
ngp2|2026-07-11|night,ngp2,20:00,1,foil,Other,3.7
ngp2|2026-07-11|night,ngp2,20:00,1,foil,Positioning,0.8
ngp2|2026-07-11|night,ngp2,20:00,1,schubert,Line Stop / Wait,6.8
ngp2|2026-07-11|night,ngp2,21:00,2,hydration,Other,4.6
ngp2|2026-07-11|night,ngp2,21:00,2,hydration,Catheter Reject,1.3
ngp2|2026-07-11|night,ngp2,21:00,2,foil,Edge Trim,1.8
ngp2|2026-07-11|night,ngp2,21:00,2,foil,Sealing Lane,19.0
ngp2|2026-07-11|night,ngp2,21:00,2,foil,Detection Fault,8.4
ngp2|2026-07-11|night,ngp2,21:00,2,foil,Printer,0.9
ngp2|2026-07-11|night,ngp2,21:00,2,foil,Positioning,4.9
ngp2|2026-07-11|night,ngp2,22:00,3,hydration,Gripper,0.6
ngp2|2026-07-11|night,ngp2,22:00,3,hydration,Limit Switch,0.7
ngp2|2026-07-11|night,ngp2,22:00,3,foil,Sealing Lane,13.0
ngp2|2026-07-11|night,ngp2,22:00,3,foil,Detection Fault,1.1
ngp2|2026-07-11|night,ngp2,22:00,3,schubert,Line Stop / Wait,1.9
ngp2|2026-07-11|night,ngp2,22:00,3,manual,Manual,3.4
ngp2|2026-07-11|night,ngp2,22:00,3,unattributed,Other,1.6
ngp2|2026-07-11|night,ngp2,23:00,4,hydration,Gripper,2.5
ngp2|2026-07-11|night,ngp2,23:00,4,hydration,Other,0.9
ngp2|2026-07-11|night,ngp2,23:00,4,hydration,Limit Switch,0.8
ngp2|2026-07-11|night,ngp2,23:00,4,foil,Labeler,1.8
ngp2|2026-07-11|night,ngp2,23:00,4,foil,Other,11.5
ngp2|2026-07-11|night,ngp2,23:00,4,foil,Detection Fault,3.9
ngp2|2026-07-11|night,ngp2,23:00,4,schubert,Line Stop / Wait,3.7
ngp2|2026-07-11|night,ngp2,00:00,5,hydration,Limit Switch,0.9
ngp2|2026-07-11|night,ngp2,00:00,5,hydration,Catheter Reject,1.2
ngp2|2026-07-11|night,ngp2,00:00,5,foil,Detection Fault,5.4
ngp2|2026-07-11|night,ngp2,00:00,5,foil,Labeler,8.4
ngp2|2026-07-11|night,ngp2,00:00,5,foil,Sealing Lane,4.8
ngp2|2026-07-11|night,ngp2,00:00,5,foil,Printer,1.2
ngp2|2026-07-11|night,ngp2,00:00,5,schubert,Line Stop / Wait,3.1
ngp2|2026-07-11|night,ngp2,01:00,6,hydration,Other,1.4
ngp2|2026-07-11|night,ngp2,01:00,6,hydration,Gripper,1.0
ngp2|2026-07-11|night,ngp2,01:00,6,foil,Detection Fault,18.9
ngp2|2026-07-11|night,ngp2,01:00,6,foil,Printer,3.2
ngp2|2026-07-11|night,ngp2,01:00,6,foil,Other,1.7
ngp2|2026-07-11|night,ngp2,01:00,6,schubert,Line Stop / Wait,2.2
ngp2|2026-07-11|night,ngp2,02:00,7,hydration,Limit Switch,1.8
ngp2|2026-07-11|night,ngp2,02:00,7,hydration,Other,3.1
ngp2|2026-07-11|night,ngp2,02:00,7,hydration,Cap,1.5
ngp2|2026-07-11|night,ngp2,02:00,7,foil,Positioning,1.3
ngp2|2026-07-11|night,ngp2,02:00,7,foil,Sealing Lane,3.8
ngp2|2026-07-11|night,ngp2,02:00,7,foil,Detection Fault,5.1
ngp2|2026-07-11|night,ngp2,02:00,7,schubert,Line Stop / Wait,11.5
ngp2|2026-07-11|night,ngp2,02:00,7,manual,Manual,2.1
ngp2|2026-07-11|night,ngp2,02:00,7,unattributed,Other,2.2
ngp2|2026-07-11|night,ngp2,03:00,8,hydration,Gripper,4.4
ngp2|2026-07-11|night,ngp2,03:00,8,hydration,Limit Switch,1.4
ngp2|2026-07-11|night,ngp2,03:00,8,foil,Edge Trim,6.9
ngp2|2026-07-11|night,ngp2,03:00,8,foil,Other,14.3
ngp2|2026-07-11|night,ngp2,03:00,8,foil,Printer,2.9
ngp2|2026-07-11|night,ngp2,03:00,8,foil,Detection Fault,0.9
ngp2|2026-07-11|night,ngp2,03:00,8,schubert,Line Stop / Wait,3.2
ngp2|2026-07-11|night,ngp2,04:00,9,hydration,Gripper,2.0
ngp2|2026-07-11|night,ngp2,04:00,9,hydration,Cap,1.4
ngp2|2026-07-11|night,ngp2,04:00,9,hydration,Other,0.6
ngp2|2026-07-11|night,ngp2,04:00,9,foil,Sealing Lane,4.3
ngp2|2026-07-11|night,ngp2,04:00,9,foil,Detection Fault,7.0
ngp2|2026-07-11|night,ngp2,04:00,9,foil,Printer,2.2
ngp2|2026-07-11|night,ngp2,04:00,9,foil,Edge Trim,12.4
ngp2|2026-07-11|night,ngp2,04:00,9,unattributed,Other,2.2
ngp2|2026-07-11|night,ngp2,05:00,10,hydration,Other,0.6
ngp2|2026-07-11|night,ngp2,05:00,10,hydration,Cap,1.2
ngp2|2026-07-11|night,ngp2,05:00,10,foil,Detection Fault,23.0
ngp2|2026-07-11|night,ngp2,05:00,10,foil,Edge Trim,16.0
ngp2|2026-07-11|night,ngp2,05:00,10,foil,Sealing Lane,4.5
ngp2|2026-07-11|night,ngp2,06:00,11,hydration,Cap,1.8
ngp2|2026-07-11|night,ngp2,06:00,11,hydration,Other,1.0
ngp2|2026-07-11|night,ngp2,06:00,11,hydration,Cover,1.7
ngp2|2026-07-11|night,ngp2,06:00,11,hydration,Gripper,0.6
ngp2|2026-07-11|night,ngp2,06:00,11,hydration,Limit Switch,8.2
ngp2|2026-07-11|night,ngp2,06:00,11,foil,Detection Fault,5.6
ngp2|2026-07-11|night,ngp2,06:00,11,foil,Positioning,3.5
ngp2|2026-07-11|night,ngp2,06:00,11,foil,Sealing Lane,4.2
ngp2|2026-07-11|night,ngp2,06:00,11,foil,Printer,7.4
ngp2|2026-07-11|night,ngp2,06:00,11,schubert,Line Stop / Wait,3.9
ngp2|2026-07-12|day,ngp2,07:00,0,hydration,Other,0.7
ngp2|2026-07-12|day,ngp2,07:00,0,hydration,Gripper,1.0
ngp2|2026-07-12|day,ngp2,07:00,0,hydration,Cap,3.1
ngp2|2026-07-12|day,ngp2,07:00,0,hydration,Limit Switch,1.4
ngp2|2026-07-12|day,ngp2,07:00,0,foil,Printer,3.6
ngp2|2026-07-12|day,ngp2,07:00,0,foil,Other,1.9
ngp2|2026-07-12|day,ngp2,07:00,0,foil,Detection Fault,5.7
ngp2|2026-07-12|day,ngp2,07:00,0,foil,Sealing Lane,0.8
ngp2|2026-07-12|day,ngp2,07:00,0,foil,Edge Trim,3.7
ngp2|2026-07-12|day,ngp2,07:00,0,schubert,Line Stop / Wait,4.0
ngp2|2026-07-12|day,ngp2,07:00,0,manual,Manual,10.5
ngp2|2026-07-12|day,ngp2,07:00,0,unattributed,Other,1.7
ngp2|2026-07-12|day,ngp2,08:00,1,hydration,Cap,2.4
ngp2|2026-07-12|day,ngp2,08:00,1,hydration,Limit Switch,2.0
ngp2|2026-07-12|day,ngp2,08:00,1,hydration,Catheter Reject,1.9
ngp2|2026-07-12|day,ngp2,08:00,1,hydration,Cover,1.6
ngp2|2026-07-12|day,ngp2,08:00,1,hydration,Gripper,1.4
ngp2|2026-07-12|day,ngp2,08:00,1,hydration,Other,1.0
ngp2|2026-07-12|day,ngp2,08:00,1,foil,Sealing Lane,5.9
ngp2|2026-07-12|day,ngp2,08:00,1,foil,Detection Fault,15.2
ngp2|2026-07-12|day,ngp2,08:00,1,foil,Printer,0.6
ngp2|2026-07-12|day,ngp2,09:00,2,hydration,Cap,2.3
ngp2|2026-07-12|day,ngp2,09:00,2,hydration,Other,2.2
ngp2|2026-07-12|day,ngp2,09:00,2,hydration,Limit Switch,47.9
ngp2|2026-07-12|day,ngp2,09:00,2,foil,Detection Fault,1.2
ngp2|2026-07-12|day,ngp2,09:00,2,foil,Printer,2.0
ngp2|2026-07-12|day,ngp2,10:00,3,hydration,Limit Switch,33.4
ngp2|2026-07-12|day,ngp2,10:00,3,hydration,Gripper,1.6
ngp2|2026-07-12|day,ngp2,10:00,3,foil,Labeler,1.4
ngp2|2026-07-12|day,ngp2,10:00,3,foil,Detection Fault,8.1
ngp2|2026-07-12|day,ngp2,10:00,3,foil,Printer,7.6
ngp2|2026-07-12|day,ngp2,10:00,3,foil,Other,2.1
ngp2|2026-07-12|day,ngp2,11:00,4,hydration,Other,0.5
ngp2|2026-07-12|day,ngp2,11:00,4,hydration,Limit Switch,1.0
ngp2|2026-07-12|day,ngp2,11:00,4,hydration,Cap,4.4
ngp2|2026-07-12|day,ngp2,11:00,4,hydration,Cover,1.4
ngp2|2026-07-12|day,ngp2,11:00,4,hydration,Gripper,9.7
ngp2|2026-07-12|day,ngp2,11:00,4,foil,Other,10.1
ngp2|2026-07-12|day,ngp2,11:00,4,foil,Edge Trim,3.8
ngp2|2026-07-12|day,ngp2,11:00,4,foil,Detection Fault,3.3
ngp2|2026-07-12|day,ngp2,11:00,4,foil,Sealing Lane,1.9
ngp2|2026-07-12|day,ngp2,12:00,5,hydration,Gripper,21.8
ngp2|2026-07-12|day,ngp2,12:00,5,hydration,Cap,16.0
ngp2|2026-07-12|day,ngp2,12:00,5,hydration,Catheter Reject,6.3
ngp2|2026-07-12|day,ngp2,12:00,5,foil,Detection Fault,1.7
ngp2|2026-07-12|day,ngp2,12:00,5,schubert,Line Stop / Wait,3.0
ngp2|2026-07-12|day,ngp2,13:00,6,hydration,Limit Switch,0.8
ngp2|2026-07-12|day,ngp2,13:00,6,foil,Detection Fault,7.4
ngp2|2026-07-12|day,ngp2,13:00,6,foil,Sealing Lane,2.6
ngp2|2026-07-12|day,ngp2,13:00,6,foil,Other,5.3
ngp2|2026-07-12|day,ngp2,13:00,6,foil,Edge Trim,2.3
ngp2|2026-07-12|day,ngp2,13:00,6,schubert,Line Stop / Wait,0.3
ngp2|2026-07-12|day,ngp2,13:00,6,manual,Manual,6.7
ngp2|2026-07-12|day,ngp2,13:00,6,unattributed,Other,1.7
ngp2|2026-07-12|day,ngp2,14:00,7,hydration,Limit Switch,1.3
ngp2|2026-07-12|day,ngp2,14:00,7,hydration,Other,1.5
ngp2|2026-07-12|day,ngp2,14:00,7,hydration,Gripper,1.5
ngp2|2026-07-12|day,ngp2,14:00,7,foil,Detection Fault,7.4
ngp2|2026-07-12|day,ngp2,14:00,7,foil,Edge Trim,4.3
ngp2|2026-07-12|day,ngp2,14:00,7,foil,Sealing Lane,1.7
ngp2|2026-07-12|day,ngp2,14:00,7,foil,Positioning,6.0
ngp2|2026-07-12|day,ngp2,14:00,7,foil,Other,11.4
ngp2|2026-07-12|day,ngp2,14:00,7,schubert,Line Stop / Wait,2.2
ngp2|2026-07-12|day,ngp2,14:00,7,unattributed,Other,1.4
ngp2|2026-07-12|day,ngp2,15:00,8,hydration,Limit Switch,1.1
ngp2|2026-07-12|day,ngp2,15:00,8,hydration,Cap,5.8
ngp2|2026-07-12|day,ngp2,15:00,8,hydration,Gripper,1.6
ngp2|2026-07-12|day,ngp2,15:00,8,hydration,Cover,3.2
ngp2|2026-07-12|day,ngp2,15:00,8,foil,Positioning,3.6
ngp2|2026-07-12|day,ngp2,15:00,8,foil,Sealing Lane,2.1
ngp2|2026-07-12|day,ngp2,15:00,8,foil,Detection Fault,14.7
ngp2|2026-07-12|day,ngp2,15:00,8,foil,Edge Trim,2.9
ngp2|2026-07-12|day,ngp2,15:00,8,schubert,Line Stop / Wait,1.6
ngp2|2026-07-12|day,ngp2,16:00,9,hydration,Limit Switch,5.2
ngp2|2026-07-12|day,ngp2,16:00,9,hydration,Other,1.9
ngp2|2026-07-12|day,ngp2,16:00,9,foil,Detection Fault,12.5
ngp2|2026-07-12|day,ngp2,16:00,9,foil,Labeler,1.5
ngp2|2026-07-12|day,ngp2,16:00,9,foil,Sealing Lane,1.3
ngp2|2026-07-12|day,ngp2,16:00,9,schubert,Line Stop / Wait,2.2
ngp2|2026-07-12|day,ngp2,16:00,9,unattributed,Other,1.3
ngp2|2026-07-12|day,ngp2,17:00,10,hydration,Other,2.1
ngp2|2026-07-12|day,ngp2,17:00,10,hydration,Limit Switch,2.1
ngp2|2026-07-12|day,ngp2,17:00,10,hydration,Gripper,11.8
ngp2|2026-07-12|day,ngp2,17:00,10,hydration,Cap,1.4
ngp2|2026-07-12|day,ngp2,17:00,10,foil,Labeler,5.6
ngp2|2026-07-12|day,ngp2,17:00,10,foil,Other,1.3
ngp2|2026-07-12|day,ngp2,17:00,10,foil,Detection Fault,6.7
ngp2|2026-07-12|day,ngp2,17:00,10,foil,Edge Trim,1.8
ngp2|2026-07-12|day,ngp2,17:00,10,foil,Printer,0.9
ngp2|2026-07-12|day,ngp2,18:00,11,hydration,Limit Switch,1.0
ngp2|2026-07-12|day,ngp2,18:00,11,hydration,Gripper,1.0
ngp2|2026-07-12|day,ngp2,18:00,11,foil,Detection Fault,13.3
ngp2|2026-07-12|day,ngp2,18:00,11,foil,Other,8.5
ngp2|2026-07-12|day,ngp2,18:00,11,foil,Printer,7.9
ngp2|2026-07-12|day,ngp2,18:00,11,schubert,Line Stop / Wait,1.8
ngp2|2026-07-12|day,ngp2,18:00,11,unattributed,Other,1.5
ngp2|2026-07-12|night,ngp2,19:00,0,hydration,Cap,4.4
ngp2|2026-07-12|night,ngp2,19:00,0,hydration,Gripper,1.0
ngp2|2026-07-12|night,ngp2,19:00,0,foil,Detection Fault,14.4
ngp2|2026-07-12|night,ngp2,19:00,0,foil,Printer,1.5
ngp2|2026-07-12|night,ngp2,19:00,0,foil,Labeler,5.6
ngp2|2026-07-12|night,ngp2,19:00,0,schubert,Line Stop / Wait,11.3
ngp2|2026-07-12|night,ngp2,20:00,1,hydration,Limit Switch,2.7
ngp2|2026-07-12|night,ngp2,20:00,1,hydration,Cover,2.1
ngp2|2026-07-12|night,ngp2,20:00,1,hydration,Cap,0.9
ngp2|2026-07-12|night,ngp2,20:00,1,foil,Other,12.8
ngp2|2026-07-12|night,ngp2,20:00,1,foil,Detection Fault,1.3
ngp2|2026-07-12|night,ngp2,20:00,1,foil,Printer,12.5
ngp2|2026-07-12|night,ngp2,20:00,1,foil,Edge Trim,1.5
ngp2|2026-07-12|night,ngp2,20:00,1,foil,Sealing Lane,5.2
ngp2|2026-07-12|night,ngp2,20:00,1,schubert,Line Stop / Wait,5.1
ngp2|2026-07-12|night,ngp2,21:00,2,hydration,Cap,1.2
ngp2|2026-07-12|night,ngp2,21:00,2,hydration,Gripper,1.7
ngp2|2026-07-12|night,ngp2,21:00,2,foil,Other,22.4
ngp2|2026-07-12|night,ngp2,21:00,2,foil,Sealing Lane,4.5
ngp2|2026-07-12|night,ngp2,21:00,2,foil,Printer,5.8
ngp2|2026-07-12|night,ngp2,21:00,2,schubert,Line Stop / Wait,4.4
ngp2|2026-07-12|night,ngp2,21:00,2,manual,Manual,3.0
ngp2|2026-07-12|night,ngp2,22:00,3,hydration,Limit Switch,0.7
ngp2|2026-07-12|night,ngp2,22:00,3,hydration,Cap,1.6
ngp2|2026-07-12|night,ngp2,22:00,3,foil,Edge Trim,15.8
ngp2|2026-07-12|night,ngp2,22:00,3,foil,Sealing Lane,7.1
ngp2|2026-07-12|night,ngp2,22:00,3,foil,Detection Fault,1.5
ngp2|2026-07-12|night,ngp2,22:00,3,schubert,Line Stop / Wait,3.0
ngp2|2026-07-12|night,ngp2,22:00,3,unattributed,Other,2.7
ngp2|2026-07-12|night,ngp2,23:00,4,hydration,Other,1.2
ngp2|2026-07-12|night,ngp2,23:00,4,hydration,Limit Switch,1.1
ngp2|2026-07-12|night,ngp2,23:00,4,hydration,Gripper,0.8
ngp2|2026-07-12|night,ngp2,23:00,4,foil,Detection Fault,5.7
ngp2|2026-07-12|night,ngp2,23:00,4,schubert,Line Stop / Wait,3.8
ngp2|2026-07-12|night,ngp2,23:00,4,unattributed,Other,5.0
ngp2|2026-07-12|night,ngp2,00:00,5,hydration,Limit Switch,2.1
ngp2|2026-07-12|night,ngp2,00:00,5,hydration,Cap,1.7
ngp2|2026-07-12|night,ngp2,00:00,5,foil,Detection Fault,1.9
ngp2|2026-07-12|night,ngp2,00:00,5,foil,Sealing Lane,6.1
ngp2|2026-07-12|night,ngp2,00:00,5,schubert,Line Stop / Wait,22.8
ngp2|2026-07-12|night,ngp2,01:00,6,hydration,Cap,6.4
ngp2|2026-07-12|night,ngp2,01:00,6,hydration,Other,2.0
ngp2|2026-07-12|night,ngp2,01:00,6,hydration,Timing,11.3
ngp2|2026-07-12|night,ngp2,01:00,6,foil,Edge Trim,1.4
ngp2|2026-07-12|night,ngp2,01:00,6,schubert,Line Stop / Wait,11.7
ngp2|2026-07-12|night,ngp2,02:00,7,hydration,Other,5.1
ngp2|2026-07-12|night,ngp2,02:00,7,hydration,Timing,8.0
ngp2|2026-07-12|night,ngp2,02:00,7,hydration,Limit Switch,2.3
ngp2|2026-07-12|night,ngp2,02:00,7,foil,Printer,2.7
ngp2|2026-07-12|night,ngp2,02:00,7,schubert,Line Stop / Wait,8.5
ngp2|2026-07-12|night,ngp2,03:00,8,hydration,Cap,1.3
ngp2|2026-07-12|night,ngp2,03:00,8,hydration,Other,1.8
ngp2|2026-07-12|night,ngp2,03:00,8,foil,Sealing Lane,7.0
ngp2|2026-07-12|night,ngp2,03:00,8,foil,Edge Trim,4.3
ngp2|2026-07-12|night,ngp2,03:00,8,foil,Printer,0.6
ngp2|2026-07-12|night,ngp2,03:00,8,foil,Positioning,0.7
ngp2|2026-07-12|night,ngp2,03:00,8,schubert,Line Stop / Wait,10.3
ngp2|2026-07-12|night,ngp2,03:00,8,unattributed,Other,7.8
ngp2|2026-07-12|night,ngp2,04:00,9,hydration,Limit Switch,5.6
ngp2|2026-07-12|night,ngp2,04:00,9,hydration,Cap,1.5
ngp2|2026-07-12|night,ngp2,04:00,9,hydration,Other,0.9
ngp2|2026-07-12|night,ngp2,04:00,9,hydration,Gripper,0.7
ngp2|2026-07-12|night,ngp2,04:00,9,foil,Edge Trim,1.7
ngp2|2026-07-12|night,ngp2,04:00,9,schubert,Line Stop / Wait,1.8
ngp2|2026-07-12|night,ngp2,04:00,9,unattributed,Other,3.3
ngp2|2026-07-12|night,ngp2,05:00,10,hydration,Limit Switch,1.8
ngp2|2026-07-12|night,ngp2,05:00,10,hydration,Cap,1.8
ngp2|2026-07-12|night,ngp2,05:00,10,foil,Sealing Lane,1.4
ngp2|2026-07-12|night,ngp2,05:00,10,schubert,Line Stop / Wait,7.5
ngp2|2026-07-12|night,ngp2,05:00,10,unattributed,Other,1.3
ngp2|2026-07-12|night,ngp2,06:00,11,hydration,Cap,2.5
ngp2|2026-07-12|night,ngp2,06:00,11,hydration,Limit Switch,0.8
ngp2|2026-07-12|night,ngp2,06:00,11,hydration,PMK / Media,25.6
ngp2|2026-07-12|night,ngp2,06:00,11,foil,Other,1.5
ngp2|2026-07-12|night,ngp2,06:00,11,foil,Labeler,5.5
ngp2|2026-07-12|night,ngp2,06:00,11,schubert,Line Stop / Wait,2.5
ngp2|2026-07-13|day,ngp2,07:00,0,hydration,PMK / Media,42.9
ngp2|2026-07-13|day,ngp2,07:00,0,foil,Detection Fault,0.8
ngp2|2026-07-13|day,ngp2,07:00,0,foil,Sealing Lane,8.1
ngp2|2026-07-13|day,ngp2,07:00,0,manual,Manual,5.8
ngp2|2026-07-13|day,ngp2,08:00,1,hydration,Limit Switch,10.2
ngp2|2026-07-13|day,ngp2,08:00,1,hydration,Cap,2.8
ngp2|2026-07-13|day,ngp2,08:00,1,hydration,Other,2.1
ngp2|2026-07-13|day,ngp2,08:00,1,foil,Sealing Lane,5.6
ngp2|2026-07-13|day,ngp2,08:00,1,foil,Other,8.4
ngp2|2026-07-13|day,ngp2,08:00,1,foil,Printer,3.4
ngp2|2026-07-13|day,ngp2,08:00,1,foil,Positioning,4.2
ngp2|2026-07-13|day,ngp2,08:00,1,manual,Manual,4.4
ngp2|2026-07-13|day,ngp2,08:00,1,unattributed,Other,2.1
ngp2|2026-07-13|day,ngp2,09:00,2,hydration,Cap,12.8
ngp2|2026-07-13|day,ngp2,09:00,2,hydration,Limit Switch,8.5
ngp2|2026-07-13|day,ngp2,09:00,2,hydration,Gripper,4.0
ngp2|2026-07-13|day,ngp2,09:00,2,foil,Edge Trim,5.9
ngp2|2026-07-13|day,ngp2,09:00,2,schubert,Line Stop / Wait,6.4
ngp2|2026-07-13|day,ngp2,09:00,2,unattributed,Other,4.5
ngp2|2026-07-13|day,ngp2,10:00,3,hydration,Cap,1.3
ngp2|2026-07-13|day,ngp2,10:00,3,hydration,Limit Switch,3.2
ngp2|2026-07-13|day,ngp2,10:00,3,hydration,Other,3.5
ngp2|2026-07-13|day,ngp2,10:00,3,foil,Edge Trim,1.9
ngp2|2026-07-13|day,ngp2,10:00,3,foil,Other,5.0
ngp2|2026-07-13|day,ngp2,10:00,3,foil,Printer,10.7
ngp2|2026-07-13|day,ngp2,10:00,3,foil,Sealing Lane,4.5
ngp2|2026-07-13|day,ngp2,10:00,3,schubert,Line Stop / Wait,8.3
ngp2|2026-07-13|day,ngp2,10:00,3,manual,Manual,1.3
ngp2|2026-07-13|day,ngp2,11:00,4,hydration,Foam,1.4
ngp2|2026-07-13|day,ngp2,11:00,4,hydration,Gripper,1.7
ngp2|2026-07-13|day,ngp2,11:00,4,hydration,Catheter Reject,1.4
ngp2|2026-07-13|day,ngp2,11:00,4,hydration,Other,2.5
ngp2|2026-07-13|day,ngp2,11:00,4,hydration,Timing,6.3
ngp2|2026-07-13|day,ngp2,11:00,4,foil,Sealing Lane,30.5
ngp2|2026-07-13|day,ngp2,11:00,4,foil,Printer,4.3
ngp2|2026-07-13|day,ngp2,11:00,4,foil,Detection Fault,0.9
ngp2|2026-07-13|day,ngp2,11:00,4,foil,Positioning,1.3
ngp2|2026-07-13|day,ngp2,12:00,5,hydration,Timing,7.3
ngp2|2026-07-13|day,ngp2,12:00,5,hydration,Limit Switch,8.3
ngp2|2026-07-13|day,ngp2,12:00,5,hydration,Catheter Reject,2.0
ngp2|2026-07-13|day,ngp2,12:00,5,foil,Edge Trim,2.3
ngp2|2026-07-13|day,ngp2,12:00,5,foil,Printer,5.2
ngp2|2026-07-13|day,ngp2,12:00,5,foil,Positioning,1.6
ngp2|2026-07-13|day,ngp2,12:00,5,foil,Sealing Lane,1.6
ngp2|2026-07-13|day,ngp2,12:00,5,unattributed,Other,2.3
ngp2|2026-07-13|day,ngp2,13:00,6,hydration,Catheter Reject,2.0
ngp2|2026-07-13|day,ngp2,13:00,6,hydration,Limit Switch,12.3
ngp2|2026-07-13|day,ngp2,13:00,6,hydration,Gripper,1.3
ngp2|2026-07-13|day,ngp2,13:00,6,foil,Printer,1.6
ngp2|2026-07-13|day,ngp2,13:00,6,foil,Sealing Lane,4.4
ngp2|2026-07-13|day,ngp2,13:00,6,foil,Edge Trim,2.0
ngp2|2026-07-13|day,ngp2,13:00,6,schubert,Line Stop / Wait,4.4
ngp2|2026-07-13|day,ngp2,14:00,7,hydration,Limit Switch,29.4
ngp2|2026-07-13|day,ngp2,14:00,7,hydration,Catheter Reject,1.3
ngp2|2026-07-13|day,ngp2,14:00,7,hydration,Other,2.8
ngp2|2026-07-13|day,ngp2,14:00,7,foil,Edge Trim,3.3
ngp2|2026-07-13|day,ngp2,15:00,8,hydration,Limit Switch,41.6
ngp2|2026-07-13|day,ngp2,15:00,8,hydration,Gripper,1.3
ngp2|2026-07-13|day,ngp2,15:00,8,foil,Sealing Lane,2.1
ngp2|2026-07-13|day,ngp2,15:00,8,schubert,Line Stop / Wait,1.1
ngp2|2026-07-13|day,ngp2,16:00,9,hydration,Limit Switch,27.5
ngp2|2026-07-13|day,ngp2,16:00,9,hydration,Gripper,14.5
ngp2|2026-07-13|day,ngp2,16:00,9,foil,Detection Fault,1.2
ngp2|2026-07-13|day,ngp2,17:00,10,hydration,Limit Switch,21.7
ngp2|2026-07-13|day,ngp2,17:00,10,hydration,Gripper,8.5
ngp2|2026-07-13|day,ngp2,17:00,10,hydration,Other,1.7
ngp2|2026-07-13|day,ngp2,17:00,10,hydration,Cap,2.5
ngp2|2026-07-13|day,ngp2,17:00,10,foil,Other,4.6
ngp2|2026-07-13|day,ngp2,17:00,10,schubert,Line Stop / Wait,1.3
ngp2|2026-07-13|day,ngp2,17:00,10,manual,Manual,5.2
ngp2|2026-07-13|day,ngp2,18:00,11,hydration,Other,6.2
ngp2|2026-07-13|day,ngp2,18:00,11,hydration,Catheter Reject,1.3
ngp2|2026-07-13|day,ngp2,18:00,11,hydration,Gripper,1.2
ngp2|2026-07-13|day,ngp2,18:00,11,hydration,Limit Switch,1.2
ngp2|2026-07-13|day,ngp2,18:00,11,foil,Positioning,1.5
ngp2|2026-07-13|day,ngp2,18:00,11,foil,Sealing Lane,1.4
ngp2|2026-07-13|day,ngp2,18:00,11,foil,Detection Fault,9.7
ngp2|2026-07-13|day,ngp2,18:00,11,schubert,Line Stop / Wait,3.4
ngp2|2026-07-13|day,ngp2,18:00,11,unattributed,Other,4.0
ngp2|2026-07-13|night,ngp2,19:00,0,hydration,Catheter Reject,8.8
ngp2|2026-07-13|night,ngp2,19:00,0,hydration,Limit Switch,6.8
ngp2|2026-07-13|night,ngp2,19:00,0,hydration,Timing,5.4
ngp2|2026-07-13|night,ngp2,19:00,0,foil,Printer,5.1
ngp2|2026-07-13|night,ngp2,19:00,0,foil,Other,6.3
ngp2|2026-07-13|night,ngp2,19:00,0,foil,Labeler,4.2
ngp2|2026-07-13|night,ngp2,19:00,0,schubert,Line Stop / Wait,4.7
ngp2|2026-07-13|night,ngp2,20:00,1,hydration,Limit Switch,2.3
ngp2|2026-07-13|night,ngp2,20:00,1,hydration,Catheter Reject,1.0
ngp2|2026-07-13|night,ngp2,20:00,1,foil,Detection Fault,1.9
ngp2|2026-07-13|night,ngp2,20:00,1,schubert,Line Stop / Wait,3.1
ngp2|2026-07-13|night,ngp2,20:00,1,unattributed,Other,1.8
ngp2|2026-07-13|night,ngp2,21:00,2,hydration,Limit Switch,1.3
ngp2|2026-07-13|night,ngp2,21:00,2,hydration,PMK / Media,17.4
ngp2|2026-07-13|night,ngp2,21:00,2,schubert,Line Stop / Wait,3.0
ngp2|2026-07-13|night,ngp2,21:00,2,manual,Manual,10.8
ngp2|2026-07-13|night,ngp2,21:00,2,unattributed,Other,0.6
ngp2|2026-07-13|night,ngp2,22:00,3,hydration,Gripper,1.0
ngp2|2026-07-13|night,ngp2,22:00,3,hydration,Other,3.0
ngp2|2026-07-13|night,ngp2,22:00,3,foil,Detection Fault,0.8
ngp2|2026-07-13|night,ngp2,22:00,3,foil,Sealing Lane,4.4
ngp2|2026-07-13|night,ngp2,22:00,3,foil,Positioning,0.8
ngp2|2026-07-13|night,ngp2,22:00,3,schubert,Line Stop / Wait,1.4
ngp2|2026-07-13|night,ngp2,22:00,3,manual,Manual,5.2
ngp2|2026-07-13|night,ngp2,22:00,3,unattributed,Other,1.2
ngp2|2026-07-13|night,ngp2,23:00,4,hydration,Cap,7.2
ngp2|2026-07-13|night,ngp2,23:00,4,hydration,Limit Switch,8.2
ngp2|2026-07-13|night,ngp2,23:00,4,foil,Labeler,7.7
ngp2|2026-07-13|night,ngp2,00:00,5,hydration,Limit Switch,11.3
ngp2|2026-07-13|night,ngp2,00:00,5,hydration,Gripper,2.9
ngp2|2026-07-13|night,ngp2,00:00,5,foil,Printer,3.8
ngp2|2026-07-13|night,ngp2,00:00,5,foil,Other,2.9
ngp2|2026-07-13|night,ngp2,00:00,5,foil,Sealing Lane,2.2
ngp2|2026-07-13|night,ngp2,01:00,6,hydration,Gripper,1.3
ngp2|2026-07-13|night,ngp2,01:00,6,foil,Sealing Lane,3.1
ngp2|2026-07-13|night,ngp2,01:00,6,foil,Printer,18.4
ngp2|2026-07-13|night,ngp2,01:00,6,foil,Other,1.4
ngp2|2026-07-13|night,ngp2,01:00,6,schubert,Line Stop / Wait,1.9
ngp2|2026-07-13|night,ngp2,02:00,7,hydration,Gripper,2.8
ngp2|2026-07-13|night,ngp2,02:00,7,hydration,Catheter Reject,1.3
ngp2|2026-07-13|night,ngp2,02:00,7,foil,Sealing Lane,5.5
ngp2|2026-07-13|night,ngp2,02:00,7,schubert,Line Stop / Wait,4.9
ngp2|2026-07-13|night,ngp2,03:00,8,hydration,Other,1.4
ngp2|2026-07-13|night,ngp2,03:00,8,hydration,Catheter Reject,1.0
ngp2|2026-07-13|night,ngp2,03:00,8,hydration,Cap,1.2
ngp2|2026-07-13|night,ngp2,03:00,8,foil,Other,2.4
ngp2|2026-07-13|night,ngp2,03:00,8,foil,Sealing Lane,1.0
ngp2|2026-07-13|night,ngp2,03:00,8,schubert,Line Stop / Wait,7.7
ngp2|2026-07-13|night,ngp2,04:00,9,hydration,Cap,0.0
ngp2|2026-07-13|night,ngp2,04:00,9,hydration,Gripper,0.5
ngp2|2026-07-13|night,ngp2,04:00,9,foil,Printer,1.3
ngp2|2026-07-13|night,ngp2,04:00,9,schubert,Line Stop / Wait,1.9
ngp2|2026-07-13|night,ngp2,04:00,9,unattributed,Other,1.9
ngp2|2026-07-13|night,ngp2,05:00,10,hydration,Gripper,1.4
ngp2|2026-07-13|night,ngp2,05:00,10,schubert,Line Stop / Wait,29.8
ngp2|2026-07-13|night,ngp2,05:00,10,unattributed,Other,13.3
ngp2|2026-07-13|night,ngp2,06:00,11,hydration,Other,0.7
ngp2|2026-07-13|night,ngp2,06:00,11,hydration,Gripper,1.2
ngp2|2026-07-13|night,ngp2,06:00,11,hydration,PMK / Media,10.5
ngp2|2026-07-13|night,ngp2,06:00,11,foil,Other,1.1
ngp2|2026-07-13|night,ngp2,06:00,11,foil,Positioning,1.4
ngp2|2026-07-13|night,ngp2,06:00,11,schubert,Line Stop / Wait,1.1
ngp2|2026-07-13|night,ngp2,06:00,11,unattributed,Other,1.0
ngp2|2026-07-14|day,ngp2,07:00,0,hydration,PMK / Media,8.5
ngp2|2026-07-14|day,ngp2,07:00,0,hydration,Gripper,4.7
ngp2|2026-07-14|day,ngp2,07:00,0,hydration,Limit Switch,2.6
ngp2|2026-07-14|day,ngp2,07:00,0,hydration,Other,1.1
ngp2|2026-07-14|day,ngp2,07:00,0,foil,Other,3.4
ngp2|2026-07-14|day,ngp2,07:00,0,foil,Detection Fault,5.2
ngp2|2026-07-14|day,ngp2,07:00,0,schubert,Line Stop / Wait,1.1
ngp2|2026-07-14|day,ngp2,07:00,0,unattributed,Other,8.2
ngp2|2026-07-14|day,ngp2,08:00,1,hydration,Limit Switch,0.9
ngp2|2026-07-14|day,ngp2,08:00,1,hydration,Gripper,6.9
ngp2|2026-07-14|day,ngp2,08:00,1,foil,Detection Fault,2.6
ngp2|2026-07-14|day,ngp2,08:00,1,schubert,Line Stop / Wait,11.2
ngp2|2026-07-14|day,ngp2,08:00,1,unattributed,Other,1.7
ngp2|2026-07-14|day,ngp2,09:00,2,hydration,Catheter Reject,1.1
ngp2|2026-07-14|day,ngp2,09:00,2,hydration,Other,0.9
ngp2|2026-07-14|day,ngp2,09:00,2,hydration,Timing,5.1
ngp2|2026-07-14|day,ngp2,09:00,2,foil,Edge Trim,10.4
ngp2|2026-07-14|day,ngp2,09:00,2,foil,Sealing Lane,1.2
ngp2|2026-07-14|day,ngp2,09:00,2,schubert,Line Stop / Wait,8.7
ngp2|2026-07-14|day,ngp2,10:00,3,hydration,Cap,1.8
ngp2|2026-07-14|day,ngp2,10:00,3,hydration,Other,0.8
ngp2|2026-07-14|day,ngp2,10:00,3,foil,Sealing Lane,2.4
ngp2|2026-07-14|day,ngp2,10:00,3,foil,Labeler,21.4
ngp2|2026-07-14|day,ngp2,10:00,3,schubert,Line Stop / Wait,11.9
ngp2|2026-07-14|day,ngp2,11:00,4,hydration,Other,4.7
ngp2|2026-07-14|day,ngp2,11:00,4,hydration,Gripper,23.8
ngp2|2026-07-14|day,ngp2,11:00,4,hydration,Catheter Reject,1.0
ngp2|2026-07-14|day,ngp2,11:00,4,foil,Labeler,10.7
ngp2|2026-07-14|day,ngp2,11:00,4,foil,Sealing Lane,1.2
ngp2|2026-07-14|day,ngp2,11:00,4,foil,Other,2.5
ngp2|2026-07-14|day,ngp2,12:00,5,hydration,Gripper,7.7
ngp2|2026-07-14|day,ngp2,12:00,5,foil,Printer,4.0
ngp2|2026-07-14|day,ngp2,12:00,5,foil,Sealing Lane,40.0
ngp2|2026-07-14|day,ngp2,13:00,6,hydration,Gripper,5.0
ngp2|2026-07-14|day,ngp2,13:00,6,foil,Sealing Lane,0.9
ngp2|2026-07-14|day,ngp2,13:00,6,foil,Other,3.1
ngp2|2026-07-14|day,ngp2,13:00,6,foil,Labeler,9.0
ngp2|2026-07-14|day,ngp2,13:00,6,schubert,Line Stop / Wait,15.4
ngp2|2026-07-14|day,ngp2,14:00,7,hydration,Catheter Reject,1.4
ngp2|2026-07-14|day,ngp2,14:00,7,foil,Labeler,10.5
ngp2|2026-07-14|day,ngp2,14:00,7,foil,Printer,3.3
ngp2|2026-07-14|day,ngp2,14:00,7,foil,Other,3.3
ngp2|2026-07-14|day,ngp2,14:00,7,foil,Positioning,3.3
ngp2|2026-07-14|day,ngp2,14:00,7,schubert,Line Stop / Wait,6.3
ngp2|2026-07-14|day,ngp2,15:00,8,hydration,Other,0.8
ngp2|2026-07-14|day,ngp2,15:00,8,hydration,Gripper,10.2
ngp2|2026-07-14|day,ngp2,15:00,8,hydration,Catheter Reject,1.2
ngp2|2026-07-14|day,ngp2,15:00,8,foil,Positioning,7.1
ngp2|2026-07-14|day,ngp2,15:00,8,foil,Other,5.2
ngp2|2026-07-14|day,ngp2,15:00,8,foil,Detection Fault,1.0
ngp2|2026-07-14|day,ngp2,15:00,8,schubert,Line Stop / Wait,5.9
ngp2|2026-07-14|day,ngp2,15:00,8,unattributed,Other,6.7
ngp2|2026-07-14|day,ngp2,16:00,9,hydration,PMK / Media,31.4
ngp2|2026-07-14|day,ngp2,16:00,9,foil,Other,4.7
ngp2|2026-07-14|day,ngp2,17:00,10,hydration,Gripper,7.1
ngp2|2026-07-14|day,ngp2,17:00,10,manual,Manual,29.0
ngp2|2026-07-14|day,ngp2,18:00,11,hydration,Other,3.8
ngp2|2026-07-14|day,ngp2,18:00,11,hydration,Gripper,9.3
ngp2|2026-07-14|day,ngp2,18:00,11,foil,Detection Fault,11.3
ngp2|2026-07-14|day,ngp2,18:00,11,foil,Other,5.6
ngp2|2026-07-14|day,ngp2,18:00,11,foil,Printer,0.9
ngp2|2026-07-14|day,ngp2,18:00,11,foil,Sealing Lane,1.0
ngp2|2026-07-14|day,ngp2,18:00,11,schubert,Line Stop / Wait,8.2
ngp2|2026-07-14|day,ngp2,18:00,11,manual,Manual,1.7
ngp2|2026-07-14|night,ngp2,19:00,0,hydration,Gripper,7.9
ngp2|2026-07-14|night,ngp2,19:00,0,hydration,Catheter Reject,0.9
ngp2|2026-07-14|night,ngp2,19:00,0,foil,Detection Fault,12.3
ngp2|2026-07-14|night,ngp2,19:00,0,foil,Printer,1.5
ngp2|2026-07-14|night,ngp2,19:00,0,schubert,Line Stop / Wait,8.1
ngp2|2026-07-14|night,ngp2,19:00,0,unattributed,Other,0.7
ngp2|2026-07-14|night,ngp2,20:00,1,hydration,Gripper,0.7
ngp2|2026-07-14|night,ngp2,20:00,1,foil,Detection Fault,13.8
ngp2|2026-07-14|night,ngp2,20:00,1,foil,Printer,1.0
ngp2|2026-07-14|night,ngp2,20:00,1,schubert,Line Stop / Wait,12.0
ngp2|2026-07-14|night,ngp2,21:00,2,hydration,Other,8.8
ngp2|2026-07-14|night,ngp2,21:00,2,foil,Detection Fault,14.7
ngp2|2026-07-14|night,ngp2,21:00,2,foil,Printer,1.4
ngp2|2026-07-14|night,ngp2,21:00,2,schubert,Line Stop / Wait,5.2
ngp2|2026-07-14|night,ngp2,21:00,2,unattributed,Other,4.7
ngp2|2026-07-14|night,ngp2,22:00,3,hydration,Other,7.9
ngp2|2026-07-14|night,ngp2,22:00,3,foil,Detection Fault,16.9
ngp2|2026-07-14|night,ngp2,22:00,3,foil,Positioning,3.2
ngp2|2026-07-14|night,ngp2,22:00,3,schubert,Line Stop / Wait,5.7
ngp2|2026-07-14|night,ngp2,22:00,3,unattributed,Other,1.4
ngp2|2026-07-14|night,ngp2,23:00,4,hydration,Other,1.8
ngp2|2026-07-14|night,ngp2,23:00,4,hydration,Limit Switch,0.2
ngp2|2026-07-14|night,ngp2,23:00,4,foil,Detection Fault,22.8
ngp2|2026-07-14|night,ngp2,23:00,4,foil,Sealing Lane,4.4
ngp2|2026-07-14|night,ngp2,23:00,4,schubert,Line Stop / Wait,1.4
ngp2|2026-07-14|night,ngp2,00:00,5,hydration,Limit Switch,0.9
ngp2|2026-07-14|night,ngp2,00:00,5,hydration,Other,2.6
ngp2|2026-07-14|night,ngp2,00:00,5,hydration,Timing,6.4
ngp2|2026-07-14|night,ngp2,00:00,5,hydration,Gripper,0.9
ngp2|2026-07-14|night,ngp2,00:00,5,foil,Sealing Lane,1.2
ngp2|2026-07-14|night,ngp2,00:00,5,foil,Detection Fault,3.3
ngp2|2026-07-14|night,ngp2,00:00,5,foil,Printer,2.7
ngp2|2026-07-14|night,ngp2,00:00,5,foil,Other,2.6
ngp2|2026-07-14|night,ngp2,00:00,5,unattributed,Other,1.5
ngp2|2026-07-14|night,ngp2,01:00,6,hydration,Other,0.7
ngp2|2026-07-14|night,ngp2,01:00,6,foil,Sealing Lane,2.3
ngp2|2026-07-14|night,ngp2,01:00,6,foil,Positioning,0.6
ngp2|2026-07-14|night,ngp2,01:00,6,schubert,Line Stop / Wait,5.7
ngp2|2026-07-14|night,ngp2,01:00,6,unattributed,Other,1.8
ngp2|2026-07-14|night,ngp2,02:00,7,foil,Other,2.5
ngp2|2026-07-14|night,ngp2,02:00,7,foil,Positioning,2.1
ngp2|2026-07-14|night,ngp2,02:00,7,foil,Labeler,4.9
ngp2|2026-07-14|night,ngp2,02:00,7,foil,Printer,1.9
ngp2|2026-07-14|night,ngp2,02:00,7,foil,Sealing Lane,0.9
ngp2|2026-07-14|night,ngp2,02:00,7,schubert,Line Stop / Wait,2.0
ngp2|2026-07-14|night,ngp2,03:00,8,hydration,Gripper,3.8
ngp2|2026-07-14|night,ngp2,03:00,8,hydration,Other,0.6
ngp2|2026-07-14|night,ngp2,03:00,8,hydration,Limit Switch,1.1
ngp2|2026-07-14|night,ngp2,03:00,8,foil,Detection Fault,2.0
ngp2|2026-07-14|night,ngp2,03:00,8,schubert,Line Stop / Wait,2.7
ngp2|2026-07-14|night,ngp2,03:00,8,unattributed,Other,2.4
ngp2|2026-07-14|night,ngp2,04:00,9,hydration,Other,1.3
ngp2|2026-07-14|night,ngp2,04:00,9,hydration,Timing,5.7
ngp2|2026-07-14|night,ngp2,04:00,9,foil,Other,4.4
ngp2|2026-07-14|night,ngp2,04:00,9,foil,Positioning,1.1
ngp2|2026-07-14|night,ngp2,04:00,9,schubert,Line Stop / Wait,0.3
ngp2|2026-07-14|night,ngp2,04:00,9,unattributed,Other,1.4
ngp2|2026-07-14|night,ngp2,05:00,10,hydration,Other,0.6
ngp2|2026-07-14|night,ngp2,05:00,10,foil,Printer,2.6
ngp2|2026-07-14|night,ngp2,05:00,10,foil,Other,5.6
ngp2|2026-07-14|night,ngp2,05:00,10,foil,Positioning,3.2
ngp2|2026-07-14|night,ngp2,05:00,10,schubert,Line Stop / Wait,1.7
ngp2|2026-07-14|night,ngp2,06:00,11,hydration,Other,3.9
ngp2|2026-07-14|night,ngp2,06:00,11,hydration,Gripper,1.7
ngp2|2026-07-14|night,ngp2,06:00,11,hydration,PMK / Media,11.6
ngp2|2026-07-14|night,ngp2,06:00,11,foil,Sealing Lane,1.3
ngp2|2026-07-14|night,ngp2,06:00,11,schubert,Line Stop / Wait,3.6
