ShiftKey,LineId,HourLabel,Segment,SegmentLabel,Minutes,SegmentColor
hu3|2026-06-13|day,hu3,07:00,running,Running,7.9,#c7c0e8
hu3|2026-06-13|day,hu3,07:00,sealing,Sealing,13.8,#F59E0B
hu3|2026-06-13|day,hu3,07:00,handling,Handling,0.8,#8B5CF6
hu3|2026-06-13|day,hu3,07:00,pneumatic,Pneumatic,35.2,#10B981
hu3|2026-06-13|day,hu3,07:00,unattributed,Other,2.3,#b2bec3
hu3|2026-06-13|day,hu3,08:00,running,Running,31.0,#c7c0e8
hu3|2026-06-13|day,hu3,08:00,web,Web / Reel,10.7,#3B82F6
hu3|2026-06-13|day,hu3,08:00,handling,Handling,1.7,#8B5CF6
hu3|2026-06-13|day,hu3,08:00,pneumatic,Pneumatic,6.1,#10B981
hu3|2026-06-13|day,hu3,08:00,unattributed,Other,10.5,#b2bec3
hu3|2026-06-13|day,hu3,09:00,running,Running,39.7,#c7c0e8
hu3|2026-06-13|day,hu3,09:00,handling,Handling,7.6,#8B5CF6
hu3|2026-06-13|day,hu3,09:00,pneumatic,Pneumatic,6.4,#10B981
hu3|2026-06-13|day,hu3,09:00,unattributed,Other,6.3,#b2bec3
hu3|2026-06-13|day,hu3,10:00,running,Running,40.4,#c7c0e8
hu3|2026-06-13|day,hu3,10:00,web,Web / Reel,11.5,#3B82F6
hu3|2026-06-13|day,hu3,10:00,handling,Handling,1.5,#8B5CF6
hu3|2026-06-13|day,hu3,10:00,unattributed,Other,6.7,#b2bec3
hu3|2026-06-13|day,hu3,11:00,running,Running,10.0,#c7c0e8
hu3|2026-06-13|day,hu3,11:00,web,Web / Reel,1.7,#3B82F6
hu3|2026-06-13|day,hu3,11:00,handling,Handling,1.3,#8B5CF6
hu3|2026-06-13|day,hu3,11:00,unattributed,Other,47.1,#b2bec3
hu3|2026-06-13|day,hu3,12:00,running,Running,14.4,#c7c0e8
hu3|2026-06-13|day,hu3,12:00,sealing,Sealing,4.1,#F59E0B
hu3|2026-06-13|day,hu3,12:00,manual,Manual,12.1,#636e72
hu3|2026-06-13|day,hu3,12:00,unattributed,Other,29.4,#b2bec3
hu3|2026-06-13|day,hu3,13:00,running,Running,44.9,#c7c0e8
hu3|2026-06-13|day,hu3,13:00,web,Web / Reel,9.8,#3B82F6
hu3|2026-06-13|day,hu3,13:00,handling,Handling,1.5,#8B5CF6
hu3|2026-06-13|day,hu3,13:00,pneumatic,Pneumatic,0.8,#10B981
hu3|2026-06-13|day,hu3,13:00,manual,Manual,0.7,#636e72
hu3|2026-06-13|day,hu3,13:00,unattributed,Other,2.3,#b2bec3
hu3|2026-06-13|day,hu3,14:00,running,Running,20.8,#c7c0e8
hu3|2026-06-13|day,hu3,14:00,web,Web / Reel,23.8,#3B82F6
hu3|2026-06-13|day,hu3,14:00,handling,Handling,1.6,#8B5CF6
hu3|2026-06-13|day,hu3,14:00,unattributed,Other,13.9,#b2bec3
hu3|2026-06-13|day,hu3,15:00,running,Running,60.0,#c7c0e8
hu3|2026-06-13|day,hu3,16:00,running,Running,28.0,#c7c0e8
hu3|2026-06-13|day,hu3,16:00,web,Web / Reel,11.9,#3B82F6
hu3|2026-06-13|day,hu3,16:00,sealing,Sealing,3.7,#F59E0B
hu3|2026-06-13|day,hu3,16:00,handling,Handling,2.5,#8B5CF6
hu3|2026-06-13|day,hu3,16:00,pneumatic,Pneumatic,12.5,#10B981
hu3|2026-06-13|day,hu3,16:00,unattributed,Other,1.4,#b2bec3
hu3|2026-06-13|day,hu3,17:00,running,Running,10.2,#c7c0e8
hu3|2026-06-13|day,hu3,17:00,pneumatic,Pneumatic,49.8,#10B981
hu3|2026-06-13|day,hu3,18:00,running,Running,10.2,#c7c0e8
hu3|2026-06-13|day,hu3,18:00,handling,Handling,2.2,#8B5CF6
hu3|2026-06-13|day,hu3,18:00,pneumatic,Pneumatic,28.7,#10B981
hu3|2026-06-13|day,hu3,18:00,unattributed,Other,18.9,#b2bec3
hu3|2026-06-13|night,hu3,19:00,running,Running,38.4,#c7c0e8
hu3|2026-06-13|night,hu3,19:00,handling,Handling,0.8,#8B5CF6
hu3|2026-06-13|night,hu3,19:00,manual,Manual,8.4,#636e72
hu3|2026-06-13|night,hu3,19:00,unattributed,Other,12.4,#b2bec3
hu3|2026-06-13|night,hu3,20:00,running,Running,44.8,#c7c0e8
hu3|2026-06-13|night,hu3,20:00,web,Web / Reel,12.7,#3B82F6
hu3|2026-06-13|night,hu3,20:00,unattributed,Other,2.5,#b2bec3
hu3|2026-06-13|night,hu3,21:00,running,Running,27.2,#c7c0e8
hu3|2026-06-13|night,hu3,21:00,web,Web / Reel,4.4,#3B82F6
hu3|2026-06-13|night,hu3,21:00,sealing,Sealing,4.5,#F59E0B
hu3|2026-06-13|night,hu3,21:00,manual,Manual,22.6,#636e72
hu3|2026-06-13|night,hu3,21:00,unattributed,Other,1.2,#b2bec3
hu3|2026-06-13|night,hu3,22:00,running,Running,30.6,#c7c0e8
hu3|2026-06-13|night,hu3,22:00,web,Web / Reel,1.1,#3B82F6
hu3|2026-06-13|night,hu3,22:00,handling,Handling,1.5,#8B5CF6
hu3|2026-06-13|night,hu3,22:00,pneumatic,Pneumatic,1.0,#10B981
hu3|2026-06-13|night,hu3,22:00,manual,Manual,10.2,#636e72
hu3|2026-06-13|night,hu3,22:00,unattributed,Other,15.6,#b2bec3
hu3|2026-06-13|night,hu3,23:00,running,Running,0.0,#c7c0e8
hu3|2026-06-13|night,hu3,23:00,unattributed,Other,60.0,#b2bec3
hu3|2026-06-13|night,hu3,00:00,running,Running,42.8,#c7c0e8
hu3|2026-06-13|night,hu3,00:00,handling,Handling,2.4,#8B5CF6
hu3|2026-06-13|night,hu3,00:00,unattributed,Other,14.8,#b2bec3
hu3|2026-06-13|night,hu3,01:00,running,Running,27.1,#c7c0e8
hu3|2026-06-13|night,hu3,01:00,handling,Handling,3.9,#8B5CF6
hu3|2026-06-13|night,hu3,01:00,unattributed,Other,29.0,#b2bec3
hu3|2026-06-13|night,hu3,02:00,running,Running,24.7,#c7c0e8
hu3|2026-06-13|night,hu3,02:00,web,Web / Reel,29.1,#3B82F6
hu3|2026-06-13|night,hu3,02:00,sealing,Sealing,0.4,#F59E0B
hu3|2026-06-13|night,hu3,02:00,unattributed,Other,5.9,#b2bec3
hu3|2026-06-13|night,hu3,03:00,running,Running,37.0,#c7c0e8
hu3|2026-06-13|night,hu3,03:00,web,Web / Reel,1.7,#3B82F6
hu3|2026-06-13|night,hu3,03:00,sealing,Sealing,9.4,#F59E0B
hu3|2026-06-13|night,hu3,03:00,unattributed,Other,11.9,#b2bec3
hu3|2026-06-13|night,hu3,04:00,running,Running,14.1,#c7c0e8
hu3|2026-06-13|night,hu3,04:00,web,Web / Reel,1.1,#3B82F6
hu3|2026-06-13|night,hu3,04:00,pneumatic,Pneumatic,13.2,#10B981
hu3|2026-06-13|night,hu3,04:00,manual,Manual,13.2,#636e72
hu3|2026-06-13|night,hu3,04:00,unattributed,Other,18.4,#b2bec3
hu3|2026-06-13|night,hu3,05:00,running,Running,27.6,#c7c0e8
hu3|2026-06-13|night,hu3,05:00,web,Web / Reel,26.2,#3B82F6
hu3|2026-06-13|night,hu3,05:00,handling,Handling,1.7,#8B5CF6
hu3|2026-06-13|night,hu3,05:00,manual,Manual,4.0,#636e72
hu3|2026-06-13|night,hu3,05:00,unattributed,Other,0.5,#b2bec3
hu3|2026-06-13|night,hu3,06:00,running,Running,14.4,#c7c0e8
hu3|2026-06-13|night,hu3,06:00,web,Web / Reel,0.1,#3B82F6
hu3|2026-06-13|night,hu3,06:00,sealing,Sealing,3.6,#F59E0B
hu3|2026-06-13|night,hu3,06:00,handling,Handling,1.8,#8B5CF6
hu3|2026-06-13|night,hu3,06:00,manual,Manual,29.5,#636e72
hu3|2026-06-13|night,hu3,06:00,unattributed,Other,10.6,#b2bec3
hu3|2026-06-14|day,hu3,07:00,running,Running,28.4,#c7c0e8
hu3|2026-06-14|day,hu3,07:00,handling,Handling,1.3,#8B5CF6
hu3|2026-06-14|day,hu3,07:00,manual,Manual,29.6,#636e72
hu3|2026-06-14|day,hu3,07:00,unattributed,Other,0.7,#b2bec3
hu3|2026-06-14|day,hu3,08:00,running,Running,39.0,#c7c0e8
hu3|2026-06-14|day,hu3,08:00,web,Web / Reel,4.0,#3B82F6
hu3|2026-06-14|day,hu3,08:00,handling,Handling,4.7,#8B5CF6
hu3|2026-06-14|day,hu3,08:00,manual,Manual,7.4,#636e72
hu3|2026-06-14|day,hu3,08:00,unattributed,Other,4.8,#b2bec3
hu3|2026-06-14|day,hu3,09:00,running,Running,43.5,#c7c0e8
hu3|2026-06-14|day,hu3,09:00,web,Web / Reel,2.6,#3B82F6
hu3|2026-06-14|day,hu3,09:00,handling,Handling,4.2,#8B5CF6
hu3|2026-06-14|day,hu3,09:00,unattributed,Other,9.8,#b2bec3
hu3|2026-06-14|day,hu3,10:00,running,Running,48.9,#c7c0e8
hu3|2026-06-14|day,hu3,10:00,handling,Handling,9.3,#8B5CF6
hu3|2026-06-14|day,hu3,10:00,unattributed,Other,1.8,#b2bec3
hu3|2026-06-14|day,hu3,11:00,running,Running,37.1,#c7c0e8
hu3|2026-06-14|day,hu3,11:00,web,Web / Reel,11.1,#3B82F6
hu3|2026-06-14|day,hu3,11:00,handling,Handling,3.0,#8B5CF6
hu3|2026-06-14|day,hu3,11:00,unattributed,Other,8.8,#b2bec3
hu3|2026-06-14|day,hu3,12:00,running,Running,47.2,#c7c0e8
hu3|2026-06-14|day,hu3,12:00,web,Web / Reel,11.5,#3B82F6
hu3|2026-06-14|day,hu3,12:00,pneumatic,Pneumatic,1.3,#10B981
hu3|2026-06-14|day,hu3,13:00,running,Running,48.9,#c7c0e8
hu3|2026-06-14|day,hu3,13:00,pneumatic,Pneumatic,0.8,#10B981
hu3|2026-06-14|day,hu3,13:00,unattributed,Other,10.4,#b2bec3
hu3|2026-06-14|day,hu3,14:00,running,Running,13.1,#c7c0e8
hu3|2026-06-14|day,hu3,14:00,web,Web / Reel,6.1,#3B82F6
hu3|2026-06-14|day,hu3,14:00,pneumatic,Pneumatic,35.3,#10B981
hu3|2026-06-14|day,hu3,14:00,unattributed,Other,5.5,#b2bec3
hu3|2026-06-14|day,hu3,15:00,running,Running,0.0,#c7c0e8
hu3|2026-06-14|day,hu3,15:00,pneumatic,Pneumatic,60.0,#10B981
hu3|2026-06-14|day,hu3,16:00,running,Running,24.7,#c7c0e8
hu3|2026-06-14|day,hu3,16:00,web,Web / Reel,10.2,#3B82F6
hu3|2026-06-14|day,hu3,16:00,sealing,Sealing,1.4,#F59E0B
hu3|2026-06-14|day,hu3,16:00,handling,Handling,4.0,#8B5CF6
hu3|2026-06-14|day,hu3,16:00,pneumatic,Pneumatic,19.6,#10B981
hu3|2026-06-14|day,hu3,17:00,running,Running,50.5,#c7c0e8
hu3|2026-06-14|day,hu3,17:00,web,Web / Reel,8.7,#3B82F6
hu3|2026-06-14|day,hu3,17:00,pneumatic,Pneumatic,0.8,#10B981
hu3|2026-06-14|day,hu3,18:00,running,Running,30.7,#c7c0e8
hu3|2026-06-14|day,hu3,18:00,web,Web / Reel,1.0,#3B82F6
hu3|2026-06-14|day,hu3,18:00,handling,Handling,3.1,#8B5CF6
hu3|2026-06-14|day,hu3,18:00,manual,Manual,25.1,#636e72
hu3|2026-06-14|night,hu3,19:00,running,Running,36.1,#c7c0e8
hu3|2026-06-14|night,hu3,19:00,web,Web / Reel,9.0,#3B82F6
hu3|2026-06-14|night,hu3,19:00,handling,Handling,0.8,#8B5CF6
hu3|2026-06-14|night,hu3,19:00,manual,Manual,7.1,#636e72
hu3|2026-06-14|night,hu3,19:00,unattributed,Other,7.0,#b2bec3
hu3|2026-06-14|night,hu3,20:00,running,Running,42.6,#c7c0e8
hu3|2026-06-14|night,hu3,20:00,web,Web / Reel,13.8,#3B82F6
hu3|2026-06-14|night,hu3,20:00,handling,Handling,3.6,#8B5CF6
hu3|2026-06-14|night,hu3,21:00,running,Running,34.1,#c7c0e8
hu3|2026-06-14|night,hu3,21:00,handling,Handling,2.3,#8B5CF6
hu3|2026-06-14|night,hu3,21:00,unattributed,Other,23.6,#b2bec3
hu3|2026-06-14|night,hu3,22:00,running,Running,36.4,#c7c0e8
hu3|2026-06-14|night,hu3,22:00,web,Web / Reel,13.9,#3B82F6
hu3|2026-06-14|night,hu3,22:00,handling,Handling,2.1,#8B5CF6
hu3|2026-06-14|night,hu3,22:00,pneumatic,Pneumatic,7.2,#10B981
hu3|2026-06-14|night,hu3,22:00,manual,Manual,0.4,#636e72
hu3|2026-06-14|night,hu3,23:00,running,Running,43.8,#c7c0e8
hu3|2026-06-14|night,hu3,23:00,web,Web / Reel,9.0,#3B82F6
hu3|2026-06-14|night,hu3,23:00,manual,Manual,2.2,#636e72
hu3|2026-06-14|night,hu3,23:00,unattributed,Other,4.9,#b2bec3
hu3|2026-06-14|night,hu3,00:00,running,Running,26.7,#c7c0e8
hu3|2026-06-14|night,hu3,00:00,handling,Handling,1.2,#8B5CF6
hu3|2026-06-14|night,hu3,00:00,pneumatic,Pneumatic,30.7,#10B981
hu3|2026-06-14|night,hu3,00:00,manual,Manual,1.3,#636e72
hu3|2026-06-14|night,hu3,01:00,running,Running,31.4,#c7c0e8
hu3|2026-06-14|night,hu3,01:00,web,Web / Reel,1.6,#3B82F6
hu3|2026-06-14|night,hu3,01:00,handling,Handling,5.5,#8B5CF6
hu3|2026-06-14|night,hu3,01:00,pneumatic,Pneumatic,21.5,#10B981
hu3|2026-06-14|night,hu3,02:00,running,Running,47.1,#c7c0e8
hu3|2026-06-14|night,hu3,02:00,web,Web / Reel,12.3,#3B82F6
hu3|2026-06-14|night,hu3,02:00,pneumatic,Pneumatic,0.7,#10B981
hu3|2026-06-14|night,hu3,03:00,running,Running,56.8,#c7c0e8
hu3|2026-06-14|night,hu3,03:00,web,Web / Reel,3.2,#3B82F6
hu3|2026-06-14|night,hu3,04:00,running,Running,10.5,#c7c0e8
hu3|2026-06-14|night,hu3,04:00,web,Web / Reel,17.5,#3B82F6
hu3|2026-06-14|night,hu3,04:00,handling,Handling,5.7,#8B5CF6
hu3|2026-06-14|night,hu3,04:00,manual,Manual,25.3,#636e72
hu3|2026-06-14|night,hu3,04:00,unattributed,Other,1.0,#b2bec3
hu3|2026-06-14|night,hu3,05:00,running,Running,54.6,#c7c0e8
hu3|2026-06-14|night,hu3,05:00,web,Web / Reel,4.2,#3B82F6
hu3|2026-06-14|night,hu3,05:00,unattributed,Other,1.2,#b2bec3
hu3|2026-06-14|night,hu3,06:00,running,Running,29.2,#c7c0e8
hu3|2026-06-14|night,hu3,06:00,web,Web / Reel,6.2,#3B82F6
hu3|2026-06-14|night,hu3,06:00,manual,Manual,24.6,#636e72
hu3|2026-06-15|day,hu3,07:00,running,Running,50.4,#c7c0e8
hu3|2026-06-15|day,hu3,07:00,web,Web / Reel,6.1,#3B82F6
hu3|2026-06-15|day,hu3,07:00,handling,Handling,2.4,#8B5CF6
hu3|2026-06-15|day,hu3,07:00,pneumatic,Pneumatic,0.3,#10B981
hu3|2026-06-15|day,hu3,07:00,unattributed,Other,0.9,#b2bec3
hu3|2026-06-15|day,hu3,08:00,running,Running,44.7,#c7c0e8
hu3|2026-06-15|day,hu3,08:00,web,Web / Reel,13.1,#3B82F6
hu3|2026-06-15|day,hu3,08:00,sealing,Sealing,1.3,#F59E0B
hu3|2026-06-15|day,hu3,08:00,handling,Handling,0.6,#8B5CF6
hu3|2026-06-15|day,hu3,08:00,unattributed,Other,0.3,#b2bec3
hu3|2026-06-15|day,hu3,09:00,running,Running,55.7,#c7c0e8
hu3|2026-06-15|day,hu3,09:00,web,Web / Reel,1.4,#3B82F6
hu3|2026-06-15|day,hu3,09:00,sealing,Sealing,1.0,#F59E0B
hu3|2026-06-15|day,hu3,09:00,handling,Handling,1.9,#8B5CF6
hu3|2026-06-15|day,hu3,10:00,running,Running,24.3,#c7c0e8
hu3|2026-06-15|day,hu3,10:00,sealing,Sealing,34.5,#F59E0B
hu3|2026-06-15|day,hu3,10:00,handling,Handling,1.3,#8B5CF6
hu3|2026-06-15|day,hu3,11:00,running,Running,17.8,#c7c0e8
hu3|2026-06-15|day,hu3,11:00,web,Web / Reel,7.0,#3B82F6
hu3|2026-06-15|day,hu3,11:00,sealing,Sealing,34.4,#F59E0B
hu3|2026-06-15|day,hu3,11:00,unattributed,Other,0.7,#b2bec3
hu3|2026-06-15|day,hu3,12:00,running,Running,46.2,#c7c0e8
hu3|2026-06-15|day,hu3,12:00,web,Web / Reel,11.9,#3B82F6
hu3|2026-06-15|day,hu3,12:00,handling,Handling,1.9,#8B5CF6
hu3|2026-06-15|day,hu3,13:00,running,Running,55.4,#c7c0e8
hu3|2026-06-15|day,hu3,13:00,sealing,Sealing,0.8,#F59E0B
hu3|2026-06-15|day,hu3,13:00,handling,Handling,2.6,#8B5CF6
hu3|2026-06-15|day,hu3,13:00,unattributed,Other,1.2,#b2bec3
hu3|2026-06-15|day,hu3,14:00,running,Running,48.7,#c7c0e8
hu3|2026-06-15|day,hu3,14:00,web,Web / Reel,5.9,#3B82F6
hu3|2026-06-15|day,hu3,14:00,handling,Handling,0.3,#8B5CF6
hu3|2026-06-15|day,hu3,14:00,manual,Manual,5.1,#636e72
hu3|2026-06-15|day,hu3,15:00,running,Running,35.1,#c7c0e8
hu3|2026-06-15|day,hu3,15:00,web,Web / Reel,10.3,#3B82F6
hu3|2026-06-15|day,hu3,15:00,sealing,Sealing,10.2,#F59E0B
hu3|2026-06-15|day,hu3,15:00,handling,Handling,1.7,#8B5CF6
hu3|2026-06-15|day,hu3,15:00,unattributed,Other,2.7,#b2bec3
hu3|2026-06-15|day,hu3,16:00,running,Running,43.9,#c7c0e8
hu3|2026-06-15|day,hu3,16:00,sealing,Sealing,3.5,#F59E0B
hu3|2026-06-15|day,hu3,16:00,handling,Handling,1.5,#8B5CF6
hu3|2026-06-15|day,hu3,16:00,pneumatic,Pneumatic,6.1,#10B981
hu3|2026-06-15|day,hu3,16:00,unattributed,Other,5.0,#b2bec3
hu3|2026-06-15|day,hu3,17:00,running,Running,34.1,#c7c0e8
hu3|2026-06-15|day,hu3,17:00,web,Web / Reel,21.2,#3B82F6
hu3|2026-06-15|day,hu3,17:00,handling,Handling,1.1,#8B5CF6
hu3|2026-06-15|day,hu3,17:00,unattributed,Other,3.7,#b2bec3
hu3|2026-06-15|day,hu3,18:00,running,Running,20.8,#c7c0e8
hu3|2026-06-15|day,hu3,18:00,web,Web / Reel,4.7,#3B82F6
hu3|2026-06-15|day,hu3,18:00,pneumatic,Pneumatic,10.0,#10B981
hu3|2026-06-15|day,hu3,18:00,manual,Manual,0.5,#636e72
hu3|2026-06-15|day,hu3,18:00,unattributed,Other,23.9,#b2bec3
hu3|2026-06-15|night,hu3,19:00,running,Running,26.1,#c7c0e8
hu3|2026-06-15|night,hu3,19:00,web,Web / Reel,12.2,#3B82F6
hu3|2026-06-15|night,hu3,19:00,handling,Handling,3.8,#8B5CF6
hu3|2026-06-15|night,hu3,19:00,manual,Manual,11.1,#636e72
hu3|2026-06-15|night,hu3,19:00,unattributed,Other,6.8,#b2bec3
hu3|2026-06-15|night,hu3,20:00,running,Running,48.5,#c7c0e8
hu3|2026-06-15|night,hu3,20:00,web,Web / Reel,1.9,#3B82F6
hu3|2026-06-15|night,hu3,20:00,unattributed,Other,9.6,#b2bec3
hu3|2026-06-15|night,hu3,21:00,running,Running,40.8,#c7c0e8
hu3|2026-06-15|night,hu3,21:00,web,Web / Reel,14.0,#3B82F6
hu3|2026-06-15|night,hu3,21:00,handling,Handling,2.7,#8B5CF6
hu3|2026-06-15|night,hu3,21:00,pneumatic,Pneumatic,1.0,#10B981
hu3|2026-06-15|night,hu3,21:00,manual,Manual,1.4,#636e72
hu3|2026-06-15|night,hu3,22:00,running,Running,37.1,#c7c0e8
hu3|2026-06-15|night,hu3,22:00,handling,Handling,4.5,#8B5CF6
hu3|2026-06-15|night,hu3,22:00,pneumatic,Pneumatic,0.5,#10B981
hu3|2026-06-15|night,hu3,22:00,manual,Manual,1.8,#636e72
hu3|2026-06-15|night,hu3,22:00,unattributed,Other,16.0,#b2bec3
hu3|2026-06-15|night,hu3,23:00,running,Running,47.5,#c7c0e8
hu3|2026-06-15|night,hu3,23:00,web,Web / Reel,4.2,#3B82F6
hu3|2026-06-15|night,hu3,23:00,handling,Handling,2.9,#8B5CF6
hu3|2026-06-15|night,hu3,23:00,pneumatic,Pneumatic,3.0,#10B981
hu3|2026-06-15|night,hu3,23:00,manual,Manual,1.1,#636e72
hu3|2026-06-15|night,hu3,23:00,unattributed,Other,1.3,#b2bec3
hu3|2026-06-15|night,hu3,00:00,running,Running,30.8,#c7c0e8
hu3|2026-06-15|night,hu3,00:00,web,Web / Reel,22.4,#3B82F6
hu3|2026-06-15|night,hu3,00:00,manual,Manual,1.5,#636e72
hu3|2026-06-15|night,hu3,00:00,unattributed,Other,5.4,#b2bec3
hu3|2026-06-15|night,hu3,01:00,running,Running,40.8,#c7c0e8
hu3|2026-06-15|night,hu3,01:00,unattributed,Other,19.2,#b2bec3
hu3|2026-06-15|night,hu3,02:00,running,Running,16.9,#c7c0e8
hu3|2026-06-15|night,hu3,02:00,web,Web / Reel,5.3,#3B82F6
hu3|2026-06-15|night,hu3,02:00,handling,Handling,0.9,#8B5CF6
hu3|2026-06-15|night,hu3,02:00,pneumatic,Pneumatic,6.0,#10B981
hu3|2026-06-15|night,hu3,02:00,unattributed,Other,31.0,#b2bec3
hu3|2026-06-15|night,hu3,03:00,running,Running,48.1,#c7c0e8
hu3|2026-06-15|night,hu3,03:00,handling,Handling,10.8,#8B5CF6
hu3|2026-06-15|night,hu3,03:00,pneumatic,Pneumatic,1.1,#10B981
hu3|2026-06-15|night,hu3,04:00,running,Running,43.9,#c7c0e8
hu3|2026-06-15|night,hu3,04:00,web,Web / Reel,1.1,#3B82F6
hu3|2026-06-15|night,hu3,04:00,handling,Handling,2.5,#8B5CF6
hu3|2026-06-15|night,hu3,04:00,pneumatic,Pneumatic,3.4,#10B981
hu3|2026-06-15|night,hu3,04:00,manual,Manual,9.0,#636e72
hu3|2026-06-15|night,hu3,05:00,running,Running,48.0,#c7c0e8
hu3|2026-06-15|night,hu3,05:00,web,Web / Reel,3.7,#3B82F6
hu3|2026-06-15|night,hu3,05:00,handling,Handling,8.3,#8B5CF6
hu3|2026-06-15|night,hu3,06:00,running,Running,37.8,#c7c0e8
hu3|2026-06-15|night,hu3,06:00,web,Web / Reel,4.3,#3B82F6
hu3|2026-06-15|night,hu3,06:00,handling,Handling,3.7,#8B5CF6
hu3|2026-06-15|night,hu3,06:00,manual,Manual,14.1,#636e72
hu3|2026-06-16|day,hu3,07:00,running,Running,47.5,#c7c0e8
hu3|2026-06-16|day,hu3,07:00,web,Web / Reel,7.6,#3B82F6
hu3|2026-06-16|day,hu3,07:00,pneumatic,Pneumatic,4.9,#10B981
hu3|2026-06-16|day,hu3,08:00,running,Running,18.2,#c7c0e8
hu3|2026-06-16|day,hu3,08:00,web,Web / Reel,2.8,#3B82F6
hu3|2026-06-16|day,hu3,08:00,handling,Handling,2.4,#8B5CF6
hu3|2026-06-16|day,hu3,08:00,pneumatic,Pneumatic,35.9,#10B981
hu3|2026-06-16|day,hu3,08:00,unattributed,Other,0.7,#b2bec3
hu3|2026-06-16|day,hu3,09:00,running,Running,43.1,#c7c0e8
hu3|2026-06-16|day,hu3,09:00,web,Web / Reel,9.1,#3B82F6
hu3|2026-06-16|day,hu3,09:00,sealing,Sealing,0.7,#F59E0B
hu3|2026-06-16|day,hu3,09:00,handling,Handling,2.7,#8B5CF6
hu3|2026-06-16|day,hu3,09:00,pneumatic,Pneumatic,1.4,#10B981
hu3|2026-06-16|day,hu3,09:00,manual,Manual,0.8,#636e72
hu3|2026-06-16|day,hu3,09:00,unattributed,Other,2.0,#b2bec3
hu3|2026-06-16|day,hu3,10:00,running,Running,20.4,#c7c0e8
hu3|2026-06-16|day,hu3,10:00,web,Web / Reel,0.4,#3B82F6
hu3|2026-06-16|day,hu3,10:00,handling,Handling,1.1,#8B5CF6
hu3|2026-06-16|day,hu3,10:00,pneumatic,Pneumatic,24.2,#10B981
hu3|2026-06-16|day,hu3,10:00,unattributed,Other,13.9,#b2bec3
hu3|2026-06-16|day,hu3,11:00,running,Running,56.4,#c7c0e8
hu3|2026-06-16|day,hu3,11:00,handling,Handling,0.8,#8B5CF6
hu3|2026-06-16|day,hu3,11:00,pneumatic,Pneumatic,1.3,#10B981
hu3|2026-06-16|day,hu3,11:00,unattributed,Other,1.4,#b2bec3
hu3|2026-06-16|day,hu3,12:00,running,Running,42.1,#c7c0e8
hu3|2026-06-16|day,hu3,12:00,web,Web / Reel,0.4,#3B82F6
hu3|2026-06-16|day,hu3,12:00,handling,Handling,0.9,#8B5CF6
hu3|2026-06-16|day,hu3,12:00,pneumatic,Pneumatic,16.3,#10B981
hu3|2026-06-16|day,hu3,12:00,unattributed,Other,0.3,#b2bec3
hu3|2026-06-16|day,hu3,13:00,running,Running,48.2,#c7c0e8
hu3|2026-06-16|day,hu3,13:00,web,Web / Reel,6.8,#3B82F6
hu3|2026-06-16|day,hu3,13:00,handling,Handling,3.5,#8B5CF6
hu3|2026-06-16|day,hu3,13:00,pneumatic,Pneumatic,1.2,#10B981
hu3|2026-06-16|day,hu3,13:00,unattributed,Other,0.4,#b2bec3
hu3|2026-06-16|day,hu3,14:00,running,Running,32.9,#c7c0e8
hu3|2026-06-16|day,hu3,14:00,web,Web / Reel,16.4,#3B82F6
hu3|2026-06-16|day,hu3,14:00,handling,Handling,6.5,#8B5CF6
hu3|2026-06-16|day,hu3,14:00,pneumatic,Pneumatic,1.3,#10B981
hu3|2026-06-16|day,hu3,14:00,manual,Manual,3.0,#636e72
hu3|2026-06-16|day,hu3,15:00,running,Running,47.4,#c7c0e8
hu3|2026-06-16|day,hu3,15:00,web,Web / Reel,1.1,#3B82F6
hu3|2026-06-16|day,hu3,15:00,handling,Handling,1.3,#8B5CF6
hu3|2026-06-16|day,hu3,15:00,pneumatic,Pneumatic,3.4,#10B981
hu3|2026-06-16|day,hu3,15:00,unattributed,Other,6.9,#b2bec3
hu3|2026-06-16|day,hu3,16:00,running,Running,45.7,#c7c0e8
hu3|2026-06-16|day,hu3,16:00,handling,Handling,6.2,#8B5CF6
hu3|2026-06-16|day,hu3,16:00,pneumatic,Pneumatic,4.3,#10B981
hu3|2026-06-16|day,hu3,16:00,unattributed,Other,3.8,#b2bec3
hu3|2026-06-16|day,hu3,17:00,running,Running,47.3,#c7c0e8
hu3|2026-06-16|day,hu3,17:00,web,Web / Reel,11.5,#3B82F6
hu3|2026-06-16|day,hu3,17:00,handling,Handling,0.9,#8B5CF6
hu3|2026-06-16|day,hu3,17:00,pneumatic,Pneumatic,0.3,#10B981
hu3|2026-06-16|day,hu3,18:00,running,Running,19.9,#c7c0e8
hu3|2026-06-16|day,hu3,18:00,web,Web / Reel,0.3,#3B82F6
hu3|2026-06-16|day,hu3,18:00,handling,Handling,15.3,#8B5CF6
hu3|2026-06-16|day,hu3,18:00,pneumatic,Pneumatic,0.3,#10B981
hu3|2026-06-16|day,hu3,18:00,manual,Manual,19.0,#636e72
hu3|2026-06-16|day,hu3,18:00,unattributed,Other,5.3,#b2bec3
hu3|2026-06-16|night,hu3,19:00,running,Running,41.5,#c7c0e8
hu3|2026-06-16|night,hu3,19:00,web,Web / Reel,0.6,#3B82F6
hu3|2026-06-16|night,hu3,19:00,handling,Handling,5.2,#8B5CF6
hu3|2026-06-16|night,hu3,19:00,pneumatic,Pneumatic,1.3,#10B981
hu3|2026-06-16|night,hu3,19:00,manual,Manual,11.4,#636e72
hu3|2026-06-16|night,hu3,20:00,running,Running,36.7,#c7c0e8
hu3|2026-06-16|night,hu3,20:00,web,Web / Reel,5.3,#3B82F6
hu3|2026-06-16|night,hu3,20:00,handling,Handling,2.7,#8B5CF6
hu3|2026-06-16|night,hu3,20:00,pneumatic,Pneumatic,9.2,#10B981
hu3|2026-06-16|night,hu3,20:00,manual,Manual,4.7,#636e72
hu3|2026-06-16|night,hu3,20:00,unattributed,Other,1.5,#b2bec3
hu3|2026-06-16|night,hu3,21:00,running,Running,38.2,#c7c0e8
hu3|2026-06-16|night,hu3,21:00,web,Web / Reel,0.8,#3B82F6
hu3|2026-06-16|night,hu3,21:00,sealing,Sealing,2.2,#F59E0B
hu3|2026-06-16|night,hu3,21:00,handling,Handling,13.3,#8B5CF6
hu3|2026-06-16|night,hu3,21:00,pneumatic,Pneumatic,5.5,#10B981
hu3|2026-06-16|night,hu3,22:00,running,Running,45.8,#c7c0e8
hu3|2026-06-16|night,hu3,22:00,web,Web / Reel,4.6,#3B82F6
hu3|2026-06-16|night,hu3,22:00,handling,Handling,6.0,#8B5CF6
hu3|2026-06-16|night,hu3,22:00,pneumatic,Pneumatic,3.6,#10B981
hu3|2026-06-16|night,hu3,23:00,running,Running,50.5,#c7c0e8
hu3|2026-06-16|night,hu3,23:00,web,Web / Reel,1.8,#3B82F6
hu3|2026-06-16|night,hu3,23:00,sealing,Sealing,0.9,#F59E0B
hu3|2026-06-16|night,hu3,23:00,handling,Handling,1.6,#8B5CF6
hu3|2026-06-16|night,hu3,23:00,unattributed,Other,5.1,#b2bec3
hu3|2026-06-16|night,hu3,00:00,running,Running,36.3,#c7c0e8
hu3|2026-06-16|night,hu3,00:00,handling,Handling,3.0,#8B5CF6
hu3|2026-06-16|night,hu3,00:00,pneumatic,Pneumatic,7.8,#10B981
hu3|2026-06-16|night,hu3,00:00,manual,Manual,4.5,#636e72
hu3|2026-06-16|night,hu3,00:00,unattributed,Other,8.4,#b2bec3
hu3|2026-06-16|night,hu3,01:00,running,Running,47.6,#c7c0e8
hu3|2026-06-16|night,hu3,01:00,pneumatic,Pneumatic,1.6,#10B981
hu3|2026-06-16|night,hu3,01:00,manual,Manual,5.7,#636e72
hu3|2026-06-16|night,hu3,01:00,unattributed,Other,5.1,#b2bec3
hu3|2026-06-16|night,hu3,02:00,running,Running,24.2,#c7c0e8
hu3|2026-06-16|night,hu3,02:00,pneumatic,Pneumatic,8.5,#10B981
hu3|2026-06-16|night,hu3,02:00,manual,Manual,24.2,#636e72
hu3|2026-06-16|night,hu3,02:00,unattributed,Other,3.2,#b2bec3
hu3|2026-06-16|night,hu3,03:00,running,Running,28.2,#c7c0e8
hu3|2026-06-16|night,hu3,03:00,web,Web / Reel,12.8,#3B82F6
hu3|2026-06-16|night,hu3,03:00,handling,Handling,3.7,#8B5CF6
hu3|2026-06-16|night,hu3,03:00,pneumatic,Pneumatic,12.0,#10B981
hu3|2026-06-16|night,hu3,03:00,manual,Manual,2.2,#636e72
hu3|2026-06-16|night,hu3,03:00,unattributed,Other,1.0,#b2bec3
hu3|2026-06-16|night,hu3,04:00,running,Running,44.8,#c7c0e8
hu3|2026-06-16|night,hu3,04:00,web,Web / Reel,9.3,#3B82F6
hu3|2026-06-16|night,hu3,04:00,handling,Handling,4.0,#8B5CF6
hu3|2026-06-16|night,hu3,04:00,unattributed,Other,1.9,#b2bec3
hu3|2026-06-16|night,hu3,05:00,running,Running,43.9,#c7c0e8
hu3|2026-06-16|night,hu3,05:00,web,Web / Reel,5.0,#3B82F6
hu3|2026-06-16|night,hu3,05:00,sealing,Sealing,2.8,#F59E0B
hu3|2026-06-16|night,hu3,05:00,handling,Handling,2.1,#8B5CF6
hu3|2026-06-16|night,hu3,05:00,pneumatic,Pneumatic,1.6,#10B981
hu3|2026-06-16|night,hu3,05:00,unattributed,Other,4.5,#b2bec3
hu3|2026-06-16|night,hu3,06:00,running,Running,31.1,#c7c0e8
hu3|2026-06-16|night,hu3,06:00,web,Web / Reel,3.9,#3B82F6
hu3|2026-06-16|night,hu3,06:00,handling,Handling,2.2,#8B5CF6
hu3|2026-06-16|night,hu3,06:00,pneumatic,Pneumatic,0.3,#10B981
hu3|2026-06-16|night,hu3,06:00,unattributed,Other,22.5,#b2bec3
hu3|2026-06-17|day,hu3,07:00,running,Running,0.0,#c7c0e8
hu3|2026-06-17|day,hu3,07:00,unattributed,Other,60.0,#b2bec3
hu3|2026-06-17|day,hu3,08:00,running,Running,9.0,#c7c0e8
hu3|2026-06-17|day,hu3,08:00,pneumatic,Pneumatic,2.9,#10B981
hu3|2026-06-17|day,hu3,08:00,unattributed,Other,48.1,#b2bec3
hu3|2026-06-17|day,hu3,09:00,running,Running,31.5,#c7c0e8
hu3|2026-06-17|day,hu3,09:00,pneumatic,Pneumatic,1.9,#10B981
hu3|2026-06-17|day,hu3,09:00,manual,Manual,16.9,#636e72
hu3|2026-06-17|day,hu3,09:00,unattributed,Other,9.6,#b2bec3
hu3|2026-06-17|day,hu3,10:00,running,Running,28.6,#c7c0e8
hu3|2026-06-17|day,hu3,10:00,handling,Handling,2.3,#8B5CF6
hu3|2026-06-17|day,hu3,10:00,pneumatic,Pneumatic,13.2,#10B981
hu3|2026-06-17|day,hu3,10:00,manual,Manual,9.8,#636e72
hu3|2026-06-17|day,hu3,10:00,unattributed,Other,6.0,#b2bec3
hu3|2026-06-17|day,hu3,11:00,running,Running,36.5,#c7c0e8
hu3|2026-06-17|day,hu3,11:00,web,Web / Reel,5.8,#3B82F6
hu3|2026-06-17|day,hu3,11:00,handling,Handling,0.9,#8B5CF6
hu3|2026-06-17|day,hu3,11:00,pneumatic,Pneumatic,3.6,#10B981
hu3|2026-06-17|day,hu3,11:00,manual,Manual,13.2,#636e72
hu3|2026-06-17|day,hu3,12:00,running,Running,18.0,#c7c0e8
hu3|2026-06-17|day,hu3,12:00,web,Web / Reel,9.4,#3B82F6
hu3|2026-06-17|day,hu3,12:00,handling,Handling,2.5,#8B5CF6
hu3|2026-06-17|day,hu3,12:00,pneumatic,Pneumatic,1.8,#10B981
hu3|2026-06-17|day,hu3,12:00,manual,Manual,27.3,#636e72
hu3|2026-06-17|day,hu3,12:00,unattributed,Other,1.0,#b2bec3
hu3|2026-06-17|day,hu3,13:00,running,Running,26.9,#c7c0e8
hu3|2026-06-17|day,hu3,13:00,pneumatic,Pneumatic,1.3,#10B981
hu3|2026-06-17|day,hu3,13:00,manual,Manual,31.8,#636e72
hu3|2026-06-17|day,hu3,14:00,running,Running,31.7,#c7c0e8
hu3|2026-06-17|day,hu3,14:00,sealing,Sealing,3.8,#F59E0B
hu3|2026-06-17|day,hu3,14:00,manual,Manual,24.6,#636e72
hu3|2026-06-17|day,hu3,15:00,running,Running,48.5,#c7c0e8
hu3|2026-06-17|day,hu3,15:00,web,Web / Reel,4.1,#3B82F6
hu3|2026-06-17|day,hu3,15:00,pneumatic,Pneumatic,2.7,#10B981
hu3|2026-06-17|day,hu3,15:00,manual,Manual,1.4,#636e72
hu3|2026-06-17|day,hu3,15:00,unattributed,Other,3.2,#b2bec3
hu3|2026-06-17|day,hu3,16:00,running,Running,34.4,#c7c0e8
hu3|2026-06-17|day,hu3,16:00,sealing,Sealing,2.1,#F59E0B
hu3|2026-06-17|day,hu3,16:00,handling,Handling,0.4,#8B5CF6
hu3|2026-06-17|day,hu3,16:00,pneumatic,Pneumatic,23.1,#10B981
hu3|2026-06-17|day,hu3,17:00,running,Running,30.1,#c7c0e8
hu3|2026-06-17|day,hu3,17:00,web,Web / Reel,0.3,#3B82F6
hu3|2026-06-17|day,hu3,17:00,pneumatic,Pneumatic,0.3,#10B981
hu3|2026-06-17|day,hu3,17:00,manual,Manual,2.4,#636e72
hu3|2026-06-17|day,hu3,17:00,unattributed,Other,26.9,#b2bec3
hu3|2026-06-17|day,hu3,18:00,running,Running,6.1,#c7c0e8
hu3|2026-06-17|day,hu3,18:00,pneumatic,Pneumatic,0.5,#10B981
hu3|2026-06-17|day,hu3,18:00,unattributed,Other,53.4,#b2bec3
hu3|2026-06-17|night,hu3,19:00,running,Running,39.5,#c7c0e8
hu3|2026-06-17|night,hu3,19:00,web,Web / Reel,0.5,#3B82F6
hu3|2026-06-17|night,hu3,19:00,handling,Handling,0.7,#8B5CF6
hu3|2026-06-17|night,hu3,19:00,pneumatic,Pneumatic,0.7,#10B981
hu3|2026-06-17|night,hu3,19:00,unattributed,Other,18.6,#b2bec3
hu3|2026-06-17|night,hu3,20:00,running,Running,23.0,#c7c0e8
hu3|2026-06-17|night,hu3,20:00,web,Web / Reel,10.8,#3B82F6
hu3|2026-06-17|night,hu3,20:00,sealing,Sealing,23.3,#F59E0B
hu3|2026-06-17|night,hu3,20:00,pneumatic,Pneumatic,2.9,#10B981
hu3|2026-06-17|night,hu3,21:00,running,Running,44.3,#c7c0e8
hu3|2026-06-17|night,hu3,21:00,web,Web / Reel,3.9,#3B82F6
hu3|2026-06-17|night,hu3,21:00,handling,Handling,0.6,#8B5CF6
hu3|2026-06-17|night,hu3,21:00,pneumatic,Pneumatic,8.2,#10B981
hu3|2026-06-17|night,hu3,21:00,unattributed,Other,3.1,#b2bec3
hu3|2026-06-17|night,hu3,22:00,running,Running,40.3,#c7c0e8
hu3|2026-06-17|night,hu3,22:00,web,Web / Reel,6.4,#3B82F6
hu3|2026-06-17|night,hu3,22:00,sealing,Sealing,0.6,#F59E0B
hu3|2026-06-17|night,hu3,22:00,handling,Handling,7.6,#8B5CF6
hu3|2026-06-17|night,hu3,22:00,pneumatic,Pneumatic,3.7,#10B981
hu3|2026-06-17|night,hu3,22:00,unattributed,Other,1.5,#b2bec3
hu3|2026-06-17|night,hu3,23:00,running,Running,27.6,#c7c0e8
hu3|2026-06-17|night,hu3,23:00,web,Web / Reel,0.8,#3B82F6
hu3|2026-06-17|night,hu3,23:00,sealing,Sealing,5.8,#F59E0B
hu3|2026-06-17|night,hu3,23:00,handling,Handling,22.8,#8B5CF6
hu3|2026-06-17|night,hu3,23:00,pneumatic,Pneumatic,1.8,#10B981
hu3|2026-06-17|night,hu3,23:00,unattributed,Other,1.3,#b2bec3
hu3|2026-06-17|night,hu3,00:00,running,Running,48.2,#c7c0e8
hu3|2026-06-17|night,hu3,00:00,web,Web / Reel,3.7,#3B82F6
hu3|2026-06-17|night,hu3,00:00,sealing,Sealing,1.5,#F59E0B
hu3|2026-06-17|night,hu3,00:00,handling,Handling,1.5,#8B5CF6
hu3|2026-06-17|night,hu3,00:00,pneumatic,Pneumatic,3.0,#10B981
hu3|2026-06-17|night,hu3,00:00,unattributed,Other,2.2,#b2bec3
hu3|2026-06-17|night,hu3,01:00,running,Running,18.6,#c7c0e8
hu3|2026-06-17|night,hu3,01:00,web,Web / Reel,2.0,#3B82F6
hu3|2026-06-17|night,hu3,01:00,handling,Handling,32.9,#8B5CF6
hu3|2026-06-17|night,hu3,01:00,pneumatic,Pneumatic,1.9,#10B981
hu3|2026-06-17|night,hu3,01:00,unattributed,Other,4.6,#b2bec3
hu3|2026-06-17|night,hu3,02:00,running,Running,24.0,#c7c0e8
hu3|2026-06-17|night,hu3,02:00,handling,Handling,33.3,#8B5CF6
hu3|2026-06-17|night,hu3,02:00,pneumatic,Pneumatic,1.5,#10B981
hu3|2026-06-17|night,hu3,02:00,unattributed,Other,1.2,#b2bec3
hu3|2026-06-17|night,hu3,03:00,running,Running,47.1,#c7c0e8
hu3|2026-06-17|night,hu3,03:00,web,Web / Reel,0.3,#3B82F6
hu3|2026-06-17|night,hu3,03:00,sealing,Sealing,9.8,#F59E0B
hu3|2026-06-17|night,hu3,03:00,unattributed,Other,2.8,#b2bec3
hu3|2026-06-17|night,hu3,04:00,running,Running,25.2,#c7c0e8
hu3|2026-06-17|night,hu3,04:00,web,Web / Reel,10.8,#3B82F6
hu3|2026-06-17|night,hu3,04:00,sealing,Sealing,15.1,#F59E0B
hu3|2026-06-17|night,hu3,04:00,handling,Handling,4.5,#8B5CF6
hu3|2026-06-17|night,hu3,04:00,pneumatic,Pneumatic,3.8,#10B981
hu3|2026-06-17|night,hu3,04:00,unattributed,Other,0.5,#b2bec3
hu3|2026-06-17|night,hu3,05:00,running,Running,29.1,#c7c0e8
hu3|2026-06-17|night,hu3,05:00,manual,Manual,19.9,#636e72
hu3|2026-06-17|night,hu3,05:00,unattributed,Other,11.1,#b2bec3
hu3|2026-06-17|night,hu3,06:00,running,Running,32.1,#c7c0e8
hu3|2026-06-17|night,hu3,06:00,web,Web / Reel,8.0,#3B82F6
hu3|2026-06-17|night,hu3,06:00,sealing,Sealing,1.0,#F59E0B
hu3|2026-06-17|night,hu3,06:00,pneumatic,Pneumatic,0.3,#10B981
hu3|2026-06-17|night,hu3,06:00,manual,Manual,3.5,#636e72
hu3|2026-06-17|night,hu3,06:00,unattributed,Other,15.0,#b2bec3
hu3|2026-06-18|day,hu3,07:00,running,Running,42.3,#c7c0e8
hu3|2026-06-18|day,hu3,07:00,web,Web / Reel,0.3,#3B82F6
hu3|2026-06-18|day,hu3,07:00,sealing,Sealing,1.8,#F59E0B
hu3|2026-06-18|day,hu3,07:00,pneumatic,Pneumatic,4.6,#10B981
hu3|2026-06-18|day,hu3,07:00,manual,Manual,8.2,#636e72
hu3|2026-06-18|day,hu3,07:00,unattributed,Other,2.8,#b2bec3
hu3|2026-06-18|day,hu3,08:00,running,Running,52.5,#c7c0e8
hu3|2026-06-18|day,hu3,08:00,handling,Handling,4.0,#8B5CF6
hu3|2026-06-18|day,hu3,08:00,unattributed,Other,3.5,#b2bec3
hu3|2026-06-18|day,hu3,09:00,running,Running,28.5,#c7c0e8
hu3|2026-06-18|day,hu3,09:00,web,Web / Reel,14.6,#3B82F6
hu3|2026-06-18|day,hu3,09:00,sealing,Sealing,1.7,#F59E0B
hu3|2026-06-18|day,hu3,09:00,handling,Handling,1.1,#8B5CF6
hu3|2026-06-18|day,hu3,09:00,pneumatic,Pneumatic,9.5,#10B981
hu3|2026-06-18|day,hu3,09:00,manual,Manual,0.9,#636e72
hu3|2026-06-18|day,hu3,09:00,unattributed,Other,3.7,#b2bec3
hu3|2026-06-18|day,hu3,10:00,running,Running,3.0,#c7c0e8
hu3|2026-06-18|day,hu3,10:00,web,Web / Reel,57.0,#3B82F6
hu3|2026-06-18|day,hu3,11:00,running,Running,0.5,#c7c0e8
hu3|2026-06-18|day,hu3,11:00,web,Web / Reel,52.2,#3B82F6
hu3|2026-06-18|day,hu3,11:00,pneumatic,Pneumatic,3.2,#10B981
hu3|2026-06-18|day,hu3,11:00,unattributed,Other,4.1,#b2bec3
hu3|2026-06-18|day,hu3,12:00,running,Running,26.6,#c7c0e8
hu3|2026-06-18|day,hu3,12:00,web,Web / Reel,4.1,#3B82F6
hu3|2026-06-18|day,hu3,12:00,sealing,Sealing,5.0,#F59E0B
hu3|2026-06-18|day,hu3,12:00,handling,Handling,0.4,#8B5CF6
hu3|2026-06-18|day,hu3,12:00,pneumatic,Pneumatic,1.2,#10B981
hu3|2026-06-18|day,hu3,12:00,manual,Manual,14.2,#636e72
hu3|2026-06-18|day,hu3,12:00,unattributed,Other,8.4,#b2bec3
hu3|2026-06-18|day,hu3,13:00,running,Running,20.6,#c7c0e8
hu3|2026-06-18|day,hu3,13:00,manual,Manual,38.8,#636e72
hu3|2026-06-18|day,hu3,13:00,unattributed,Other,0.6,#b2bec3
hu3|2026-06-18|day,hu3,14:00,running,Running,26.6,#c7c0e8
hu3|2026-06-18|day,hu3,14:00,web,Web / Reel,1.4,#3B82F6
hu3|2026-06-18|day,hu3,14:00,handling,Handling,0.3,#8B5CF6
hu3|2026-06-18|day,hu3,14:00,manual,Manual,5.1,#636e72
hu3|2026-06-18|day,hu3,14:00,unattributed,Other,26.6,#b2bec3
hu3|2026-06-18|day,hu3,15:00,running,Running,0.0,#c7c0e8
hu3|2026-06-18|day,hu3,15:00,unattributed,Other,60.0,#b2bec3
hu3|2026-06-18|day,hu3,16:00,running,Running,10.8,#c7c0e8
hu3|2026-06-18|day,hu3,16:00,web,Web / Reel,0.4,#3B82F6
hu3|2026-06-18|day,hu3,16:00,handling,Handling,2.0,#8B5CF6
hu3|2026-06-18|day,hu3,16:00,pneumatic,Pneumatic,0.6,#10B981
hu3|2026-06-18|day,hu3,16:00,manual,Manual,28.7,#636e72
hu3|2026-06-18|day,hu3,16:00,unattributed,Other,17.5,#b2bec3
hu3|2026-06-18|day,hu3,17:00,running,Running,22.5,#c7c0e8
hu3|2026-06-18|day,hu3,17:00,sealing,Sealing,2.5,#F59E0B
hu3|2026-06-18|day,hu3,17:00,pneumatic,Pneumatic,8.0,#10B981
hu3|2026-06-18|day,hu3,17:00,manual,Manual,10.5,#636e72
hu3|2026-06-18|day,hu3,17:00,unattributed,Other,16.5,#b2bec3
hu3|2026-06-18|day,hu3,18:00,running,Running,14.5,#c7c0e8
hu3|2026-06-18|day,hu3,18:00,pneumatic,Pneumatic,1.5,#10B981
hu3|2026-06-18|day,hu3,18:00,manual,Manual,39.7,#636e72
hu3|2026-06-18|day,hu3,18:00,unattributed,Other,4.4,#b2bec3
hu3|2026-06-18|night,hu3,19:00,running,Running,35.1,#c7c0e8
hu3|2026-06-18|night,hu3,19:00,web,Web / Reel,6.6,#3B82F6
hu3|2026-06-18|night,hu3,19:00,sealing,Sealing,2.0,#F59E0B
hu3|2026-06-18|night,hu3,19:00,pneumatic,Pneumatic,5.6,#10B981
hu3|2026-06-18|night,hu3,19:00,manual,Manual,7.5,#636e72
hu3|2026-06-18|night,hu3,19:00,unattributed,Other,3.2,#b2bec3
hu3|2026-06-18|night,hu3,20:00,running,Running,55.1,#c7c0e8
hu3|2026-06-18|night,hu3,20:00,web,Web / Reel,3.6,#3B82F6
hu3|2026-06-18|night,hu3,20:00,unattributed,Other,1.4,#b2bec3
hu3|2026-06-18|night,hu3,21:00,running,Running,49.9,#c7c0e8
hu3|2026-06-18|night,hu3,21:00,web,Web / Reel,7.4,#3B82F6
hu3|2026-06-18|night,hu3,21:00,handling,Handling,0.6,#8B5CF6
hu3|2026-06-18|night,hu3,21:00,manual,Manual,0.7,#636e72
hu3|2026-06-18|night,hu3,21:00,unattributed,Other,1.5,#b2bec3
hu3|2026-06-18|night,hu3,22:00,running,Running,58.8,#c7c0e8
hu3|2026-06-18|night,hu3,22:00,handling,Handling,0.7,#8B5CF6
hu3|2026-06-18|night,hu3,22:00,pneumatic,Pneumatic,0.5,#10B981
hu3|2026-06-18|night,hu3,23:00,running,Running,34.9,#c7c0e8
hu3|2026-06-18|night,hu3,23:00,web,Web / Reel,6.8,#3B82F6
hu3|2026-06-18|night,hu3,23:00,handling,Handling,3.8,#8B5CF6
hu3|2026-06-18|night,hu3,23:00,pneumatic,Pneumatic,9.7,#10B981
hu3|2026-06-18|night,hu3,23:00,unattributed,Other,4.8,#b2bec3
hu3|2026-06-18|night,hu3,00:00,running,Running,43.4,#c7c0e8
hu3|2026-06-18|night,hu3,00:00,handling,Handling,2.2,#8B5CF6
hu3|2026-06-18|night,hu3,00:00,pneumatic,Pneumatic,5.5,#10B981
hu3|2026-06-18|night,hu3,00:00,manual,Manual,1.5,#636e72
hu3|2026-06-18|night,hu3,00:00,unattributed,Other,7.5,#b2bec3
hu3|2026-06-18|night,hu3,01:00,running,Running,35.3,#c7c0e8
hu3|2026-06-18|night,hu3,01:00,web,Web / Reel,3.9,#3B82F6
hu3|2026-06-18|night,hu3,01:00,pneumatic,Pneumatic,0.7,#10B981
hu3|2026-06-18|night,hu3,01:00,manual,Manual,0.3,#636e72
hu3|2026-06-18|night,hu3,01:00,unattributed,Other,19.8,#b2bec3
hu3|2026-06-18|night,hu3,02:00,running,Running,48.7,#c7c0e8
hu3|2026-06-18|night,hu3,02:00,web,Web / Reel,9.3,#3B82F6
hu3|2026-06-18|night,hu3,02:00,unattributed,Other,2.0,#b2bec3
hu3|2026-06-18|night,hu3,03:00,running,Running,52.3,#c7c0e8
hu3|2026-06-18|night,hu3,03:00,web,Web / Reel,5.2,#3B82F6
hu3|2026-06-18|night,hu3,03:00,unattributed,Other,2.5,#b2bec3
hu3|2026-06-18|night,hu3,04:00,running,Running,36.5,#c7c0e8
hu3|2026-06-18|night,hu3,04:00,web,Web / Reel,7.6,#3B82F6
hu3|2026-06-18|night,hu3,04:00,pneumatic,Pneumatic,0.3,#10B981
hu3|2026-06-18|night,hu3,04:00,manual,Manual,15.5,#636e72
hu3|2026-06-18|night,hu3,05:00,running,Running,32.2,#c7c0e8
hu3|2026-06-18|night,hu3,05:00,web,Web / Reel,5.4,#3B82F6
hu3|2026-06-18|night,hu3,05:00,sealing,Sealing,4.8,#F59E0B
hu3|2026-06-18|night,hu3,05:00,pneumatic,Pneumatic,0.3,#10B981
hu3|2026-06-18|night,hu3,05:00,manual,Manual,4.8,#636e72
hu3|2026-06-18|night,hu3,05:00,unattributed,Other,12.5,#b2bec3
hu3|2026-06-18|night,hu3,06:00,running,Running,30.3,#c7c0e8
hu3|2026-06-18|night,hu3,06:00,handling,Handling,3.6,#8B5CF6
hu3|2026-06-18|night,hu3,06:00,pneumatic,Pneumatic,5.4,#10B981
hu3|2026-06-18|night,hu3,06:00,manual,Manual,17.2,#636e72
hu3|2026-06-18|night,hu3,06:00,unattributed,Other,3.5,#b2bec3
hu3|2026-06-19|day,hu3,07:00,running,Running,45.6,#c7c0e8
hu3|2026-06-19|day,hu3,07:00,manual,Manual,3.6,#636e72
hu3|2026-06-19|day,hu3,07:00,unattributed,Other,10.8,#b2bec3
hu3|2026-06-19|day,hu3,08:00,running,Running,8.8,#c7c0e8
hu3|2026-06-19|day,hu3,08:00,handling,Handling,1.7,#8B5CF6
hu3|2026-06-19|day,hu3,08:00,manual,Manual,47.1,#636e72
hu3|2026-06-19|day,hu3,08:00,unattributed,Other,2.4,#b2bec3
hu3|2026-06-19|day,hu3,09:00,running,Running,7.7,#c7c0e8
hu3|2026-06-19|day,hu3,09:00,web,Web / Reel,10.1,#3B82F6
hu3|2026-06-19|day,hu3,09:00,handling,Handling,20.7,#8B5CF6
hu3|2026-06-19|day,hu3,09:00,unattributed,Other,21.6,#b2bec3
hu3|2026-06-19|day,hu3,10:00,running,Running,41.0,#c7c0e8
hu3|2026-06-19|day,hu3,10:00,web,Web / Reel,6.8,#3B82F6
hu3|2026-06-19|day,hu3,10:00,handling,Handling,6.4,#8B5CF6
hu3|2026-06-19|day,hu3,10:00,pneumatic,Pneumatic,0.9,#10B981
hu3|2026-06-19|day,hu3,10:00,manual,Manual,0.3,#636e72
hu3|2026-06-19|day,hu3,10:00,unattributed,Other,4.5,#b2bec3
hu3|2026-06-19|day,hu3,11:00,running,Running,47.0,#c7c0e8
hu3|2026-06-19|day,hu3,11:00,web,Web / Reel,9.2,#3B82F6
hu3|2026-06-19|day,hu3,11:00,handling,Handling,1.6,#8B5CF6
hu3|2026-06-19|day,hu3,11:00,manual,Manual,2.2,#636e72
hu3|2026-06-19|day,hu3,12:00,running,Running,22.7,#c7c0e8
hu3|2026-06-19|day,hu3,12:00,manual,Manual,8.7,#636e72
hu3|2026-06-19|day,hu3,12:00,unattributed,Other,28.6,#b2bec3
hu3|2026-06-19|day,hu3,13:00,running,Running,27.4,#c7c0e8
hu3|2026-06-19|day,hu3,13:00,sealing,Sealing,27.0,#F59E0B
hu3|2026-06-19|day,hu3,13:00,handling,Handling,0.5,#8B5CF6
hu3|2026-06-19|day,hu3,13:00,unattributed,Other,5.1,#b2bec3
hu3|2026-06-19|day,hu3,14:00,running,Running,31.3,#c7c0e8
hu3|2026-06-19|day,hu3,14:00,web,Web / Reel,18.4,#3B82F6
hu3|2026-06-19|day,hu3,14:00,sealing,Sealing,0.2,#F59E0B
hu3|2026-06-19|day,hu3,14:00,handling,Handling,4.4,#8B5CF6
hu3|2026-06-19|day,hu3,14:00,pneumatic,Pneumatic,3.4,#10B981
hu3|2026-06-19|day,hu3,14:00,manual,Manual,0.0,#636e72
hu3|2026-06-19|day,hu3,14:00,unattributed,Other,2.3,#b2bec3
hu3|2026-06-19|day,hu3,15:00,running,Running,0.0,#c7c0e8
hu3|2026-06-19|day,hu3,15:00,manual,Manual,60.0,#636e72
hu3|2026-06-19|day,hu3,16:00,running,Running,0.0,#c7c0e8
hu3|2026-06-19|day,hu3,16:00,manual,Manual,60.0,#636e72
hu3|2026-06-19|day,hu3,17:00,running,Running,0.0,#c7c0e8
hu3|2026-06-19|day,hu3,17:00,manual,Manual,60.0,#636e72
hu3|2026-06-19|day,hu3,18:00,running,Running,6.9,#c7c0e8
hu3|2026-06-19|day,hu3,18:00,web,Web / Reel,2.7,#3B82F6
hu3|2026-06-19|day,hu3,18:00,pneumatic,Pneumatic,1.9,#10B981
hu3|2026-06-19|day,hu3,18:00,manual,Manual,47.4,#636e72
hu3|2026-06-19|day,hu3,18:00,unattributed,Other,1.2,#b2bec3
hu3|2026-06-19|night,hu3,19:00,running,Running,51.7,#c7c0e8
hu3|2026-06-19|night,hu3,19:00,web,Web / Reel,6.3,#3B82F6
hu3|2026-06-19|night,hu3,19:00,pneumatic,Pneumatic,0.4,#10B981
hu3|2026-06-19|night,hu3,19:00,unattributed,Other,1.7,#b2bec3
hu3|2026-06-19|night,hu3,20:00,running,Running,46.6,#c7c0e8
hu3|2026-06-19|night,hu3,20:00,handling,Handling,7.9,#8B5CF6
hu3|2026-06-19|night,hu3,20:00,manual,Manual,3.4,#636e72
hu3|2026-06-19|night,hu3,20:00,unattributed,Other,2.2,#b2bec3
hu3|2026-06-19|night,hu3,21:00,running,Running,39.7,#c7c0e8
hu3|2026-06-19|night,hu3,21:00,web,Web / Reel,14.1,#3B82F6
hu3|2026-06-19|night,hu3,21:00,handling,Handling,0.9,#8B5CF6
hu3|2026-06-19|night,hu3,21:00,manual,Manual,4.2,#636e72
hu3|2026-06-19|night,hu3,21:00,unattributed,Other,1.0,#b2bec3
hu3|2026-06-19|night,hu3,22:00,running,Running,39.8,#c7c0e8
hu3|2026-06-19|night,hu3,22:00,web,Web / Reel,16.7,#3B82F6
hu3|2026-06-19|night,hu3,22:00,handling,Handling,1.9,#8B5CF6
hu3|2026-06-19|night,hu3,22:00,manual,Manual,0.7,#636e72
hu3|2026-06-19|night,hu3,22:00,unattributed,Other,0.9,#b2bec3
hu3|2026-06-19|night,hu3,23:00,running,Running,33.3,#c7c0e8
hu3|2026-06-19|night,hu3,23:00,sealing,Sealing,8.0,#F59E0B
hu3|2026-06-19|night,hu3,23:00,handling,Handling,9.7,#8B5CF6
hu3|2026-06-19|night,hu3,23:00,pneumatic,Pneumatic,3.7,#10B981
hu3|2026-06-19|night,hu3,23:00,unattributed,Other,5.4,#b2bec3
hu3|2026-06-19|night,hu3,00:00,running,Running,45.3,#c7c0e8
hu3|2026-06-19|night,hu3,00:00,handling,Handling,4.7,#8B5CF6
hu3|2026-06-19|night,hu3,00:00,manual,Manual,5.4,#636e72
hu3|2026-06-19|night,hu3,00:00,unattributed,Other,4.6,#b2bec3
hu3|2026-06-19|night,hu3,01:00,running,Running,50.0,#c7c0e8
hu3|2026-06-19|night,hu3,01:00,web,Web / Reel,4.2,#3B82F6
hu3|2026-06-19|night,hu3,01:00,manual,Manual,1.3,#636e72
hu3|2026-06-19|night,hu3,01:00,unattributed,Other,4.5,#b2bec3
hu3|2026-06-19|night,hu3,02:00,running,Running,46.1,#c7c0e8
hu3|2026-06-19|night,hu3,02:00,web,Web / Reel,2.0,#3B82F6
hu3|2026-06-19|night,hu3,02:00,handling,Handling,5.5,#8B5CF6
hu3|2026-06-19|night,hu3,02:00,unattributed,Other,6.4,#b2bec3
hu3|2026-06-19|night,hu3,03:00,running,Running,50.1,#c7c0e8
hu3|2026-06-19|night,hu3,03:00,web,Web / Reel,7.1,#3B82F6
hu3|2026-06-19|night,hu3,03:00,manual,Manual,0.4,#636e72
hu3|2026-06-19|night,hu3,03:00,unattributed,Other,2.4,#b2bec3
hu3|2026-06-19|night,hu3,04:00,running,Running,38.2,#c7c0e8
hu3|2026-06-19|night,hu3,04:00,web,Web / Reel,12.3,#3B82F6
hu3|2026-06-19|night,hu3,04:00,sealing,Sealing,4.4,#F59E0B
hu3|2026-06-19|night,hu3,04:00,handling,Handling,2.4,#8B5CF6
hu3|2026-06-19|night,hu3,04:00,manual,Manual,2.7,#636e72
hu3|2026-06-19|night,hu3,05:00,running,Running,41.8,#c7c0e8
hu3|2026-06-19|night,hu3,05:00,web,Web / Reel,2.3,#3B82F6
hu3|2026-06-19|night,hu3,05:00,handling,Handling,5.4,#8B5CF6
hu3|2026-06-19|night,hu3,05:00,pneumatic,Pneumatic,1.9,#10B981
hu3|2026-06-19|night,hu3,05:00,manual,Manual,3.5,#636e72
hu3|2026-06-19|night,hu3,05:00,unattributed,Other,5.2,#b2bec3
hu3|2026-06-19|night,hu3,06:00,running,Running,31.8,#c7c0e8
hu3|2026-06-19|night,hu3,06:00,manual,Manual,0.3,#636e72
hu3|2026-06-19|night,hu3,06:00,unattributed,Other,27.9,#b2bec3
hu3|2026-07-08|day,hu3,07:00,running,Running,17.3,#c7c0e8
hu3|2026-07-08|day,hu3,07:00,handling,Handling,1.2,#8B5CF6
hu3|2026-07-08|day,hu3,07:00,pneumatic,Pneumatic,2.2,#10B981
hu3|2026-07-08|day,hu3,07:00,manual,Manual,37.1,#636e72
hu3|2026-07-08|day,hu3,07:00,unattributed,Other,2.2,#b2bec3
hu3|2026-07-08|day,hu3,08:00,running,Running,26.4,#c7c0e8
hu3|2026-07-08|day,hu3,08:00,web,Web / Reel,13.0,#3B82F6
hu3|2026-07-08|day,hu3,08:00,handling,Handling,0.8,#8B5CF6
hu3|2026-07-08|day,hu3,08:00,pneumatic,Pneumatic,0.6,#10B981
hu3|2026-07-08|day,hu3,08:00,manual,Manual,13.8,#636e72
hu3|2026-07-08|day,hu3,08:00,unattributed,Other,5.4,#b2bec3
hu3|2026-07-08|day,hu3,09:00,running,Running,35.0,#c7c0e8
hu3|2026-07-08|day,hu3,09:00,web,Web / Reel,1.3,#3B82F6
hu3|2026-07-08|day,hu3,09:00,sealing,Sealing,2.2,#F59E0B
hu3|2026-07-08|day,hu3,09:00,pneumatic,Pneumatic,1.2,#10B981
hu3|2026-07-08|day,hu3,09:00,unattributed,Other,20.3,#b2bec3
hu3|2026-07-08|day,hu3,10:00,running,Running,46.1,#c7c0e8
hu3|2026-07-08|day,hu3,10:00,web,Web / Reel,1.5,#3B82F6
hu3|2026-07-08|day,hu3,10:00,handling,Handling,8.4,#8B5CF6
hu3|2026-07-08|day,hu3,10:00,unattributed,Other,4.0,#b2bec3
hu3|2026-07-08|day,hu3,11:00,running,Running,36.6,#c7c0e8
hu3|2026-07-08|day,hu3,11:00,web,Web / Reel,5.9,#3B82F6
hu3|2026-07-08|day,hu3,11:00,handling,Handling,1.6,#8B5CF6
hu3|2026-07-08|day,hu3,11:00,manual,Manual,14.6,#636e72
hu3|2026-07-08|day,hu3,11:00,unattributed,Other,1.3,#b2bec3
hu3|2026-07-08|day,hu3,12:00,running,Running,0.0,#c7c0e8
hu3|2026-07-08|day,hu3,12:00,manual,Manual,60.0,#636e72
hu3|2026-07-08|day,hu3,13:00,running,Running,11.2,#c7c0e8
hu3|2026-07-08|day,hu3,13:00,web,Web / Reel,0.4,#3B82F6
hu3|2026-07-08|day,hu3,13:00,sealing,Sealing,0.8,#F59E0B
hu3|2026-07-08|day,hu3,13:00,manual,Manual,44.9,#636e72
hu3|2026-07-08|day,hu3,13:00,unattributed,Other,2.8,#b2bec3
hu3|2026-07-08|day,hu3,14:00,running,Running,34.0,#c7c0e8
hu3|2026-07-08|day,hu3,14:00,web,Web / Reel,14.7,#3B82F6
hu3|2026-07-08|day,hu3,14:00,handling,Handling,2.9,#8B5CF6
hu3|2026-07-08|day,hu3,14:00,unattributed,Other,8.4,#b2bec3
hu3|2026-07-08|day,hu3,15:00,running,Running,45.5,#c7c0e8
hu3|2026-07-08|day,hu3,15:00,web,Web / Reel,10.6,#3B82F6
hu3|2026-07-08|day,hu3,15:00,handling,Handling,1.7,#8B5CF6
hu3|2026-07-08|day,hu3,15:00,pneumatic,Pneumatic,0.3,#10B981
hu3|2026-07-08|day,hu3,15:00,unattributed,Other,1.9,#b2bec3
hu3|2026-07-08|day,hu3,16:00,running,Running,39.5,#c7c0e8
hu3|2026-07-08|day,hu3,16:00,web,Web / Reel,7.5,#3B82F6
hu3|2026-07-08|day,hu3,16:00,sealing,Sealing,4.6,#F59E0B
hu3|2026-07-08|day,hu3,16:00,handling,Handling,2.6,#8B5CF6
hu3|2026-07-08|day,hu3,16:00,unattributed,Other,5.8,#b2bec3
hu3|2026-07-08|day,hu3,17:00,running,Running,45.0,#c7c0e8
hu3|2026-07-08|day,hu3,17:00,web,Web / Reel,9.3,#3B82F6
hu3|2026-07-08|day,hu3,17:00,handling,Handling,3.8,#8B5CF6
hu3|2026-07-08|day,hu3,17:00,unattributed,Other,1.9,#b2bec3
hu3|2026-07-08|day,hu3,18:00,running,Running,29.8,#c7c0e8
hu3|2026-07-08|day,hu3,18:00,handling,Handling,2.0,#8B5CF6
hu3|2026-07-08|day,hu3,18:00,pneumatic,Pneumatic,1.2,#10B981
hu3|2026-07-08|day,hu3,18:00,manual,Manual,23.5,#636e72
hu3|2026-07-08|day,hu3,18:00,unattributed,Other,3.6,#b2bec3
hu3|2026-07-08|night,hu3,19:00,running,Running,32.7,#c7c0e8
hu3|2026-07-08|night,hu3,19:00,handling,Handling,2.0,#8B5CF6
hu3|2026-07-08|night,hu3,19:00,pneumatic,Pneumatic,1.5,#10B981
hu3|2026-07-08|night,hu3,19:00,manual,Manual,23.8,#636e72
hu3|2026-07-08|night,hu3,20:00,running,Running,41.0,#c7c0e8
hu3|2026-07-08|night,hu3,20:00,web,Web / Reel,8.2,#3B82F6
hu3|2026-07-08|night,hu3,20:00,handling,Handling,1.8,#8B5CF6
hu3|2026-07-08|night,hu3,20:00,unattributed,Other,9.0,#b2bec3
hu3|2026-07-08|night,hu3,21:00,running,Running,53.2,#c7c0e8
hu3|2026-07-08|night,hu3,21:00,handling,Handling,3.2,#8B5CF6
hu3|2026-07-08|night,hu3,21:00,unattributed,Other,3.7,#b2bec3
hu3|2026-07-08|night,hu3,22:00,running,Running,44.8,#c7c0e8
hu3|2026-07-08|night,hu3,22:00,web,Web / Reel,7.0,#3B82F6
hu3|2026-07-08|night,hu3,22:00,handling,Handling,3.9,#8B5CF6
hu3|2026-07-08|night,hu3,22:00,unattributed,Other,4.2,#b2bec3
hu3|2026-07-08|night,hu3,23:00,running,Running,46.1,#c7c0e8
hu3|2026-07-08|night,hu3,23:00,web,Web / Reel,5.1,#3B82F6
hu3|2026-07-08|night,hu3,23:00,handling,Handling,1.6,#8B5CF6
hu3|2026-07-08|night,hu3,23:00,manual,Manual,7.2,#636e72
hu3|2026-07-08|night,hu3,00:00,running,Running,39.4,#c7c0e8
hu3|2026-07-08|night,hu3,00:00,web,Web / Reel,7.6,#3B82F6
hu3|2026-07-08|night,hu3,00:00,handling,Handling,5.8,#8B5CF6
hu3|2026-07-08|night,hu3,00:00,pneumatic,Pneumatic,1.3,#10B981
hu3|2026-07-08|night,hu3,00:00,unattributed,Other,5.9,#b2bec3
hu3|2026-07-08|night,hu3,01:00,running,Running,47.5,#c7c0e8
hu3|2026-07-08|night,hu3,01:00,web,Web / Reel,8.0,#3B82F6
hu3|2026-07-08|night,hu3,01:00,sealing,Sealing,2.2,#F59E0B
hu3|2026-07-08|night,hu3,01:00,unattributed,Other,2.3,#b2bec3
hu3|2026-07-08|night,hu3,02:00,running,Running,15.9,#c7c0e8
hu3|2026-07-08|night,hu3,02:00,unattributed,Other,44.1,#b2bec3
hu3|2026-07-08|night,hu3,03:00,running,Running,0.4,#c7c0e8
hu3|2026-07-08|night,hu3,03:00,web,Web / Reel,3.1,#3B82F6
hu3|2026-07-08|night,hu3,03:00,unattributed,Other,56.5,#b2bec3
hu3|2026-07-08|night,hu3,04:00,running,Running,10.7,#c7c0e8
hu3|2026-07-08|night,hu3,04:00,web,Web / Reel,0.6,#3B82F6
hu3|2026-07-08|night,hu3,04:00,sealing,Sealing,0.4,#F59E0B
hu3|2026-07-08|night,hu3,04:00,handling,Handling,2.7,#8B5CF6
hu3|2026-07-08|night,hu3,04:00,pneumatic,Pneumatic,2.6,#10B981
hu3|2026-07-08|night,hu3,04:00,manual,Manual,20.4,#636e72
hu3|2026-07-08|night,hu3,04:00,unattributed,Other,22.5,#b2bec3
hu3|2026-07-08|night,hu3,05:00,running,Running,23.9,#c7c0e8
hu3|2026-07-08|night,hu3,05:00,web,Web / Reel,7.6,#3B82F6
hu3|2026-07-08|night,hu3,05:00,handling,Handling,0.4,#8B5CF6
hu3|2026-07-08|night,hu3,05:00,pneumatic,Pneumatic,5.0,#10B981
hu3|2026-07-08|night,hu3,05:00,manual,Manual,9.9,#636e72
hu3|2026-07-08|night,hu3,05:00,unattributed,Other,13.1,#b2bec3
hu3|2026-07-08|night,hu3,06:00,running,Running,13.1,#c7c0e8
hu3|2026-07-08|night,hu3,06:00,handling,Handling,42.8,#8B5CF6
hu3|2026-07-08|night,hu3,06:00,manual,Manual,4.0,#636e72
hu3|2026-07-09|day,hu3,07:00,running,Running,44.6,#c7c0e8
hu3|2026-07-09|day,hu3,07:00,web,Web / Reel,1.6,#3B82F6
hu3|2026-07-09|day,hu3,07:00,handling,Handling,3.1,#8B5CF6
hu3|2026-07-09|day,hu3,07:00,unattributed,Other,10.8,#b2bec3
hu3|2026-07-09|day,hu3,08:00,running,Running,49.6,#c7c0e8
hu3|2026-07-09|day,hu3,08:00,web,Web / Reel,0.5,#3B82F6
hu3|2026-07-09|day,hu3,08:00,sealing,Sealing,3.0,#F59E0B
hu3|2026-07-09|day,hu3,08:00,unattributed,Other,7.0,#b2bec3
hu3|2026-07-09|day,hu3,09:00,running,Running,48.3,#c7c0e8
hu3|2026-07-09|day,hu3,09:00,handling,Handling,2.9,#8B5CF6
hu3|2026-07-09|day,hu3,09:00,unattributed,Other,8.8,#b2bec3
hu3|2026-07-09|day,hu3,10:00,running,Running,27.2,#c7c0e8
hu3|2026-07-09|day,hu3,10:00,web,Web / Reel,3.0,#3B82F6
hu3|2026-07-09|day,hu3,10:00,sealing,Sealing,1.6,#F59E0B
hu3|2026-07-09|day,hu3,10:00,handling,Handling,4.7,#8B5CF6
hu3|2026-07-09|day,hu3,10:00,unattributed,Other,23.5,#b2bec3
hu3|2026-07-09|day,hu3,11:00,running,Running,10.8,#c7c0e8
hu3|2026-07-09|day,hu3,11:00,handling,Handling,10.0,#8B5CF6
hu3|2026-07-09|day,hu3,11:00,pneumatic,Pneumatic,2.6,#10B981
hu3|2026-07-09|day,hu3,11:00,manual,Manual,1.8,#636e72
hu3|2026-07-09|day,hu3,11:00,unattributed,Other,34.9,#b2bec3
hu3|2026-07-09|day,hu3,12:00,running,Running,38.2,#c7c0e8
hu3|2026-07-09|day,hu3,12:00,web,Web / Reel,14.8,#3B82F6
hu3|2026-07-09|day,hu3,12:00,handling,Handling,3.4,#8B5CF6
hu3|2026-07-09|day,hu3,12:00,pneumatic,Pneumatic,0.7,#10B981
hu3|2026-07-09|day,hu3,12:00,unattributed,Other,2.9,#b2bec3
hu3|2026-07-09|day,hu3,13:00,running,Running,58.5,#c7c0e8
hu3|2026-07-09|day,hu3,13:00,handling,Handling,1.5,#8B5CF6
hu3|2026-07-09|day,hu3,14:00,running,Running,41.3,#c7c0e8
hu3|2026-07-09|day,hu3,14:00,web,Web / Reel,8.7,#3B82F6
hu3|2026-07-09|day,hu3,14:00,handling,Handling,8.0,#8B5CF6
hu3|2026-07-09|day,hu3,14:00,unattributed,Other,2.0,#b2bec3
hu3|2026-07-09|day,hu3,15:00,running,Running,40.1,#c7c0e8
hu3|2026-07-09|day,hu3,15:00,web,Web / Reel,4.5,#3B82F6
hu3|2026-07-09|day,hu3,15:00,handling,Handling,3.7,#8B5CF6
hu3|2026-07-09|day,hu3,15:00,unattributed,Other,11.7,#b2bec3
hu3|2026-07-09|day,hu3,16:00,running,Running,19.2,#c7c0e8
hu3|2026-07-09|day,hu3,16:00,handling,Handling,2.8,#8B5CF6
hu3|2026-07-09|day,hu3,16:00,manual,Manual,21.5,#636e72
hu3|2026-07-09|day,hu3,16:00,unattributed,Other,16.5,#b2bec3
hu3|2026-07-09|day,hu3,17:00,running,Running,40.8,#c7c0e8
hu3|2026-07-09|day,hu3,17:00,web,Web / Reel,7.9,#3B82F6
hu3|2026-07-09|day,hu3,17:00,handling,Handling,8.4,#8B5CF6
hu3|2026-07-09|day,hu3,17:00,unattributed,Other,2.8,#b2bec3
hu3|2026-07-09|day,hu3,18:00,running,Running,35.7,#c7c0e8
hu3|2026-07-09|day,hu3,18:00,web,Web / Reel,2.6,#3B82F6
hu3|2026-07-09|day,hu3,18:00,handling,Handling,8.1,#8B5CF6
hu3|2026-07-09|day,hu3,18:00,unattributed,Other,13.7,#b2bec3
hu3|2026-07-09|night,hu3,19:00,running,Running,38.7,#c7c0e8
hu3|2026-07-09|night,hu3,19:00,web,Web / Reel,6.1,#3B82F6
hu3|2026-07-09|night,hu3,19:00,handling,Handling,8.5,#8B5CF6
hu3|2026-07-09|night,hu3,19:00,unattributed,Other,6.7,#b2bec3
hu3|2026-07-09|night,hu3,20:00,running,Running,50.0,#c7c0e8
hu3|2026-07-09|night,hu3,20:00,handling,Handling,6.2,#8B5CF6
hu3|2026-07-09|night,hu3,20:00,pneumatic,Pneumatic,0.4,#10B981
hu3|2026-07-09|night,hu3,20:00,unattributed,Other,3.4,#b2bec3
hu3|2026-07-09|night,hu3,21:00,running,Running,19.4,#c7c0e8
hu3|2026-07-09|night,hu3,21:00,web,Web / Reel,7.6,#3B82F6
hu3|2026-07-09|night,hu3,21:00,handling,Handling,4.6,#8B5CF6
hu3|2026-07-09|night,hu3,21:00,manual,Manual,28.4,#636e72
hu3|2026-07-09|night,hu3,22:00,running,Running,47.2,#c7c0e8
hu3|2026-07-09|night,hu3,22:00,handling,Handling,10.5,#8B5CF6
hu3|2026-07-09|night,hu3,22:00,unattributed,Other,2.3,#b2bec3
hu3|2026-07-09|night,hu3,23:00,running,Running,30.2,#c7c0e8
hu3|2026-07-09|night,hu3,23:00,web,Web / Reel,13.0,#3B82F6
hu3|2026-07-09|night,hu3,23:00,sealing,Sealing,0.3,#F59E0B
hu3|2026-07-09|night,hu3,23:00,handling,Handling,11.5,#8B5CF6
hu3|2026-07-09|night,hu3,23:00,pneumatic,Pneumatic,1.4,#10B981
hu3|2026-07-09|night,hu3,23:00,manual,Manual,3.4,#636e72
hu3|2026-07-09|night,hu3,23:00,unattributed,Other,0.3,#b2bec3
hu3|2026-07-09|night,hu3,00:00,running,Running,37.4,#c7c0e8
hu3|2026-07-09|night,hu3,00:00,handling,Handling,6.3,#8B5CF6
hu3|2026-07-09|night,hu3,00:00,pneumatic,Pneumatic,3.1,#10B981
hu3|2026-07-09|night,hu3,00:00,manual,Manual,5.0,#636e72
hu3|2026-07-09|night,hu3,00:00,unattributed,Other,8.3,#b2bec3
hu3|2026-07-09|night,hu3,01:00,running,Running,38.4,#c7c0e8
hu3|2026-07-09|night,hu3,01:00,web,Web / Reel,7.6,#3B82F6
hu3|2026-07-09|night,hu3,01:00,handling,Handling,0.8,#8B5CF6
hu3|2026-07-09|night,hu3,01:00,unattributed,Other,13.2,#b2bec3
hu3|2026-07-09|night,hu3,02:00,running,Running,14.9,#c7c0e8
hu3|2026-07-09|night,hu3,02:00,web,Web / Reel,10.1,#3B82F6
hu3|2026-07-09|night,hu3,02:00,handling,Handling,3.6,#8B5CF6
hu3|2026-07-09|night,hu3,02:00,unattributed,Other,31.4,#b2bec3
hu3|2026-07-09|night,hu3,03:00,running,Running,51.8,#c7c0e8
hu3|2026-07-09|night,hu3,03:00,sealing,Sealing,4.0,#F59E0B
hu3|2026-07-09|night,hu3,03:00,handling,Handling,1.0,#8B5CF6
hu3|2026-07-09|night,hu3,03:00,pneumatic,Pneumatic,0.4,#10B981
hu3|2026-07-09|night,hu3,03:00,unattributed,Other,2.8,#b2bec3
hu3|2026-07-09|night,hu3,04:00,running,Running,47.8,#c7c0e8
hu3|2026-07-09|night,hu3,04:00,web,Web / Reel,10.0,#3B82F6
hu3|2026-07-09|night,hu3,04:00,handling,Handling,2.1,#8B5CF6
hu3|2026-07-09|night,hu3,05:00,running,Running,48.4,#c7c0e8
hu3|2026-07-09|night,hu3,05:00,handling,Handling,3.7,#8B5CF6
hu3|2026-07-09|night,hu3,05:00,pneumatic,Pneumatic,6.4,#10B981
hu3|2026-07-09|night,hu3,05:00,unattributed,Other,1.5,#b2bec3
hu3|2026-07-09|night,hu3,06:00,running,Running,26.0,#c7c0e8
hu3|2026-07-09|night,hu3,06:00,web,Web / Reel,24.6,#3B82F6
hu3|2026-07-09|night,hu3,06:00,handling,Handling,0.8,#8B5CF6
hu3|2026-07-09|night,hu3,06:00,manual,Manual,7.2,#636e72
hu3|2026-07-09|night,hu3,06:00,unattributed,Other,1.4,#b2bec3
hu3|2026-07-10|day,hu3,07:00,running,Running,54.3,#c7c0e8
hu3|2026-07-10|day,hu3,07:00,web,Web / Reel,3.7,#3B82F6
hu3|2026-07-10|day,hu3,07:00,handling,Handling,0.7,#8B5CF6
hu3|2026-07-10|day,hu3,07:00,unattributed,Other,1.3,#b2bec3
hu3|2026-07-10|day,hu3,08:00,running,Running,13.6,#c7c0e8
hu3|2026-07-10|day,hu3,08:00,web,Web / Reel,1.7,#3B82F6
hu3|2026-07-10|day,hu3,08:00,handling,Handling,2.7,#8B5CF6
hu3|2026-07-10|day,hu3,08:00,pneumatic,Pneumatic,40.9,#10B981
hu3|2026-07-10|day,hu3,08:00,manual,Manual,0.9,#636e72
hu3|2026-07-10|day,hu3,08:00,unattributed,Other,0.3,#b2bec3
hu3|2026-07-10|day,hu3,09:00,running,Running,39.0,#c7c0e8
hu3|2026-07-10|day,hu3,09:00,web,Web / Reel,10.3,#3B82F6
hu3|2026-07-10|day,hu3,09:00,pneumatic,Pneumatic,1.2,#10B981
hu3|2026-07-10|day,hu3,09:00,manual,Manual,4.1,#636e72
hu3|2026-07-10|day,hu3,09:00,unattributed,Other,5.4,#b2bec3
hu3|2026-07-10|day,hu3,10:00,running,Running,53.4,#c7c0e8
hu3|2026-07-10|day,hu3,10:00,web,Web / Reel,2.0,#3B82F6
hu3|2026-07-10|day,hu3,10:00,handling,Handling,3.2,#8B5CF6
hu3|2026-07-10|day,hu3,10:00,unattributed,Other,1.4,#b2bec3
hu3|2026-07-10|day,hu3,11:00,running,Running,47.3,#c7c0e8
hu3|2026-07-10|day,hu3,11:00,web,Web / Reel,4.5,#3B82F6
hu3|2026-07-10|day,hu3,11:00,handling,Handling,3.4,#8B5CF6
hu3|2026-07-10|day,hu3,11:00,pneumatic,Pneumatic,0.5,#10B981
hu3|2026-07-10|day,hu3,11:00,unattributed,Other,4.3,#b2bec3
hu3|2026-07-10|day,hu3,12:00,running,Running,43.0,#c7c0e8
hu3|2026-07-10|day,hu3,12:00,web,Web / Reel,1.7,#3B82F6
hu3|2026-07-10|day,hu3,12:00,sealing,Sealing,2.0,#F59E0B
hu3|2026-07-10|day,hu3,12:00,handling,Handling,3.2,#8B5CF6
hu3|2026-07-10|day,hu3,12:00,pneumatic,Pneumatic,3.2,#10B981
hu3|2026-07-10|day,hu3,12:00,manual,Manual,3.8,#636e72
hu3|2026-07-10|day,hu3,12:00,unattributed,Other,3.1,#b2bec3
hu3|2026-07-10|day,hu3,13:00,running,Running,38.6,#c7c0e8
hu3|2026-07-10|day,hu3,13:00,web,Web / Reel,8.7,#3B82F6
hu3|2026-07-10|day,hu3,13:00,sealing,Sealing,9.0,#F59E0B
hu3|2026-07-10|day,hu3,13:00,handling,Handling,2.4,#8B5CF6
hu3|2026-07-10|day,hu3,13:00,unattributed,Other,1.3,#b2bec3
hu3|2026-07-10|day,hu3,14:00,running,Running,47.1,#c7c0e8
hu3|2026-07-10|day,hu3,14:00,web,Web / Reel,6.8,#3B82F6
hu3|2026-07-10|day,hu3,14:00,handling,Handling,5.0,#8B5CF6
hu3|2026-07-10|day,hu3,14:00,pneumatic,Pneumatic,0.4,#10B981
hu3|2026-07-10|day,hu3,14:00,unattributed,Other,0.8,#b2bec3
hu3|2026-07-10|day,hu3,15:00,running,Running,45.7,#c7c0e8
hu3|2026-07-10|day,hu3,15:00,web,Web / Reel,9.5,#3B82F6
hu3|2026-07-10|day,hu3,15:00,handling,Handling,4.8,#8B5CF6
hu3|2026-07-10|day,hu3,16:00,running,Running,17.6,#c7c0e8
hu3|2026-07-10|day,hu3,16:00,web,Web / Reel,0.4,#3B82F6
hu3|2026-07-10|day,hu3,16:00,sealing,Sealing,16.4,#F59E0B
hu3|2026-07-10|day,hu3,16:00,handling,Handling,15.2,#8B5CF6
hu3|2026-07-10|day,hu3,16:00,pneumatic,Pneumatic,4.6,#10B981
hu3|2026-07-10|day,hu3,16:00,manual,Manual,0.8,#636e72
hu3|2026-07-10|day,hu3,16:00,unattributed,Other,5.1,#b2bec3
hu3|2026-07-10|day,hu3,17:00,running,Running,39.6,#c7c0e8
hu3|2026-07-10|day,hu3,17:00,web,Web / Reel,5.8,#3B82F6
hu3|2026-07-10|day,hu3,17:00,handling,Handling,1.8,#8B5CF6
hu3|2026-07-10|day,hu3,17:00,pneumatic,Pneumatic,11.3,#10B981
hu3|2026-07-10|day,hu3,17:00,manual,Manual,0.3,#636e72
hu3|2026-07-10|day,hu3,17:00,unattributed,Other,1.3,#b2bec3
hu3|2026-07-10|day,hu3,18:00,running,Running,31.0,#c7c0e8
hu3|2026-07-10|day,hu3,18:00,handling,Handling,0.9,#8B5CF6
hu3|2026-07-10|day,hu3,18:00,pneumatic,Pneumatic,9.7,#10B981
hu3|2026-07-10|day,hu3,18:00,unattributed,Other,18.4,#b2bec3
hu3|2026-07-10|night,hu3,19:00,running,Running,24.1,#c7c0e8
hu3|2026-07-10|night,hu3,19:00,handling,Handling,11.3,#8B5CF6
hu3|2026-07-10|night,hu3,19:00,pneumatic,Pneumatic,18.8,#10B981
hu3|2026-07-10|night,hu3,19:00,manual,Manual,5.8,#636e72
hu3|2026-07-10|night,hu3,20:00,running,Running,47.9,#c7c0e8
hu3|2026-07-10|night,hu3,20:00,web,Web / Reel,5.4,#3B82F6
hu3|2026-07-10|night,hu3,20:00,handling,Handling,3.9,#8B5CF6
hu3|2026-07-10|night,hu3,20:00,unattributed,Other,2.8,#b2bec3
hu3|2026-07-10|night,hu3,21:00,running,Running,38.1,#c7c0e8
hu3|2026-07-10|night,hu3,21:00,web,Web / Reel,9.6,#3B82F6
hu3|2026-07-10|night,hu3,21:00,handling,Handling,7.5,#8B5CF6
hu3|2026-07-10|night,hu3,21:00,pneumatic,Pneumatic,0.8,#10B981
hu3|2026-07-10|night,hu3,21:00,unattributed,Other,3.9,#b2bec3
hu3|2026-07-10|night,hu3,22:00,running,Running,24.5,#c7c0e8
hu3|2026-07-10|night,hu3,22:00,web,Web / Reel,20.5,#3B82F6
hu3|2026-07-10|night,hu3,22:00,handling,Handling,2.7,#8B5CF6
hu3|2026-07-10|night,hu3,22:00,manual,Manual,12.3,#636e72
hu3|2026-07-10|night,hu3,23:00,running,Running,33.3,#c7c0e8
hu3|2026-07-10|night,hu3,23:00,web,Web / Reel,16.7,#3B82F6
hu3|2026-07-10|night,hu3,23:00,pneumatic,Pneumatic,1.4,#10B981
hu3|2026-07-10|night,hu3,23:00,unattributed,Other,8.7,#b2bec3
hu3|2026-07-10|night,hu3,00:00,running,Running,35.7,#c7c0e8
hu3|2026-07-10|night,hu3,00:00,web,Web / Reel,2.9,#3B82F6
hu3|2026-07-10|night,hu3,00:00,sealing,Sealing,2.0,#F59E0B
hu3|2026-07-10|night,hu3,00:00,unattributed,Other,19.4,#b2bec3
hu3|2026-07-10|night,hu3,01:00,running,Running,22.8,#c7c0e8
hu3|2026-07-10|night,hu3,01:00,web,Web / Reel,19.5,#3B82F6
hu3|2026-07-10|night,hu3,01:00,handling,Handling,1.2,#8B5CF6
hu3|2026-07-10|night,hu3,01:00,manual,Manual,0.4,#636e72
hu3|2026-07-10|night,hu3,01:00,unattributed,Other,16.1,#b2bec3
hu3|2026-07-10|night,hu3,02:00,running,Running,30.0,#c7c0e8
hu3|2026-07-10|night,hu3,02:00,handling,Handling,1.8,#8B5CF6
hu3|2026-07-10|night,hu3,02:00,manual,Manual,11.5,#636e72
hu3|2026-07-10|night,hu3,02:00,unattributed,Other,16.6,#b2bec3
hu3|2026-07-10|night,hu3,03:00,running,Running,39.3,#c7c0e8
hu3|2026-07-10|night,hu3,03:00,web,Web / Reel,12.0,#3B82F6
hu3|2026-07-10|night,hu3,03:00,handling,Handling,3.0,#8B5CF6
hu3|2026-07-10|night,hu3,03:00,unattributed,Other,5.8,#b2bec3
hu3|2026-07-10|night,hu3,04:00,running,Running,51.6,#c7c0e8
hu3|2026-07-10|night,hu3,04:00,handling,Handling,4.0,#8B5CF6
hu3|2026-07-10|night,hu3,04:00,unattributed,Other,4.5,#b2bec3
hu3|2026-07-10|night,hu3,05:00,running,Running,38.5,#c7c0e8
hu3|2026-07-10|night,hu3,05:00,web,Web / Reel,16.0,#3B82F6
hu3|2026-07-10|night,hu3,05:00,manual,Manual,4.0,#636e72
hu3|2026-07-10|night,hu3,05:00,unattributed,Other,1.6,#b2bec3
hu3|2026-07-10|night,hu3,06:00,running,Running,27.9,#c7c0e8
hu3|2026-07-10|night,hu3,06:00,handling,Handling,0.7,#8B5CF6
hu3|2026-07-10|night,hu3,06:00,pneumatic,Pneumatic,22.9,#10B981
hu3|2026-07-10|night,hu3,06:00,unattributed,Other,8.5,#b2bec3
hu3|2026-07-11|day,hu3,07:00,running,Running,45.9,#c7c0e8
hu3|2026-07-11|day,hu3,07:00,web,Web / Reel,8.5,#3B82F6
hu3|2026-07-11|day,hu3,07:00,handling,Handling,4.3,#8B5CF6
hu3|2026-07-11|day,hu3,07:00,unattributed,Other,1.2,#b2bec3
hu3|2026-07-11|day,hu3,08:00,running,Running,48.6,#c7c0e8
hu3|2026-07-11|day,hu3,08:00,web,Web / Reel,4.6,#3B82F6
hu3|2026-07-11|day,hu3,08:00,handling,Handling,1.8,#8B5CF6
hu3|2026-07-11|day,hu3,08:00,unattributed,Other,5.0,#b2bec3
hu3|2026-07-11|day,hu3,09:00,running,Running,42.0,#c7c0e8
hu3|2026-07-11|day,hu3,09:00,web,Web / Reel,8.3,#3B82F6
hu3|2026-07-11|day,hu3,09:00,handling,Handling,4.7,#8B5CF6
hu3|2026-07-11|day,hu3,09:00,unattributed,Other,5.0,#b2bec3
hu3|2026-07-11|day,hu3,10:00,running,Running,51.6,#c7c0e8
hu3|2026-07-11|day,hu3,10:00,pneumatic,Pneumatic,5.7,#10B981
hu3|2026-07-11|day,hu3,10:00,unattributed,Other,2.7,#b2bec3
hu3|2026-07-11|day,hu3,11:00,running,Running,44.9,#c7c0e8
hu3|2026-07-11|day,hu3,11:00,web,Web / Reel,6.9,#3B82F6
hu3|2026-07-11|day,hu3,11:00,handling,Handling,5.4,#8B5CF6
hu3|2026-07-11|day,hu3,11:00,unattributed,Other,2.8,#b2bec3
hu3|2026-07-11|day,hu3,12:00,running,Running,46.1,#c7c0e8
hu3|2026-07-11|day,hu3,12:00,web,Web / Reel,13.9,#3B82F6
hu3|2026-07-11|day,hu3,13:00,running,Running,43.9,#c7c0e8
hu3|2026-07-11|day,hu3,13:00,web,Web / Reel,6.2,#3B82F6
hu3|2026-07-11|day,hu3,13:00,handling,Handling,1.6,#8B5CF6
hu3|2026-07-11|day,hu3,13:00,unattributed,Other,8.2,#b2bec3
hu3|2026-07-11|day,hu3,14:00,running,Running,50.3,#c7c0e8
hu3|2026-07-11|day,hu3,14:00,web,Web / Reel,1.1,#3B82F6
hu3|2026-07-11|day,hu3,14:00,handling,Handling,4.1,#8B5CF6
hu3|2026-07-11|day,hu3,14:00,pneumatic,Pneumatic,1.5,#10B981
hu3|2026-07-11|day,hu3,14:00,manual,Manual,2.9,#636e72
hu3|2026-07-11|day,hu3,15:00,running,Running,42.9,#c7c0e8
hu3|2026-07-11|day,hu3,15:00,web,Web / Reel,3.4,#3B82F6
hu3|2026-07-11|day,hu3,15:00,sealing,Sealing,1.5,#F59E0B
hu3|2026-07-11|day,hu3,15:00,handling,Handling,1.1,#8B5CF6
hu3|2026-07-11|day,hu3,15:00,pneumatic,Pneumatic,9.6,#10B981
hu3|2026-07-11|day,hu3,15:00,unattributed,Other,1.5,#b2bec3
hu3|2026-07-11|day,hu3,16:00,running,Running,41.6,#c7c0e8
hu3|2026-07-11|day,hu3,16:00,web,Web / Reel,4.6,#3B82F6
hu3|2026-07-11|day,hu3,16:00,handling,Handling,4.4,#8B5CF6
hu3|2026-07-11|day,hu3,16:00,pneumatic,Pneumatic,4.8,#10B981
hu3|2026-07-11|day,hu3,16:00,unattributed,Other,4.7,#b2bec3
hu3|2026-07-11|day,hu3,17:00,running,Running,32.2,#c7c0e8
hu3|2026-07-11|day,hu3,17:00,web,Web / Reel,9.8,#3B82F6
hu3|2026-07-11|day,hu3,17:00,sealing,Sealing,0.4,#F59E0B
hu3|2026-07-11|day,hu3,17:00,handling,Handling,5.6,#8B5CF6
hu3|2026-07-11|day,hu3,17:00,manual,Manual,4.8,#636e72
hu3|2026-07-11|day,hu3,17:00,unattributed,Other,7.4,#b2bec3
hu3|2026-07-11|day,hu3,18:00,running,Running,33.3,#c7c0e8
hu3|2026-07-11|day,hu3,18:00,web,Web / Reel,21.5,#3B82F6
hu3|2026-07-11|day,hu3,18:00,sealing,Sealing,1.4,#F59E0B
hu3|2026-07-11|day,hu3,18:00,unattributed,Other,3.8,#b2bec3
hu3|2026-07-11|night,hu3,19:00,running,Running,31.9,#c7c0e8
hu3|2026-07-11|night,hu3,19:00,web,Web / Reel,4.7,#3B82F6
hu3|2026-07-11|night,hu3,19:00,sealing,Sealing,2.6,#F59E0B
hu3|2026-07-11|night,hu3,19:00,handling,Handling,0.3,#8B5CF6
hu3|2026-07-11|night,hu3,19:00,pneumatic,Pneumatic,0.4,#10B981
hu3|2026-07-11|night,hu3,19:00,manual,Manual,0.3,#636e72
hu3|2026-07-11|night,hu3,19:00,unattributed,Other,19.7,#b2bec3
hu3|2026-07-11|night,hu3,20:00,running,Running,42.9,#c7c0e8
hu3|2026-07-11|night,hu3,20:00,web,Web / Reel,4.1,#3B82F6
hu3|2026-07-11|night,hu3,20:00,sealing,Sealing,7.3,#F59E0B
hu3|2026-07-11|night,hu3,20:00,handling,Handling,1.2,#8B5CF6
hu3|2026-07-11|night,hu3,20:00,pneumatic,Pneumatic,0.7,#10B981
hu3|2026-07-11|night,hu3,20:00,manual,Manual,0.4,#636e72
hu3|2026-07-11|night,hu3,20:00,unattributed,Other,3.5,#b2bec3
hu3|2026-07-11|night,hu3,21:00,running,Running,46.6,#c7c0e8
hu3|2026-07-11|night,hu3,21:00,handling,Handling,7.8,#8B5CF6
hu3|2026-07-11|night,hu3,21:00,unattributed,Other,5.6,#b2bec3
hu3|2026-07-11|night,hu3,22:00,running,Running,48.0,#c7c0e8
hu3|2026-07-11|night,hu3,22:00,web,Web / Reel,7.9,#3B82F6
hu3|2026-07-11|night,hu3,22:00,handling,Handling,2.3,#8B5CF6
hu3|2026-07-11|night,hu3,22:00,unattributed,Other,1.9,#b2bec3
hu3|2026-07-11|night,hu3,23:00,running,Running,41.6,#c7c0e8
hu3|2026-07-11|night,hu3,23:00,web,Web / Reel,4.3,#3B82F6
hu3|2026-07-11|night,hu3,23:00,sealing,Sealing,1.3,#F59E0B
hu3|2026-07-11|night,hu3,23:00,handling,Handling,1.4,#8B5CF6
hu3|2026-07-11|night,hu3,23:00,pneumatic,Pneumatic,0.3,#10B981
hu3|2026-07-11|night,hu3,23:00,manual,Manual,1.0,#636e72
hu3|2026-07-11|night,hu3,23:00,unattributed,Other,10.1,#b2bec3
hu3|2026-07-11|night,hu3,00:00,running,Running,21.4,#c7c0e8
hu3|2026-07-11|night,hu3,00:00,web,Web / Reel,21.3,#3B82F6
hu3|2026-07-11|night,hu3,00:00,handling,Handling,3.8,#8B5CF6
hu3|2026-07-11|night,hu3,00:00,unattributed,Other,13.5,#b2bec3
hu3|2026-07-11|night,hu3,01:00,running,Running,23.9,#c7c0e8
hu3|2026-07-11|night,hu3,01:00,web,Web / Reel,0.3,#3B82F6
hu3|2026-07-11|night,hu3,01:00,sealing,Sealing,1.9,#F59E0B
hu3|2026-07-11|night,hu3,01:00,pneumatic,Pneumatic,24.0,#10B981
hu3|2026-07-11|night,hu3,01:00,manual,Manual,1.0,#636e72
hu3|2026-07-11|night,hu3,01:00,unattributed,Other,8.8,#b2bec3
hu3|2026-07-11|night,hu3,02:00,running,Running,45.4,#c7c0e8
hu3|2026-07-11|night,hu3,02:00,web,Web / Reel,11.3,#3B82F6
hu3|2026-07-11|night,hu3,02:00,handling,Handling,0.4,#8B5CF6
hu3|2026-07-11|night,hu3,02:00,pneumatic,Pneumatic,0.3,#10B981
hu3|2026-07-11|night,hu3,02:00,unattributed,Other,2.6,#b2bec3
hu3|2026-07-11|night,hu3,03:00,running,Running,53.5,#c7c0e8
hu3|2026-07-11|night,hu3,03:00,pneumatic,Pneumatic,0.8,#10B981
hu3|2026-07-11|night,hu3,03:00,unattributed,Other,5.7,#b2bec3
hu3|2026-07-11|night,hu3,04:00,running,Running,42.8,#c7c0e8
hu3|2026-07-11|night,hu3,04:00,web,Web / Reel,5.8,#3B82F6
hu3|2026-07-11|night,hu3,04:00,handling,Handling,4.6,#8B5CF6
hu3|2026-07-11|night,hu3,04:00,pneumatic,Pneumatic,1.2,#10B981
hu3|2026-07-11|night,hu3,04:00,unattributed,Other,5.6,#b2bec3
hu3|2026-07-11|night,hu3,05:00,running,Running,49.0,#c7c0e8
hu3|2026-07-11|night,hu3,05:00,handling,Handling,8.1,#8B5CF6
hu3|2026-07-11|night,hu3,05:00,manual,Manual,2.8,#636e72
hu3|2026-07-11|night,hu3,06:00,running,Running,35.4,#c7c0e8
hu3|2026-07-11|night,hu3,06:00,web,Web / Reel,1.4,#3B82F6
hu3|2026-07-11|night,hu3,06:00,handling,Handling,1.1,#8B5CF6
hu3|2026-07-11|night,hu3,06:00,pneumatic,Pneumatic,1.0,#10B981
hu3|2026-07-11|night,hu3,06:00,manual,Manual,15.2,#636e72
hu3|2026-07-11|night,hu3,06:00,unattributed,Other,5.8,#b2bec3
hu3|2026-07-12|day,hu3,07:00,running,Running,39.5,#c7c0e8
hu3|2026-07-12|day,hu3,07:00,web,Web / Reel,12.9,#3B82F6
hu3|2026-07-12|day,hu3,07:00,handling,Handling,2.4,#8B5CF6
hu3|2026-07-12|day,hu3,07:00,pneumatic,Pneumatic,3.0,#10B981
hu3|2026-07-12|day,hu3,07:00,unattributed,Other,2.2,#b2bec3
hu3|2026-07-12|day,hu3,08:00,running,Running,26.6,#c7c0e8
hu3|2026-07-12|day,hu3,08:00,sealing,Sealing,10.1,#F59E0B
hu3|2026-07-12|day,hu3,08:00,handling,Handling,3.2,#8B5CF6
hu3|2026-07-12|day,hu3,08:00,pneumatic,Pneumatic,11.7,#10B981
hu3|2026-07-12|day,hu3,08:00,manual,Manual,2.6,#636e72
hu3|2026-07-12|day,hu3,08:00,unattributed,Other,5.8,#b2bec3
hu3|2026-07-12|day,hu3,09:00,running,Running,21.4,#c7c0e8
hu3|2026-07-12|day,hu3,09:00,web,Web / Reel,3.8,#3B82F6
hu3|2026-07-12|day,hu3,09:00,handling,Handling,4.6,#8B5CF6
hu3|2026-07-12|day,hu3,09:00,pneumatic,Pneumatic,11.1,#10B981
hu3|2026-07-12|day,hu3,09:00,manual,Manual,0.8,#636e72
hu3|2026-07-12|day,hu3,09:00,unattributed,Other,18.2,#b2bec3
hu3|2026-07-12|day,hu3,10:00,running,Running,41.1,#c7c0e8
hu3|2026-07-12|day,hu3,10:00,pneumatic,Pneumatic,8.3,#10B981
hu3|2026-07-12|day,hu3,10:00,unattributed,Other,10.6,#b2bec3
hu3|2026-07-12|day,hu3,11:00,running,Running,41.4,#c7c0e8
hu3|2026-07-12|day,hu3,11:00,web,Web / Reel,8.8,#3B82F6
hu3|2026-07-12|day,hu3,11:00,sealing,Sealing,1.1,#F59E0B
hu3|2026-07-12|day,hu3,11:00,handling,Handling,3.3,#8B5CF6
hu3|2026-07-12|day,hu3,11:00,pneumatic,Pneumatic,2.0,#10B981
hu3|2026-07-12|day,hu3,11:00,unattributed,Other,3.5,#b2bec3
hu3|2026-07-12|day,hu3,12:00,running,Running,43.3,#c7c0e8
hu3|2026-07-12|day,hu3,12:00,web,Web / Reel,4.5,#3B82F6
hu3|2026-07-12|day,hu3,12:00,handling,Handling,5.0,#8B5CF6
hu3|2026-07-12|day,hu3,12:00,pneumatic,Pneumatic,3.2,#10B981
hu3|2026-07-12|day,hu3,12:00,unattributed,Other,4.0,#b2bec3
hu3|2026-07-12|day,hu3,13:00,running,Running,44.8,#c7c0e8
hu3|2026-07-12|day,hu3,13:00,web,Web / Reel,4.7,#3B82F6
hu3|2026-07-12|day,hu3,13:00,handling,Handling,6.1,#8B5CF6
hu3|2026-07-12|day,hu3,13:00,pneumatic,Pneumatic,1.0,#10B981
hu3|2026-07-12|day,hu3,13:00,manual,Manual,1.3,#636e72
hu3|2026-07-12|day,hu3,13:00,unattributed,Other,2.0,#b2bec3
hu3|2026-07-12|day,hu3,14:00,running,Running,29.4,#c7c0e8
hu3|2026-07-12|day,hu3,14:00,web,Web / Reel,14.3,#3B82F6
hu3|2026-07-12|day,hu3,14:00,handling,Handling,3.4,#8B5CF6
hu3|2026-07-12|day,hu3,14:00,manual,Manual,7.8,#636e72
hu3|2026-07-12|day,hu3,14:00,unattributed,Other,5.1,#b2bec3
hu3|2026-07-12|day,hu3,15:00,running,Running,45.2,#c7c0e8
hu3|2026-07-12|day,hu3,15:00,web,Web / Reel,1.1,#3B82F6
hu3|2026-07-12|day,hu3,15:00,handling,Handling,7.8,#8B5CF6
hu3|2026-07-12|day,hu3,15:00,pneumatic,Pneumatic,1.0,#10B981
hu3|2026-07-12|day,hu3,15:00,unattributed,Other,4.9,#b2bec3
hu3|2026-07-12|day,hu3,16:00,running,Running,37.4,#c7c0e8
hu3|2026-07-12|day,hu3,16:00,web,Web / Reel,8.7,#3B82F6
hu3|2026-07-12|day,hu3,16:00,handling,Handling,4.7,#8B5CF6
hu3|2026-07-12|day,hu3,16:00,unattributed,Other,9.2,#b2bec3
hu3|2026-07-12|day,hu3,17:00,running,Running,44.1,#c7c0e8
hu3|2026-07-12|day,hu3,17:00,web,Web / Reel,4.4,#3B82F6
hu3|2026-07-12|day,hu3,17:00,handling,Handling,3.5,#8B5CF6
hu3|2026-07-12|day,hu3,17:00,manual,Manual,6.5,#636e72
hu3|2026-07-12|day,hu3,17:00,unattributed,Other,1.6,#b2bec3
hu3|2026-07-12|day,hu3,18:00,running,Running,29.6,#c7c0e8
hu3|2026-07-12|day,hu3,18:00,web,Web / Reel,2.6,#3B82F6
hu3|2026-07-12|day,hu3,18:00,handling,Handling,1.5,#8B5CF6
hu3|2026-07-12|day,hu3,18:00,pneumatic,Pneumatic,20.4,#10B981
hu3|2026-07-12|day,hu3,18:00,unattributed,Other,6.0,#b2bec3
hu3|2026-07-12|night,hu3,19:00,running,Running,52.5,#c7c0e8
hu3|2026-07-12|night,hu3,19:00,handling,Handling,5.9,#8B5CF6
hu3|2026-07-12|night,hu3,19:00,pneumatic,Pneumatic,1.6,#10B981
hu3|2026-07-12|night,hu3,20:00,running,Running,37.1,#c7c0e8
hu3|2026-07-12|night,hu3,20:00,web,Web / Reel,6.0,#3B82F6
hu3|2026-07-12|night,hu3,20:00,handling,Handling,4.1,#8B5CF6
hu3|2026-07-12|night,hu3,20:00,manual,Manual,4.8,#636e72
hu3|2026-07-12|night,hu3,20:00,unattributed,Other,8.1,#b2bec3
hu3|2026-07-12|night,hu3,21:00,running,Running,40.8,#c7c0e8
hu3|2026-07-12|night,hu3,21:00,web,Web / Reel,16.1,#3B82F6
hu3|2026-07-12|night,hu3,21:00,handling,Handling,1.5,#8B5CF6
hu3|2026-07-12|night,hu3,21:00,unattributed,Other,1.6,#b2bec3
hu3|2026-07-12|night,hu3,22:00,running,Running,43.7,#c7c0e8
hu3|2026-07-12|night,hu3,22:00,web,Web / Reel,3.1,#3B82F6
hu3|2026-07-12|night,hu3,22:00,handling,Handling,9.1,#8B5CF6
hu3|2026-07-12|night,hu3,22:00,pneumatic,Pneumatic,2.4,#10B981
hu3|2026-07-12|night,hu3,22:00,unattributed,Other,1.7,#b2bec3
hu3|2026-07-12|night,hu3,23:00,running,Running,54.2,#c7c0e8
hu3|2026-07-12|night,hu3,23:00,handling,Handling,5.8,#8B5CF6
hu3|2026-07-12|night,hu3,00:00,running,Running,39.1,#c7c0e8
hu3|2026-07-12|night,hu3,00:00,web,Web / Reel,3.7,#3B82F6
hu3|2026-07-12|night,hu3,00:00,handling,Handling,2.0,#8B5CF6
hu3|2026-07-12|night,hu3,00:00,pneumatic,Pneumatic,12.0,#10B981
hu3|2026-07-12|night,hu3,00:00,unattributed,Other,3.2,#b2bec3
hu3|2026-07-12|night,hu3,01:00,running,Running,45.4,#c7c0e8
hu3|2026-07-12|night,hu3,01:00,handling,Handling,0.9,#8B5CF6
hu3|2026-07-12|night,hu3,01:00,unattributed,Other,13.7,#b2bec3
hu3|2026-07-12|night,hu3,02:00,running,Running,37.5,#c7c0e8
hu3|2026-07-12|night,hu3,02:00,web,Web / Reel,19.7,#3B82F6
hu3|2026-07-12|night,hu3,02:00,handling,Handling,1.1,#8B5CF6
hu3|2026-07-12|night,hu3,02:00,unattributed,Other,1.7,#b2bec3
hu3|2026-07-12|night,hu3,03:00,running,Running,50.5,#c7c0e8
hu3|2026-07-12|night,hu3,03:00,web,Web / Reel,3.6,#3B82F6
hu3|2026-07-12|night,hu3,03:00,handling,Handling,1.4,#8B5CF6
hu3|2026-07-12|night,hu3,03:00,pneumatic,Pneumatic,1.5,#10B981
hu3|2026-07-12|night,hu3,03:00,unattributed,Other,3.0,#b2bec3
hu3|2026-07-12|night,hu3,04:00,running,Running,29.3,#c7c0e8
hu3|2026-07-12|night,hu3,04:00,web,Web / Reel,26.4,#3B82F6
hu3|2026-07-12|night,hu3,04:00,pneumatic,Pneumatic,1.6,#10B981
hu3|2026-07-12|night,hu3,04:00,unattributed,Other,2.7,#b2bec3
hu3|2026-07-12|night,hu3,05:00,running,Running,43.1,#c7c0e8
hu3|2026-07-12|night,hu3,05:00,handling,Handling,1.5,#8B5CF6
hu3|2026-07-12|night,hu3,05:00,pneumatic,Pneumatic,3.0,#10B981
hu3|2026-07-12|night,hu3,05:00,manual,Manual,11.3,#636e72
hu3|2026-07-12|night,hu3,05:00,unattributed,Other,1.1,#b2bec3
hu3|2026-07-12|night,hu3,06:00,running,Running,34.2,#c7c0e8
hu3|2026-07-12|night,hu3,06:00,web,Web / Reel,4.2,#3B82F6
hu3|2026-07-12|night,hu3,06:00,handling,Handling,6.3,#8B5CF6
hu3|2026-07-12|night,hu3,06:00,manual,Manual,15.4,#636e72
hu3|2026-07-13|day,hu3,07:00,running,Running,18.7,#c7c0e8
hu3|2026-07-13|day,hu3,07:00,handling,Handling,8.4,#8B5CF6
hu3|2026-07-13|day,hu3,07:00,manual,Manual,29.6,#636e72
hu3|2026-07-13|day,hu3,07:00,unattributed,Other,3.3,#b2bec3
hu3|2026-07-13|day,hu3,08:00,running,Running,27.0,#c7c0e8
hu3|2026-07-13|day,hu3,08:00,sealing,Sealing,18.1,#F59E0B
hu3|2026-07-13|day,hu3,08:00,handling,Handling,7.3,#8B5CF6
hu3|2026-07-13|day,hu3,08:00,manual,Manual,4.4,#636e72
hu3|2026-07-13|day,hu3,08:00,unattributed,Other,3.2,#b2bec3
hu3|2026-07-13|day,hu3,09:00,running,Running,13.4,#c7c0e8
hu3|2026-07-13|day,hu3,09:00,sealing,Sealing,6.4,#F59E0B
hu3|2026-07-13|day,hu3,09:00,handling,Handling,33.0,#8B5CF6
hu3|2026-07-13|day,hu3,09:00,pneumatic,Pneumatic,2.5,#10B981
hu3|2026-07-13|day,hu3,09:00,unattributed,Other,4.7,#b2bec3
hu3|2026-07-13|day,hu3,10:00,running,Running,16.6,#c7c0e8
hu3|2026-07-13|day,hu3,10:00,handling,Handling,7.3,#8B5CF6
hu3|2026-07-13|day,hu3,10:00,pneumatic,Pneumatic,0.3,#10B981
hu3|2026-07-13|day,hu3,10:00,manual,Manual,23.5,#636e72
hu3|2026-07-13|day,hu3,10:00,unattributed,Other,12.3,#b2bec3
hu3|2026-07-13|day,hu3,11:00,running,Running,30.4,#c7c0e8
hu3|2026-07-13|day,hu3,11:00,web,Web / Reel,11.0,#3B82F6
hu3|2026-07-13|day,hu3,11:00,sealing,Sealing,3.7,#F59E0B
hu3|2026-07-13|day,hu3,11:00,handling,Handling,3.9,#8B5CF6
hu3|2026-07-13|day,hu3,11:00,pneumatic,Pneumatic,0.6,#10B981
hu3|2026-07-13|day,hu3,11:00,manual,Manual,7.5,#636e72
hu3|2026-07-13|day,hu3,11:00,unattributed,Other,2.9,#b2bec3
hu3|2026-07-13|day,hu3,12:00,running,Running,36.3,#c7c0e8
hu3|2026-07-13|day,hu3,12:00,web,Web / Reel,7.7,#3B82F6
hu3|2026-07-13|day,hu3,12:00,unattributed,Other,15.9,#b2bec3
hu3|2026-07-13|day,hu3,13:00,running,Running,22.6,#c7c0e8
hu3|2026-07-13|day,hu3,13:00,handling,Handling,12.0,#8B5CF6
hu3|2026-07-13|day,hu3,13:00,manual,Manual,4.5,#636e72
hu3|2026-07-13|day,hu3,13:00,unattributed,Other,20.9,#b2bec3
hu3|2026-07-13|day,hu3,14:00,running,Running,0.0,#c7c0e8
hu3|2026-07-13|day,hu3,14:00,unattributed,Other,60.0,#b2bec3
hu3|2026-07-13|day,hu3,15:00,running,Running,13.7,#c7c0e8
hu3|2026-07-13|day,hu3,15:00,web,Web / Reel,4.5,#3B82F6
hu3|2026-07-13|day,hu3,15:00,sealing,Sealing,4.9,#F59E0B
hu3|2026-07-13|day,hu3,15:00,handling,Handling,4.6,#8B5CF6
hu3|2026-07-13|day,hu3,15:00,pneumatic,Pneumatic,0.9,#10B981
hu3|2026-07-13|day,hu3,15:00,unattributed,Other,31.4,#b2bec3
hu3|2026-07-13|day,hu3,16:00,running,Running,23.7,#c7c0e8
hu3|2026-07-13|day,hu3,16:00,handling,Handling,8.8,#8B5CF6
hu3|2026-07-13|day,hu3,16:00,unattributed,Other,27.4,#b2bec3
hu3|2026-07-13|day,hu3,17:00,running,Running,31.3,#c7c0e8
hu3|2026-07-13|day,hu3,17:00,sealing,Sealing,2.8,#F59E0B
hu3|2026-07-13|day,hu3,17:00,handling,Handling,22.3,#8B5CF6
hu3|2026-07-13|day,hu3,17:00,pneumatic,Pneumatic,1.5,#10B981
hu3|2026-07-13|day,hu3,17:00,unattributed,Other,2.1,#b2bec3
hu3|2026-07-13|day,hu3,18:00,running,Running,17.5,#c7c0e8
hu3|2026-07-13|day,hu3,18:00,sealing,Sealing,2.1,#F59E0B
hu3|2026-07-13|day,hu3,18:00,handling,Handling,2.0,#8B5CF6
hu3|2026-07-13|day,hu3,18:00,unattributed,Other,38.4,#b2bec3
hu3|2026-07-13|night,hu3,19:00,running,Running,30.9,#c7c0e8
hu3|2026-07-13|night,hu3,19:00,web,Web / Reel,13.6,#3B82F6
hu3|2026-07-13|night,hu3,19:00,sealing,Sealing,5.1,#F59E0B
hu3|2026-07-13|night,hu3,19:00,handling,Handling,2.7,#8B5CF6
hu3|2026-07-13|night,hu3,19:00,unattributed,Other,7.6,#b2bec3
hu3|2026-07-13|night,hu3,20:00,running,Running,50.3,#c7c0e8
hu3|2026-07-13|night,hu3,20:00,sealing,Sealing,5.6,#F59E0B
hu3|2026-07-13|night,hu3,20:00,handling,Handling,4.1,#8B5CF6
hu3|2026-07-13|night,hu3,21:00,running,Running,38.6,#c7c0e8
hu3|2026-07-13|night,hu3,21:00,web,Web / Reel,8.6,#3B82F6
hu3|2026-07-13|night,hu3,21:00,sealing,Sealing,4.8,#F59E0B
hu3|2026-07-13|night,hu3,21:00,handling,Handling,7.1,#8B5CF6
hu3|2026-07-13|night,hu3,21:00,unattributed,Other,0.9,#b2bec3
hu3|2026-07-13|night,hu3,22:00,running,Running,37.3,#c7c0e8
hu3|2026-07-13|night,hu3,22:00,web,Web / Reel,5.6,#3B82F6
hu3|2026-07-13|night,hu3,22:00,sealing,Sealing,6.9,#F59E0B
hu3|2026-07-13|night,hu3,22:00,handling,Handling,2.5,#8B5CF6
hu3|2026-07-13|night,hu3,22:00,pneumatic,Pneumatic,0.5,#10B981
hu3|2026-07-13|night,hu3,22:00,manual,Manual,1.5,#636e72
hu3|2026-07-13|night,hu3,22:00,unattributed,Other,5.8,#b2bec3
hu3|2026-07-13|night,hu3,23:00,running,Running,38.9,#c7c0e8
hu3|2026-07-13|night,hu3,23:00,web,Web / Reel,6.1,#3B82F6
hu3|2026-07-13|night,hu3,23:00,handling,Handling,9.0,#8B5CF6
hu3|2026-07-13|night,hu3,23:00,pneumatic,Pneumatic,0.8,#10B981
hu3|2026-07-13|night,hu3,23:00,manual,Manual,1.9,#636e72
hu3|2026-07-13|night,hu3,23:00,unattributed,Other,3.3,#b2bec3
hu3|2026-07-13|night,hu3,00:00,running,Running,44.9,#c7c0e8
hu3|2026-07-13|night,hu3,00:00,handling,Handling,8.8,#8B5CF6
hu3|2026-07-13|night,hu3,00:00,unattributed,Other,6.3,#b2bec3
hu3|2026-07-13|night,hu3,01:00,running,Running,33.5,#c7c0e8
hu3|2026-07-13|night,hu3,01:00,web,Web / Reel,3.7,#3B82F6
hu3|2026-07-13|night,hu3,01:00,sealing,Sealing,1.6,#F59E0B
hu3|2026-07-13|night,hu3,01:00,handling,Handling,9.0,#8B5CF6
hu3|2026-07-13|night,hu3,01:00,manual,Manual,0.3,#636e72
hu3|2026-07-13|night,hu3,01:00,unattributed,Other,11.9,#b2bec3
hu3|2026-07-13|night,hu3,02:00,running,Running,42.5,#c7c0e8
hu3|2026-07-13|night,hu3,02:00,web,Web / Reel,3.7,#3B82F6
hu3|2026-07-13|night,hu3,02:00,handling,Handling,10.8,#8B5CF6
hu3|2026-07-13|night,hu3,02:00,unattributed,Other,3.0,#b2bec3
hu3|2026-07-13|night,hu3,03:00,running,Running,36.0,#c7c0e8
hu3|2026-07-13|night,hu3,03:00,web,Web / Reel,3.8,#3B82F6
hu3|2026-07-13|night,hu3,03:00,sealing,Sealing,2.5,#F59E0B
hu3|2026-07-13|night,hu3,03:00,handling,Handling,5.8,#8B5CF6
hu3|2026-07-13|night,hu3,03:00,pneumatic,Pneumatic,6.4,#10B981
hu3|2026-07-13|night,hu3,03:00,unattributed,Other,5.6,#b2bec3
hu3|2026-07-13|night,hu3,04:00,running,Running,6.5,#c7c0e8
hu3|2026-07-13|night,hu3,04:00,web,Web / Reel,45.1,#3B82F6
hu3|2026-07-13|night,hu3,04:00,handling,Handling,1.9,#8B5CF6
hu3|2026-07-13|night,hu3,04:00,manual,Manual,0.6,#636e72
hu3|2026-07-13|night,hu3,04:00,unattributed,Other,5.9,#b2bec3
hu3|2026-07-13|night,hu3,05:00,running,Running,6.2,#c7c0e8
hu3|2026-07-13|night,hu3,05:00,web,Web / Reel,9.0,#3B82F6
hu3|2026-07-13|night,hu3,05:00,handling,Handling,16.1,#8B5CF6
hu3|2026-07-13|night,hu3,05:00,pneumatic,Pneumatic,1.5,#10B981
hu3|2026-07-13|night,hu3,05:00,manual,Manual,6.9,#636e72
hu3|2026-07-13|night,hu3,05:00,unattributed,Other,20.3,#b2bec3
hu3|2026-07-13|night,hu3,06:00,running,Running,0.0,#c7c0e8
hu3|2026-07-13|night,hu3,06:00,pneumatic,Pneumatic,60.0,#10B981
hu3|2026-07-14|day,hu3,07:00,running,Running,7.7,#c7c0e8
hu3|2026-07-14|day,hu3,07:00,handling,Handling,0.7,#8B5CF6
hu3|2026-07-14|day,hu3,07:00,pneumatic,Pneumatic,26.1,#10B981
hu3|2026-07-14|day,hu3,07:00,manual,Manual,8.7,#636e72
hu3|2026-07-14|day,hu3,07:00,unattributed,Other,16.7,#b2bec3
hu3|2026-07-14|day,hu3,08:00,running,Running,5.0,#c7c0e8
hu3|2026-07-14|day,hu3,08:00,manual,Manual,51.2,#636e72
hu3|2026-07-14|day,hu3,08:00,unattributed,Other,3.8,#b2bec3
hu3|2026-07-14|day,hu3,09:00,running,Running,19.4,#c7c0e8
hu3|2026-07-14|day,hu3,09:00,web,Web / Reel,5.2,#3B82F6
hu3|2026-07-14|day,hu3,09:00,handling,Handling,20.0,#8B5CF6
hu3|2026-07-14|day,hu3,09:00,manual,Manual,15.0,#636e72
hu3|2026-07-14|day,hu3,09:00,unattributed,Other,0.3,#b2bec3
hu3|2026-07-14|day,hu3,10:00,running,Running,39.3,#c7c0e8
hu3|2026-07-14|day,hu3,10:00,web,Web / Reel,8.9,#3B82F6
hu3|2026-07-14|day,hu3,10:00,handling,Handling,9.7,#8B5CF6
hu3|2026-07-14|day,hu3,10:00,unattributed,Other,2.1,#b2bec3
hu3|2026-07-14|day,hu3,11:00,running,Running,33.5,#c7c0e8
hu3|2026-07-14|day,hu3,11:00,handling,Handling,21.5,#8B5CF6
hu3|2026-07-14|day,hu3,11:00,unattributed,Other,5.0,#b2bec3
hu3|2026-07-14|day,hu3,12:00,running,Running,18.2,#c7c0e8
hu3|2026-07-14|day,hu3,12:00,handling,Handling,10.1,#8B5CF6
hu3|2026-07-14|day,hu3,12:00,pneumatic,Pneumatic,31.7,#10B981
hu3|2026-07-14|day,hu3,13:00,running,Running,0.0,#c7c0e8
hu3|2026-07-14|day,hu3,13:00,pneumatic,Pneumatic,60.0,#10B981
hu3|2026-07-14|day,hu3,14:00,running,Running,29.0,#c7c0e8
hu3|2026-07-14|day,hu3,14:00,web,Web / Reel,9.9,#3B82F6
hu3|2026-07-14|day,hu3,14:00,handling,Handling,12.4,#8B5CF6
hu3|2026-07-14|day,hu3,14:00,pneumatic,Pneumatic,4.9,#10B981
hu3|2026-07-14|day,hu3,14:00,manual,Manual,3.3,#636e72
hu3|2026-07-14|day,hu3,14:00,unattributed,Other,0.5,#b2bec3
hu3|2026-07-14|day,hu3,15:00,running,Running,5.9,#c7c0e8
hu3|2026-07-14|day,hu3,15:00,web,Web / Reel,51.8,#3B82F6
hu3|2026-07-14|day,hu3,15:00,handling,Handling,1.3,#8B5CF6
hu3|2026-07-14|day,hu3,15:00,unattributed,Other,1.1,#b2bec3
hu3|2026-07-14|day,hu3,16:00,running,Running,3.4,#c7c0e8
hu3|2026-07-14|day,hu3,16:00,web,Web / Reel,33.5,#3B82F6
hu3|2026-07-14|day,hu3,16:00,manual,Manual,23.1,#636e72
hu3|2026-07-14|day,hu3,17:00,running,Running,5.1,#c7c0e8
hu3|2026-07-14|day,hu3,17:00,sealing,Sealing,18.7,#F59E0B
hu3|2026-07-14|day,hu3,17:00,manual,Manual,36.3,#636e72
hu3|2026-07-14|day,hu3,18:00,running,Running,16.7,#c7c0e8
hu3|2026-07-14|day,hu3,18:00,web,Web / Reel,7.6,#3B82F6
hu3|2026-07-14|day,hu3,18:00,handling,Handling,0.9,#8B5CF6
hu3|2026-07-14|day,hu3,18:00,manual,Manual,32.9,#636e72
hu3|2026-07-14|day,hu3,18:00,unattributed,Other,2.0,#b2bec3
hu3|2026-07-14|night,hu3,19:00,running,Running,0.0,#c7c0e8
hu3|2026-07-14|night,hu3,19:00,manual,Manual,60.0,#636e72
hu3|2026-07-14|night,hu3,20:00,running,Running,0.0,#c7c0e8
hu3|2026-07-14|night,hu3,20:00,manual,Manual,60.0,#636e72
hu3|2026-07-14|night,hu3,21:00,running,Running,0.0,#c7c0e8
hu3|2026-07-14|night,hu3,21:00,manual,Manual,60.0,#636e72
hu3|2026-07-14|night,hu3,22:00,running,Running,0.0,#c7c0e8
hu3|2026-07-14|night,hu3,22:00,manual,Manual,60.0,#636e72
hu3|2026-07-14|night,hu3,23:00,running,Running,0.0,#c7c0e8
hu3|2026-07-14|night,hu3,23:00,manual,Manual,60.0,#636e72
hu3|2026-07-14|night,hu3,00:00,running,Running,0.0,#c7c0e8
hu3|2026-07-14|night,hu3,00:00,manual,Manual,60.0,#636e72
hu3|2026-07-14|night,hu3,01:00,running,Running,23.3,#c7c0e8
hu3|2026-07-14|night,hu3,01:00,web,Web / Reel,4.7,#3B82F6
hu3|2026-07-14|night,hu3,01:00,sealing,Sealing,2.8,#F59E0B
hu3|2026-07-14|night,hu3,01:00,pneumatic,Pneumatic,1.7,#10B981
hu3|2026-07-14|night,hu3,01:00,manual,Manual,16.4,#636e72
hu3|2026-07-14|night,hu3,01:00,unattributed,Other,11.1,#b2bec3
hu3|2026-07-14|night,hu3,02:00,running,Running,28.1,#c7c0e8
hu3|2026-07-14|night,hu3,02:00,web,Web / Reel,2.0,#3B82F6
hu3|2026-07-14|night,hu3,02:00,sealing,Sealing,25.9,#F59E0B
hu3|2026-07-14|night,hu3,02:00,handling,Handling,1.4,#8B5CF6
hu3|2026-07-14|night,hu3,02:00,manual,Manual,1.2,#636e72
hu3|2026-07-14|night,hu3,02:00,unattributed,Other,1.5,#b2bec3
hu3|2026-07-14|night,hu3,03:00,running,Running,33.0,#c7c0e8
hu3|2026-07-14|night,hu3,03:00,sealing,Sealing,0.9,#F59E0B
hu3|2026-07-14|night,hu3,03:00,handling,Handling,18.9,#8B5CF6
hu3|2026-07-14|night,hu3,03:00,pneumatic,Pneumatic,1.7,#10B981
hu3|2026-07-14|night,hu3,03:00,unattributed,Other,5.6,#b2bec3
hu3|2026-07-14|night,hu3,04:00,running,Running,4.7,#c7c0e8
hu3|2026-07-14|night,hu3,04:00,web,Web / Reel,10.3,#3B82F6
hu3|2026-07-14|night,hu3,04:00,sealing,Sealing,41.2,#F59E0B
hu3|2026-07-14|night,hu3,04:00,unattributed,Other,3.8,#b2bec3
hu3|2026-07-14|night,hu3,05:00,running,Running,0.8,#c7c0e8
hu3|2026-07-14|night,hu3,05:00,sealing,Sealing,24.3,#F59E0B
hu3|2026-07-14|night,hu3,05:00,unattributed,Other,34.9,#b2bec3
hu3|2026-07-14|night,hu3,06:00,running,Running,0.6,#c7c0e8
hu3|2026-07-14|night,hu3,06:00,unattributed,Other,59.4,#b2bec3
ngp2|2026-05-29|day,ngp2,07:00,running,Running,17.9,#c7c0e8
ngp2|2026-05-29|day,ngp2,07:00,hydration,Hydration,16.1,#e76f51
ngp2|2026-05-29|day,ngp2,07:00,foil,Foil,3.1,#e9c46a
ngp2|2026-05-29|day,ngp2,07:00,schubert,Schubert,0.8,#2a9d8f
ngp2|2026-05-29|day,ngp2,07:00,manual,Manual,22.1,#636e72
ngp2|2026-05-29|day,ngp2,08:00,running,Running,14.0,#c7c0e8
ngp2|2026-05-29|day,ngp2,08:00,hydration,Hydration,29.1,#e76f51
ngp2|2026-05-29|day,ngp2,08:00,foil,Foil,16.1,#e9c46a
ngp2|2026-05-29|day,ngp2,08:00,unattributed,Other,0.7,#b2bec3
ngp2|2026-05-29|day,ngp2,09:00,running,Running,6.5,#c7c0e8
ngp2|2026-05-29|day,ngp2,09:00,hydration,Hydration,7.8,#e76f51
ngp2|2026-05-29|day,ngp2,09:00,foil,Foil,45.7,#e9c46a
ngp2|2026-05-29|day,ngp2,10:00,running,Running,10.6,#c7c0e8
ngp2|2026-05-29|day,ngp2,10:00,hydration,Hydration,5.6,#e76f51
ngp2|2026-05-29|day,ngp2,10:00,foil,Foil,43.8,#e9c46a
ngp2|2026-05-29|day,ngp2,11:00,running,Running,36.5,#c7c0e8
ngp2|2026-05-29|day,ngp2,11:00,hydration,Hydration,8.4,#e76f51
ngp2|2026-05-29|day,ngp2,11:00,foil,Foil,15.1,#e9c46a
ngp2|2026-05-29|day,ngp2,12:00,running,Running,34.6,#c7c0e8
ngp2|2026-05-29|day,ngp2,12:00,hydration,Hydration,19.5,#e76f51
ngp2|2026-05-29|day,ngp2,12:00,foil,Foil,2.5,#e9c46a
ngp2|2026-05-29|day,ngp2,12:00,schubert,Schubert,3.4,#2a9d8f
ngp2|2026-05-29|day,ngp2,13:00,running,Running,25.1,#c7c0e8
ngp2|2026-05-29|day,ngp2,13:00,hydration,Hydration,26.9,#e76f51
ngp2|2026-05-29|day,ngp2,13:00,foil,Foil,8.0,#e9c46a
ngp2|2026-05-29|day,ngp2,14:00,running,Running,26.0,#c7c0e8
ngp2|2026-05-29|day,ngp2,14:00,hydration,Hydration,19.8,#e76f51
ngp2|2026-05-29|day,ngp2,14:00,foil,Foil,12.0,#e9c46a
ngp2|2026-05-29|day,ngp2,14:00,schubert,Schubert,2.1,#2a9d8f
ngp2|2026-05-29|day,ngp2,15:00,running,Running,38.6,#c7c0e8
ngp2|2026-05-29|day,ngp2,15:00,hydration,Hydration,5.9,#e76f51
ngp2|2026-05-29|day,ngp2,15:00,foil,Foil,12.3,#e9c46a
ngp2|2026-05-29|day,ngp2,15:00,schubert,Schubert,2.4,#2a9d8f
ngp2|2026-05-29|day,ngp2,15:00,unattributed,Other,0.8,#b2bec3
ngp2|2026-05-29|day,ngp2,16:00,running,Running,17.9,#c7c0e8
ngp2|2026-05-29|day,ngp2,16:00,hydration,Hydration,3.2,#e76f51
ngp2|2026-05-29|day,ngp2,16:00,foil,Foil,5.3,#e9c46a
ngp2|2026-05-29|day,ngp2,16:00,schubert,Schubert,28.3,#2a9d8f
ngp2|2026-05-29|day,ngp2,16:00,unattributed,Other,5.3,#b2bec3
ngp2|2026-05-29|day,ngp2,17:00,running,Running,36.2,#c7c0e8
ngp2|2026-05-29|day,ngp2,17:00,hydration,Hydration,21.3,#e76f51
ngp2|2026-05-29|day,ngp2,17:00,foil,Foil,2.0,#e9c46a
ngp2|2026-05-29|day,ngp2,17:00,schubert,Schubert,0.5,#2a9d8f
ngp2|2026-05-29|day,ngp2,18:00,running,Running,36.2,#c7c0e8
ngp2|2026-05-29|day,ngp2,18:00,hydration,Hydration,16.3,#e76f51
ngp2|2026-05-29|day,ngp2,18:00,foil,Foil,6.1,#e9c46a
ngp2|2026-05-29|day,ngp2,18:00,schubert,Schubert,1.3,#2a9d8f
ngp2|2026-05-29|night,ngp2,19:00,running,Running,17.9,#c7c0e8
ngp2|2026-05-29|night,ngp2,19:00,hydration,Hydration,32.8,#e76f51
ngp2|2026-05-29|night,ngp2,19:00,foil,Foil,7.0,#e9c46a
ngp2|2026-05-29|night,ngp2,19:00,schubert,Schubert,2.2,#2a9d8f
ngp2|2026-05-29|night,ngp2,20:00,running,Running,29.3,#c7c0e8
ngp2|2026-05-29|night,ngp2,20:00,foil,Foil,28.9,#e9c46a
ngp2|2026-05-29|night,ngp2,20:00,schubert,Schubert,1.8,#2a9d8f
ngp2|2026-05-29|night,ngp2,21:00,running,Running,13.3,#c7c0e8
ngp2|2026-05-29|night,ngp2,21:00,hydration,Hydration,36.4,#e76f51
ngp2|2026-05-29|night,ngp2,21:00,foil,Foil,9.0,#e9c46a
ngp2|2026-05-29|night,ngp2,21:00,unattributed,Other,1.3,#b2bec3
ngp2|2026-05-29|night,ngp2,22:00,running,Running,24.3,#c7c0e8
ngp2|2026-05-29|night,ngp2,22:00,hydration,Hydration,23.0,#e76f51
ngp2|2026-05-29|night,ngp2,22:00,foil,Foil,6.8,#e9c46a
ngp2|2026-05-29|night,ngp2,22:00,schubert,Schubert,4.0,#2a9d8f
ngp2|2026-05-29|night,ngp2,22:00,unattributed,Other,1.9,#b2bec3
ngp2|2026-05-29|night,ngp2,23:00,running,Running,32.0,#c7c0e8
ngp2|2026-05-29|night,ngp2,23:00,hydration,Hydration,16.7,#e76f51
ngp2|2026-05-29|night,ngp2,23:00,foil,Foil,11.2,#e9c46a
ngp2|2026-05-29|night,ngp2,00:00,running,Running,34.9,#c7c0e8
ngp2|2026-05-29|night,ngp2,00:00,hydration,Hydration,20.2,#e76f51
ngp2|2026-05-29|night,ngp2,00:00,foil,Foil,3.5,#e9c46a
ngp2|2026-05-29|night,ngp2,00:00,unattributed,Other,1.4,#b2bec3
ngp2|2026-05-29|night,ngp2,01:00,running,Running,34.7,#c7c0e8
ngp2|2026-05-29|night,ngp2,01:00,hydration,Hydration,20.9,#e76f51
ngp2|2026-05-29|night,ngp2,01:00,foil,Foil,1.4,#e9c46a
ngp2|2026-05-29|night,ngp2,01:00,schubert,Schubert,3.0,#2a9d8f
ngp2|2026-05-29|night,ngp2,02:00,running,Running,33.8,#c7c0e8
ngp2|2026-05-29|night,ngp2,02:00,hydration,Hydration,17.0,#e76f51
ngp2|2026-05-29|night,ngp2,02:00,foil,Foil,9.1,#e9c46a
ngp2|2026-05-29|night,ngp2,03:00,running,Running,27.7,#c7c0e8
ngp2|2026-05-29|night,ngp2,03:00,hydration,Hydration,24.4,#e76f51
ngp2|2026-05-29|night,ngp2,03:00,foil,Foil,3.4,#e9c46a
ngp2|2026-05-29|night,ngp2,03:00,schubert,Schubert,2.6,#2a9d8f
ngp2|2026-05-29|night,ngp2,03:00,unattributed,Other,1.8,#b2bec3
ngp2|2026-05-29|night,ngp2,04:00,running,Running,34.2,#c7c0e8
ngp2|2026-05-29|night,ngp2,04:00,hydration,Hydration,11.3,#e76f51
ngp2|2026-05-29|night,ngp2,04:00,foil,Foil,2.2,#e9c46a
ngp2|2026-05-29|night,ngp2,04:00,unattributed,Other,12.4,#b2bec3
ngp2|2026-05-29|night,ngp2,05:00,running,Running,4.6,#c7c0e8
ngp2|2026-05-29|night,ngp2,05:00,foil,Foil,5.7,#e9c46a
ngp2|2026-05-29|night,ngp2,05:00,unattributed,Other,49.7,#b2bec3
ngp2|2026-05-29|night,ngp2,06:00,running,Running,26.3,#c7c0e8
ngp2|2026-05-29|night,ngp2,06:00,hydration,Hydration,21.6,#e76f51
ngp2|2026-05-29|night,ngp2,06:00,foil,Foil,9.7,#e9c46a
ngp2|2026-05-29|night,ngp2,06:00,schubert,Schubert,2.3,#2a9d8f
ngp2|2026-05-30|day,ngp2,07:00,running,Running,27.7,#c7c0e8
ngp2|2026-05-30|day,ngp2,07:00,hydration,Hydration,11.5,#e76f51
ngp2|2026-05-30|day,ngp2,07:00,foil,Foil,9.6,#e9c46a
ngp2|2026-05-30|day,ngp2,07:00,manual,Manual,11.1,#636e72
ngp2|2026-05-30|day,ngp2,08:00,running,Running,13.4,#c7c0e8
ngp2|2026-05-30|day,ngp2,08:00,hydration,Hydration,41.4,#e76f51
ngp2|2026-05-30|day,ngp2,08:00,foil,Foil,1.0,#e9c46a
ngp2|2026-05-30|day,ngp2,08:00,schubert,Schubert,4.2,#2a9d8f
ngp2|2026-05-30|day,ngp2,09:00,running,Running,9.4,#c7c0e8
ngp2|2026-05-30|day,ngp2,09:00,hydration,Hydration,40.9,#e76f51
ngp2|2026-05-30|day,ngp2,09:00,foil,Foil,2.6,#e9c46a
ngp2|2026-05-30|day,ngp2,09:00,schubert,Schubert,4.3,#2a9d8f
ngp2|2026-05-30|day,ngp2,09:00,manual,Manual,2.7,#636e72
ngp2|2026-05-30|day,ngp2,10:00,running,Running,29.3,#c7c0e8
ngp2|2026-05-30|day,ngp2,10:00,foil,Foil,6.4,#e9c46a
ngp2|2026-05-30|day,ngp2,10:00,schubert,Schubert,24.4,#2a9d8f
ngp2|2026-05-30|day,ngp2,11:00,running,Running,40.7,#c7c0e8
ngp2|2026-05-30|day,ngp2,11:00,foil,Foil,0.6,#e9c46a
ngp2|2026-05-30|day,ngp2,11:00,schubert,Schubert,16.8,#2a9d8f
ngp2|2026-05-30|day,ngp2,11:00,unattributed,Other,1.9,#b2bec3
ngp2|2026-05-30|day,ngp2,12:00,running,Running,38.8,#c7c0e8
ngp2|2026-05-30|day,ngp2,12:00,foil,Foil,18.0,#e9c46a
ngp2|2026-05-30|day,ngp2,12:00,schubert,Schubert,3.2,#2a9d8f
ngp2|2026-05-30|day,ngp2,13:00,running,Running,40.5,#c7c0e8
ngp2|2026-05-30|day,ngp2,13:00,hydration,Hydration,1.6,#e76f51
ngp2|2026-05-30|day,ngp2,13:00,foil,Foil,10.8,#e9c46a
ngp2|2026-05-30|day,ngp2,13:00,unattributed,Other,7.1,#b2bec3
ngp2|2026-05-30|day,ngp2,14:00,running,Running,32.8,#c7c0e8
ngp2|2026-05-30|day,ngp2,14:00,hydration,Hydration,5.5,#e76f51
ngp2|2026-05-30|day,ngp2,14:00,foil,Foil,5.6,#e9c46a
ngp2|2026-05-30|day,ngp2,14:00,schubert,Schubert,10.6,#2a9d8f
ngp2|2026-05-30|day,ngp2,14:00,unattributed,Other,5.6,#b2bec3
ngp2|2026-05-30|day,ngp2,15:00,running,Running,30.9,#c7c0e8
ngp2|2026-05-30|day,ngp2,15:00,hydration,Hydration,1.1,#e76f51
ngp2|2026-05-30|day,ngp2,15:00,foil,Foil,12.6,#e9c46a
ngp2|2026-05-30|day,ngp2,15:00,schubert,Schubert,14.4,#2a9d8f
ngp2|2026-05-30|day,ngp2,15:00,unattributed,Other,1.0,#b2bec3
ngp2|2026-05-30|day,ngp2,16:00,running,Running,42.2,#c7c0e8
ngp2|2026-05-30|day,ngp2,16:00,hydration,Hydration,1.8,#e76f51
ngp2|2026-05-30|day,ngp2,16:00,foil,Foil,4.6,#e9c46a
ngp2|2026-05-30|day,ngp2,16:00,schubert,Schubert,10.6,#2a9d8f
ngp2|2026-05-30|day,ngp2,16:00,unattributed,Other,0.8,#b2bec3
ngp2|2026-05-30|day,ngp2,17:00,running,Running,44.3,#c7c0e8
ngp2|2026-05-30|day,ngp2,17:00,foil,Foil,9.6,#e9c46a
ngp2|2026-05-30|day,ngp2,17:00,schubert,Schubert,6.1,#2a9d8f
ngp2|2026-05-30|day,ngp2,18:00,running,Running,35.0,#c7c0e8
ngp2|2026-05-30|day,ngp2,18:00,hydration,Hydration,2.7,#e76f51
ngp2|2026-05-30|day,ngp2,18:00,foil,Foil,15.1,#e9c46a
ngp2|2026-05-30|day,ngp2,18:00,schubert,Schubert,4.9,#2a9d8f
ngp2|2026-05-30|day,ngp2,18:00,unattributed,Other,2.3,#b2bec3
ngp2|2026-05-30|night,ngp2,19:00,running,Running,44.5,#c7c0e8
ngp2|2026-05-30|night,ngp2,19:00,hydration,Hydration,6.5,#e76f51
ngp2|2026-05-30|night,ngp2,19:00,foil,Foil,4.0,#e9c46a
ngp2|2026-05-30|night,ngp2,19:00,schubert,Schubert,3.0,#2a9d8f
ngp2|2026-05-30|night,ngp2,19:00,unattributed,Other,1.9,#b2bec3
ngp2|2026-05-30|night,ngp2,20:00,running,Running,43.1,#c7c0e8
ngp2|2026-05-30|night,ngp2,20:00,foil,Foil,10.5,#e9c46a
ngp2|2026-05-30|night,ngp2,20:00,schubert,Schubert,3.9,#2a9d8f
ngp2|2026-05-30|night,ngp2,20:00,unattributed,Other,2.5,#b2bec3
ngp2|2026-05-30|night,ngp2,21:00,running,Running,39.9,#c7c0e8
ngp2|2026-05-30|night,ngp2,21:00,foil,Foil,13.6,#e9c46a
ngp2|2026-05-30|night,ngp2,21:00,unattributed,Other,6.5,#b2bec3
ngp2|2026-05-30|night,ngp2,22:00,running,Running,27.6,#c7c0e8
ngp2|2026-05-30|night,ngp2,22:00,foil,Foil,32.4,#e9c46a
ngp2|2026-05-30|night,ngp2,23:00,running,Running,31.5,#c7c0e8
ngp2|2026-05-30|night,ngp2,23:00,foil,Foil,11.0,#e9c46a
ngp2|2026-05-30|night,ngp2,23:00,schubert,Schubert,5.4,#2a9d8f
ngp2|2026-05-30|night,ngp2,23:00,manual,Manual,10.8,#636e72
ngp2|2026-05-30|night,ngp2,23:00,unattributed,Other,1.3,#b2bec3
ngp2|2026-05-30|night,ngp2,00:00,running,Running,43.3,#c7c0e8
ngp2|2026-05-30|night,ngp2,00:00,hydration,Hydration,1.2,#e76f51
ngp2|2026-05-30|night,ngp2,00:00,foil,Foil,9.5,#e9c46a
ngp2|2026-05-30|night,ngp2,00:00,schubert,Schubert,5.3,#2a9d8f
ngp2|2026-05-30|night,ngp2,00:00,unattributed,Other,0.7,#b2bec3
ngp2|2026-05-30|night,ngp2,01:00,running,Running,16.9,#c7c0e8
ngp2|2026-05-30|night,ngp2,01:00,hydration,Hydration,11.1,#e76f51
ngp2|2026-05-30|night,ngp2,01:00,foil,Foil,31.1,#e9c46a
ngp2|2026-05-30|night,ngp2,01:00,schubert,Schubert,0.9,#2a9d8f
ngp2|2026-05-30|night,ngp2,02:00,running,Running,49.3,#c7c0e8
ngp2|2026-05-30|night,ngp2,02:00,hydration,Hydration,8.3,#e76f51
ngp2|2026-05-30|night,ngp2,02:00,foil,Foil,1.3,#e9c46a
ngp2|2026-05-30|night,ngp2,02:00,unattributed,Other,1.0,#b2bec3
ngp2|2026-05-30|night,ngp2,03:00,running,Running,42.8,#c7c0e8
ngp2|2026-05-30|night,ngp2,03:00,foil,Foil,7.0,#e9c46a
ngp2|2026-05-30|night,ngp2,03:00,schubert,Schubert,7.9,#2a9d8f
ngp2|2026-05-30|night,ngp2,03:00,unattributed,Other,2.2,#b2bec3
ngp2|2026-05-30|night,ngp2,04:00,running,Running,34.7,#c7c0e8
ngp2|2026-05-30|night,ngp2,04:00,hydration,Hydration,1.5,#e76f51
ngp2|2026-05-30|night,ngp2,04:00,foil,Foil,21.0,#e9c46a
ngp2|2026-05-30|night,ngp2,04:00,schubert,Schubert,2.2,#2a9d8f
ngp2|2026-05-30|night,ngp2,04:00,unattributed,Other,0.7,#b2bec3
ngp2|2026-05-30|night,ngp2,05:00,running,Running,44.4,#c7c0e8
ngp2|2026-05-30|night,ngp2,05:00,foil,Foil,3.6,#e9c46a
ngp2|2026-05-30|night,ngp2,05:00,schubert,Schubert,10.5,#2a9d8f
ngp2|2026-05-30|night,ngp2,05:00,unattributed,Other,1.4,#b2bec3
ngp2|2026-05-30|night,ngp2,06:00,running,Running,21.2,#c7c0e8
ngp2|2026-05-30|night,ngp2,06:00,hydration,Hydration,23.2,#e76f51
ngp2|2026-05-30|night,ngp2,06:00,foil,Foil,9.7,#e9c46a
ngp2|2026-05-30|night,ngp2,06:00,schubert,Schubert,4.2,#2a9d8f
ngp2|2026-05-30|night,ngp2,06:00,unattributed,Other,1.8,#b2bec3
ngp2|2026-05-31|day,ngp2,07:00,running,Running,20.7,#c7c0e8
ngp2|2026-05-31|day,ngp2,07:00,hydration,Hydration,22.8,#e76f51
ngp2|2026-05-31|day,ngp2,07:00,foil,Foil,8.0,#e9c46a
ngp2|2026-05-31|day,ngp2,07:00,schubert,Schubert,2.1,#2a9d8f
ngp2|2026-05-31|day,ngp2,07:00,manual,Manual,4.9,#636e72
ngp2|2026-05-31|day,ngp2,07:00,unattributed,Other,1.6,#b2bec3
ngp2|2026-05-31|day,ngp2,08:00,running,Running,33.9,#c7c0e8
ngp2|2026-05-31|day,ngp2,08:00,hydration,Hydration,6.2,#e76f51
ngp2|2026-05-31|day,ngp2,08:00,foil,Foil,18.2,#e9c46a
ngp2|2026-05-31|day,ngp2,08:00,unattributed,Other,1.7,#b2bec3
ngp2|2026-05-31|day,ngp2,09:00,running,Running,26.7,#c7c0e8
ngp2|2026-05-31|day,ngp2,09:00,hydration,Hydration,3.6,#e76f51
ngp2|2026-05-31|day,ngp2,09:00,foil,Foil,9.2,#e9c46a
ngp2|2026-05-31|day,ngp2,09:00,schubert,Schubert,20.4,#2a9d8f
ngp2|2026-05-31|day,ngp2,10:00,running,Running,38.1,#c7c0e8
ngp2|2026-05-31|day,ngp2,10:00,foil,Foil,14.5,#e9c46a
ngp2|2026-05-31|day,ngp2,10:00,schubert,Schubert,3.8,#2a9d8f
ngp2|2026-05-31|day,ngp2,10:00,unattributed,Other,3.6,#b2bec3
ngp2|2026-05-31|day,ngp2,11:00,running,Running,15.0,#c7c0e8
ngp2|2026-05-31|day,ngp2,11:00,foil,Foil,43.5,#e9c46a
ngp2|2026-05-31|day,ngp2,11:00,manual,Manual,1.5,#636e72
ngp2|2026-05-31|day,ngp2,12:00,running,Running,31.8,#c7c0e8
ngp2|2026-05-31|day,ngp2,12:00,hydration,Hydration,1.0,#e76f51
ngp2|2026-05-31|day,ngp2,12:00,foil,Foil,14.2,#e9c46a
ngp2|2026-05-31|day,ngp2,12:00,schubert,Schubert,5.5,#2a9d8f
ngp2|2026-05-31|day,ngp2,12:00,manual,Manual,7.5,#636e72
ngp2|2026-05-31|day,ngp2,13:00,running,Running,30.8,#c7c0e8
ngp2|2026-05-31|day,ngp2,13:00,foil,Foil,27.5,#e9c46a
ngp2|2026-05-31|day,ngp2,13:00,unattributed,Other,1.7,#b2bec3
ngp2|2026-05-31|day,ngp2,14:00,running,Running,23.3,#c7c0e8
ngp2|2026-05-31|day,ngp2,14:00,hydration,Hydration,31.1,#e76f51
ngp2|2026-05-31|day,ngp2,14:00,foil,Foil,1.6,#e9c46a
ngp2|2026-05-31|day,ngp2,14:00,unattributed,Other,3.9,#b2bec3
ngp2|2026-05-31|day,ngp2,15:00,running,Running,42.9,#c7c0e8
ngp2|2026-05-31|day,ngp2,15:00,hydration,Hydration,10.6,#e76f51
ngp2|2026-05-31|day,ngp2,15:00,foil,Foil,4.8,#e9c46a
ngp2|2026-05-31|day,ngp2,15:00,schubert,Schubert,1.7,#2a9d8f
ngp2|2026-05-31|day,ngp2,16:00,running,Running,17.6,#c7c0e8
ngp2|2026-05-31|day,ngp2,16:00,foil,Foil,17.4,#e9c46a
ngp2|2026-05-31|day,ngp2,16:00,schubert,Schubert,10.2,#2a9d8f
ngp2|2026-05-31|day,ngp2,16:00,manual,Manual,14.8,#636e72
ngp2|2026-05-31|day,ngp2,17:00,running,Running,31.9,#c7c0e8
ngp2|2026-05-31|day,ngp2,17:00,foil,Foil,26.0,#e9c46a
ngp2|2026-05-31|day,ngp2,17:00,schubert,Schubert,0.7,#2a9d8f
ngp2|2026-05-31|day,ngp2,17:00,unattributed,Other,1.4,#b2bec3
ngp2|2026-05-31|day,ngp2,18:00,running,Running,36.1,#c7c0e8
ngp2|2026-05-31|day,ngp2,18:00,hydration,Hydration,2.6,#e76f51
ngp2|2026-05-31|day,ngp2,18:00,foil,Foil,2.5,#e9c46a
ngp2|2026-05-31|day,ngp2,18:00,schubert,Schubert,13.8,#2a9d8f
ngp2|2026-05-31|day,ngp2,18:00,manual,Manual,4.3,#636e72
ngp2|2026-05-31|day,ngp2,18:00,unattributed,Other,0.7,#b2bec3
ngp2|2026-05-31|night,ngp2,19:00,running,Running,42.7,#c7c0e8
ngp2|2026-05-31|night,ngp2,19:00,hydration,Hydration,2.1,#e76f51
ngp2|2026-05-31|night,ngp2,19:00,foil,Foil,4.3,#e9c46a
ngp2|2026-05-31|night,ngp2,19:00,schubert,Schubert,6.4,#2a9d8f
ngp2|2026-05-31|night,ngp2,19:00,unattributed,Other,4.5,#b2bec3
ngp2|2026-05-31|night,ngp2,20:00,running,Running,49.5,#c7c0e8
ngp2|2026-05-31|night,ngp2,20:00,foil,Foil,3.7,#e9c46a
ngp2|2026-05-31|night,ngp2,20:00,schubert,Schubert,5.9,#2a9d8f
ngp2|2026-05-31|night,ngp2,20:00,unattributed,Other,0.9,#b2bec3
ngp2|2026-05-31|night,ngp2,21:00,running,Running,30.4,#c7c0e8
ngp2|2026-05-31|night,ngp2,21:00,hydration,Hydration,1.8,#e76f51
ngp2|2026-05-31|night,ngp2,21:00,foil,Foil,25.5,#e9c46a
ngp2|2026-05-31|night,ngp2,21:00,unattributed,Other,2.3,#b2bec3
ngp2|2026-05-31|night,ngp2,22:00,running,Running,39.2,#c7c0e8
ngp2|2026-05-31|night,ngp2,22:00,hydration,Hydration,2.4,#e76f51
ngp2|2026-05-31|night,ngp2,22:00,foil,Foil,13.1,#e9c46a
ngp2|2026-05-31|night,ngp2,22:00,manual,Manual,3.7,#636e72
ngp2|2026-05-31|night,ngp2,22:00,unattributed,Other,1.6,#b2bec3
ngp2|2026-05-31|night,ngp2,23:00,running,Running,17.2,#c7c0e8
ngp2|2026-05-31|night,ngp2,23:00,hydration,Hydration,19.5,#e76f51
ngp2|2026-05-31|night,ngp2,23:00,foil,Foil,23.3,#e9c46a
ngp2|2026-05-31|night,ngp2,00:00,running,Running,45.8,#c7c0e8
ngp2|2026-05-31|night,ngp2,00:00,hydration,Hydration,4.1,#e76f51
ngp2|2026-05-31|night,ngp2,00:00,foil,Foil,5.6,#e9c46a
ngp2|2026-05-31|night,ngp2,00:00,schubert,Schubert,3.2,#2a9d8f
ngp2|2026-05-31|night,ngp2,00:00,unattributed,Other,1.3,#b2bec3
ngp2|2026-05-31|night,ngp2,01:00,running,Running,47.8,#c7c0e8
ngp2|2026-05-31|night,ngp2,01:00,foil,Foil,5.9,#e9c46a
ngp2|2026-05-31|night,ngp2,01:00,schubert,Schubert,4.6,#2a9d8f
ngp2|2026-05-31|night,ngp2,01:00,unattributed,Other,1.7,#b2bec3
ngp2|2026-05-31|night,ngp2,02:00,running,Running,31.0,#c7c0e8
ngp2|2026-05-31|night,ngp2,02:00,foil,Foil,18.0,#e9c46a
ngp2|2026-05-31|night,ngp2,02:00,manual,Manual,7.4,#636e72
ngp2|2026-05-31|night,ngp2,02:00,unattributed,Other,3.6,#b2bec3
ngp2|2026-05-31|night,ngp2,03:00,running,Running,37.2,#c7c0e8
ngp2|2026-05-31|night,ngp2,03:00,foil,Foil,18.7,#e9c46a
ngp2|2026-05-31|night,ngp2,03:00,schubert,Schubert,2.6,#2a9d8f
ngp2|2026-05-31|night,ngp2,03:00,unattributed,Other,1.5,#b2bec3
ngp2|2026-05-31|night,ngp2,04:00,running,Running,51.2,#c7c0e8
ngp2|2026-05-31|night,ngp2,04:00,hydration,Hydration,1.4,#e76f51
ngp2|2026-05-31|night,ngp2,04:00,foil,Foil,5.8,#e9c46a
ngp2|2026-05-31|night,ngp2,04:00,schubert,Schubert,1.6,#2a9d8f
ngp2|2026-05-31|night,ngp2,05:00,running,Running,45.4,#c7c0e8
ngp2|2026-05-31|night,ngp2,05:00,foil,Foil,5.8,#e9c46a
ngp2|2026-05-31|night,ngp2,05:00,schubert,Schubert,7.2,#2a9d8f
ngp2|2026-05-31|night,ngp2,05:00,unattributed,Other,1.6,#b2bec3
ngp2|2026-05-31|night,ngp2,06:00,running,Running,35.2,#c7c0e8
ngp2|2026-05-31|night,ngp2,06:00,hydration,Hydration,15.8,#e76f51
ngp2|2026-05-31|night,ngp2,06:00,foil,Foil,3.9,#e9c46a
ngp2|2026-05-31|night,ngp2,06:00,schubert,Schubert,5.1,#2a9d8f
ngp2|2026-06-01|day,ngp2,07:00,running,Running,41.9,#c7c0e8
ngp2|2026-06-01|day,ngp2,07:00,hydration,Hydration,3.8,#e76f51
ngp2|2026-06-01|day,ngp2,07:00,foil,Foil,3.5,#e9c46a
ngp2|2026-06-01|day,ngp2,07:00,schubert,Schubert,5.4,#2a9d8f
ngp2|2026-06-01|day,ngp2,07:00,manual,Manual,3.6,#636e72
ngp2|2026-06-01|day,ngp2,07:00,unattributed,Other,1.9,#b2bec3
ngp2|2026-06-01|day,ngp2,08:00,running,Running,37.7,#c7c0e8
ngp2|2026-06-01|day,ngp2,08:00,foil,Foil,11.4,#e9c46a
ngp2|2026-06-01|day,ngp2,08:00,schubert,Schubert,10.9,#2a9d8f
ngp2|2026-06-01|day,ngp2,09:00,running,Running,36.4,#c7c0e8
ngp2|2026-06-01|day,ngp2,09:00,hydration,Hydration,2.5,#e76f51
ngp2|2026-06-01|day,ngp2,09:00,foil,Foil,7.8,#e9c46a
ngp2|2026-06-01|day,ngp2,09:00,schubert,Schubert,13.3,#2a9d8f
ngp2|2026-06-01|day,ngp2,10:00,running,Running,45.3,#c7c0e8
ngp2|2026-06-01|day,ngp2,10:00,hydration,Hydration,2.7,#e76f51
ngp2|2026-06-01|day,ngp2,10:00,foil,Foil,10.3,#e9c46a
ngp2|2026-06-01|day,ngp2,10:00,schubert,Schubert,0.7,#2a9d8f
ngp2|2026-06-01|day,ngp2,10:00,manual,Manual,1.0,#636e72
ngp2|2026-06-01|day,ngp2,11:00,running,Running,30.1,#c7c0e8
ngp2|2026-06-01|day,ngp2,11:00,hydration,Hydration,1.0,#e76f51
ngp2|2026-06-01|day,ngp2,11:00,manual,Manual,7.9,#636e72
ngp2|2026-06-01|day,ngp2,11:00,unattributed,Other,21.0,#b2bec3
ngp2|2026-06-01|day,ngp2,12:00,running,Running,28.4,#c7c0e8
ngp2|2026-06-01|day,ngp2,12:00,hydration,Hydration,4.8,#e76f51
ngp2|2026-06-01|day,ngp2,12:00,foil,Foil,2.8,#e9c46a
ngp2|2026-06-01|day,ngp2,12:00,manual,Manual,23.9,#636e72
ngp2|2026-06-01|day,ngp2,13:00,running,Running,36.8,#c7c0e8
ngp2|2026-06-01|day,ngp2,13:00,foil,Foil,15.7,#e9c46a
ngp2|2026-06-01|day,ngp2,13:00,schubert,Schubert,0.7,#2a9d8f
ngp2|2026-06-01|day,ngp2,13:00,unattributed,Other,6.9,#b2bec3
ngp2|2026-06-01|day,ngp2,14:00,running,Running,41.2,#c7c0e8
ngp2|2026-06-01|day,ngp2,14:00,hydration,Hydration,6.8,#e76f51
ngp2|2026-06-01|day,ngp2,14:00,foil,Foil,5.3,#e9c46a
ngp2|2026-06-01|day,ngp2,14:00,schubert,Schubert,4.4,#2a9d8f
ngp2|2026-06-01|day,ngp2,14:00,manual,Manual,2.3,#636e72
ngp2|2026-06-01|day,ngp2,15:00,running,Running,35.3,#c7c0e8
ngp2|2026-06-01|day,ngp2,15:00,hydration,Hydration,11.4,#e76f51
ngp2|2026-06-01|day,ngp2,15:00,foil,Foil,7.1,#e9c46a
ngp2|2026-06-01|day,ngp2,15:00,schubert,Schubert,3.4,#2a9d8f
ngp2|2026-06-01|day,ngp2,15:00,unattributed,Other,2.8,#b2bec3
ngp2|2026-06-01|day,ngp2,16:00,running,Running,46.4,#c7c0e8
ngp2|2026-06-01|day,ngp2,16:00,hydration,Hydration,8.3,#e76f51
ngp2|2026-06-01|day,ngp2,16:00,foil,Foil,5.2,#e9c46a
ngp2|2026-06-01|day,ngp2,17:00,running,Running,35.5,#c7c0e8
ngp2|2026-06-01|day,ngp2,17:00,hydration,Hydration,9.2,#e76f51
ngp2|2026-06-01|day,ngp2,17:00,foil,Foil,7.9,#e9c46a
ngp2|2026-06-01|day,ngp2,17:00,schubert,Schubert,2.8,#2a9d8f
ngp2|2026-06-01|day,ngp2,17:00,unattributed,Other,4.6,#b2bec3
ngp2|2026-06-01|day,ngp2,18:00,running,Running,34.2,#c7c0e8
ngp2|2026-06-01|day,ngp2,18:00,hydration,Hydration,7.5,#e76f51
ngp2|2026-06-01|day,ngp2,18:00,foil,Foil,11.7,#e9c46a
ngp2|2026-06-01|day,ngp2,18:00,schubert,Schubert,6.6,#2a9d8f
ngp2|2026-06-01|night,ngp2,19:00,running,Running,38.5,#c7c0e8
ngp2|2026-06-01|night,ngp2,19:00,hydration,Hydration,2.9,#e76f51
ngp2|2026-06-01|night,ngp2,19:00,foil,Foil,3.1,#e9c46a
ngp2|2026-06-01|night,ngp2,19:00,schubert,Schubert,14.1,#2a9d8f
ngp2|2026-06-01|night,ngp2,19:00,unattributed,Other,1.4,#b2bec3
ngp2|2026-06-01|night,ngp2,20:00,running,Running,37.7,#c7c0e8
ngp2|2026-06-01|night,ngp2,20:00,hydration,Hydration,5.2,#e76f51
ngp2|2026-06-01|night,ngp2,20:00,foil,Foil,5.0,#e9c46a
ngp2|2026-06-01|night,ngp2,20:00,schubert,Schubert,12.1,#2a9d8f
ngp2|2026-06-01|night,ngp2,21:00,running,Running,6.6,#c7c0e8
ngp2|2026-06-01|night,ngp2,21:00,hydration,Hydration,48.7,#e76f51
ngp2|2026-06-01|night,ngp2,21:00,foil,Foil,1.1,#e9c46a
ngp2|2026-06-01|night,ngp2,21:00,schubert,Schubert,3.7,#2a9d8f
ngp2|2026-06-01|night,ngp2,22:00,running,Running,0.0,#c7c0e8
ngp2|2026-06-01|night,ngp2,22:00,hydration,Hydration,60.0,#e76f51
ngp2|2026-06-01|night,ngp2,23:00,running,Running,18.0,#c7c0e8
ngp2|2026-06-01|night,ngp2,23:00,hydration,Hydration,33.0,#e76f51
ngp2|2026-06-01|night,ngp2,23:00,foil,Foil,6.8,#e9c46a
ngp2|2026-06-01|night,ngp2,23:00,schubert,Schubert,2.2,#2a9d8f
ngp2|2026-06-01|night,ngp2,00:00,running,Running,37.8,#c7c0e8
ngp2|2026-06-01|night,ngp2,00:00,hydration,Hydration,6.7,#e76f51
ngp2|2026-06-01|night,ngp2,00:00,foil,Foil,15.5,#e9c46a
ngp2|2026-06-01|night,ngp2,01:00,running,Running,48.8,#c7c0e8
ngp2|2026-06-01|night,ngp2,01:00,foil,Foil,6.1,#e9c46a
ngp2|2026-06-01|night,ngp2,01:00,schubert,Schubert,5.2,#2a9d8f
ngp2|2026-06-01|night,ngp2,02:00,running,Running,38.7,#c7c0e8
ngp2|2026-06-01|night,ngp2,02:00,hydration,Hydration,1.4,#e76f51
ngp2|2026-06-01|night,ngp2,02:00,foil,Foil,9.0,#e9c46a
ngp2|2026-06-01|night,ngp2,02:00,schubert,Schubert,7.7,#2a9d8f
ngp2|2026-06-01|night,ngp2,02:00,unattributed,Other,3.3,#b2bec3
ngp2|2026-06-01|night,ngp2,03:00,running,Running,42.5,#c7c0e8
ngp2|2026-06-01|night,ngp2,03:00,hydration,Hydration,3.9,#e76f51
ngp2|2026-06-01|night,ngp2,03:00,foil,Foil,9.3,#e9c46a
ngp2|2026-06-01|night,ngp2,03:00,schubert,Schubert,4.4,#2a9d8f
ngp2|2026-06-01|night,ngp2,04:00,running,Running,45.4,#c7c0e8
ngp2|2026-06-01|night,ngp2,04:00,hydration,Hydration,4.3,#e76f51
ngp2|2026-06-01|night,ngp2,04:00,foil,Foil,10.3,#e9c46a
ngp2|2026-06-01|night,ngp2,05:00,running,Running,50.9,#c7c0e8
ngp2|2026-06-01|night,ngp2,05:00,hydration,Hydration,3.1,#e76f51
ngp2|2026-06-01|night,ngp2,05:00,schubert,Schubert,4.3,#2a9d8f
ngp2|2026-06-01|night,ngp2,05:00,unattributed,Other,1.7,#b2bec3
ngp2|2026-06-01|night,ngp2,06:00,running,Running,39.9,#c7c0e8
ngp2|2026-06-01|night,ngp2,06:00,hydration,Hydration,10.5,#e76f51
ngp2|2026-06-01|night,ngp2,06:00,foil,Foil,5.8,#e9c46a
ngp2|2026-06-01|night,ngp2,06:00,schubert,Schubert,3.8,#2a9d8f
ngp2|2026-06-01|night,ngp2,06:00,manual,Manual,0.1,#636e72
ngp2|2026-06-02|day,ngp2,07:00,running,Running,46.5,#c7c0e8
ngp2|2026-06-02|day,ngp2,07:00,hydration,Hydration,1.3,#e76f51
ngp2|2026-06-02|day,ngp2,07:00,foil,Foil,5.1,#e9c46a
ngp2|2026-06-02|day,ngp2,07:00,schubert,Schubert,3.0,#2a9d8f
ngp2|2026-06-02|day,ngp2,07:00,manual,Manual,3.2,#636e72
ngp2|2026-06-02|day,ngp2,07:00,unattributed,Other,0.9,#b2bec3
ngp2|2026-06-02|day,ngp2,08:00,running,Running,42.5,#c7c0e8
ngp2|2026-06-02|day,ngp2,08:00,hydration,Hydration,5.3,#e76f51
ngp2|2026-06-02|day,ngp2,08:00,foil,Foil,1.2,#e9c46a
ngp2|2026-06-02|day,ngp2,08:00,schubert,Schubert,11.0,#2a9d8f
ngp2|2026-06-02|day,ngp2,09:00,running,Running,33.7,#c7c0e8
ngp2|2026-06-02|day,ngp2,09:00,hydration,Hydration,7.7,#e76f51
ngp2|2026-06-02|day,ngp2,09:00,foil,Foil,16.9,#e9c46a
ngp2|2026-06-02|day,ngp2,09:00,schubert,Schubert,1.8,#2a9d8f
ngp2|2026-06-02|day,ngp2,10:00,running,Running,45.7,#c7c0e8
ngp2|2026-06-02|day,ngp2,10:00,hydration,Hydration,6.9,#e76f51
ngp2|2026-06-02|day,ngp2,10:00,foil,Foil,6.5,#e9c46a
ngp2|2026-06-02|day,ngp2,10:00,unattributed,Other,0.9,#b2bec3
ngp2|2026-06-02|day,ngp2,11:00,running,Running,39.9,#c7c0e8
ngp2|2026-06-02|day,ngp2,11:00,hydration,Hydration,7.5,#e76f51
ngp2|2026-06-02|day,ngp2,11:00,foil,Foil,9.3,#e9c46a
ngp2|2026-06-02|day,ngp2,11:00,unattributed,Other,3.3,#b2bec3
ngp2|2026-06-02|day,ngp2,12:00,running,Running,46.0,#c7c0e8
ngp2|2026-06-02|day,ngp2,12:00,hydration,Hydration,1.3,#e76f51
ngp2|2026-06-02|day,ngp2,12:00,foil,Foil,12.7,#e9c46a
ngp2|2026-06-02|day,ngp2,13:00,running,Running,17.8,#c7c0e8
ngp2|2026-06-02|day,ngp2,13:00,hydration,Hydration,38.1,#e76f51
ngp2|2026-06-02|day,ngp2,13:00,foil,Foil,0.8,#e9c46a
ngp2|2026-06-02|day,ngp2,13:00,schubert,Schubert,3.4,#2a9d8f
ngp2|2026-06-02|day,ngp2,14:00,running,Running,37.2,#c7c0e8
ngp2|2026-06-02|day,ngp2,14:00,hydration,Hydration,10.7,#e76f51
ngp2|2026-06-02|day,ngp2,14:00,foil,Foil,0.6,#e9c46a
ngp2|2026-06-02|day,ngp2,14:00,schubert,Schubert,4.5,#2a9d8f
ngp2|2026-06-02|day,ngp2,14:00,manual,Manual,7.0,#636e72
ngp2|2026-06-02|day,ngp2,15:00,running,Running,37.2,#c7c0e8
ngp2|2026-06-02|day,ngp2,15:00,hydration,Hydration,11.4,#e76f51
ngp2|2026-06-02|day,ngp2,15:00,foil,Foil,7.1,#e9c46a
ngp2|2026-06-02|day,ngp2,15:00,schubert,Schubert,4.2,#2a9d8f
ngp2|2026-06-02|day,ngp2,16:00,running,Running,39.3,#c7c0e8
ngp2|2026-06-02|day,ngp2,16:00,hydration,Hydration,7.2,#e76f51
ngp2|2026-06-02|day,ngp2,16:00,foil,Foil,12.2,#e9c46a
ngp2|2026-06-02|day,ngp2,16:00,schubert,Schubert,1.3,#2a9d8f
ngp2|2026-06-02|day,ngp2,17:00,running,Running,45.2,#c7c0e8
ngp2|2026-06-02|day,ngp2,17:00,hydration,Hydration,2.9,#e76f51
ngp2|2026-06-02|day,ngp2,17:00,foil,Foil,12.0,#e9c46a
ngp2|2026-06-02|day,ngp2,18:00,running,Running,20.2,#c7c0e8
ngp2|2026-06-02|day,ngp2,18:00,hydration,Hydration,15.8,#e76f51
ngp2|2026-06-02|day,ngp2,18:00,foil,Foil,13.5,#e9c46a
ngp2|2026-06-02|day,ngp2,18:00,schubert,Schubert,6.9,#2a9d8f
ngp2|2026-06-02|day,ngp2,18:00,manual,Manual,3.7,#636e72
ngp2|2026-06-02|night,ngp2,19:00,running,Running,42.0,#c7c0e8
ngp2|2026-06-02|night,ngp2,19:00,hydration,Hydration,1.9,#e76f51
ngp2|2026-06-02|night,ngp2,19:00,foil,Foil,9.0,#e9c46a
ngp2|2026-06-02|night,ngp2,19:00,schubert,Schubert,5.3,#2a9d8f
ngp2|2026-06-02|night,ngp2,19:00,unattributed,Other,1.8,#b2bec3
ngp2|2026-06-02|night,ngp2,20:00,running,Running,35.2,#c7c0e8
ngp2|2026-06-02|night,ngp2,20:00,hydration,Hydration,10.5,#e76f51
ngp2|2026-06-02|night,ngp2,20:00,schubert,Schubert,14.3,#2a9d8f
ngp2|2026-06-02|night,ngp2,21:00,running,Running,30.1,#c7c0e8
ngp2|2026-06-02|night,ngp2,21:00,foil,Foil,15.6,#e9c46a
ngp2|2026-06-02|night,ngp2,21:00,schubert,Schubert,12.9,#2a9d8f
ngp2|2026-06-02|night,ngp2,21:00,unattributed,Other,1.4,#b2bec3
ngp2|2026-06-02|night,ngp2,22:00,running,Running,40.8,#c7c0e8
ngp2|2026-06-02|night,ngp2,22:00,hydration,Hydration,7.7,#e76f51
ngp2|2026-06-02|night,ngp2,22:00,foil,Foil,10.0,#e9c46a
ngp2|2026-06-02|night,ngp2,22:00,schubert,Schubert,1.5,#2a9d8f
ngp2|2026-06-02|night,ngp2,23:00,running,Running,47.6,#c7c0e8
ngp2|2026-06-02|night,ngp2,23:00,hydration,Hydration,1.5,#e76f51
ngp2|2026-06-02|night,ngp2,23:00,foil,Foil,7.6,#e9c46a
ngp2|2026-06-02|night,ngp2,23:00,schubert,Schubert,1.6,#2a9d8f
ngp2|2026-06-02|night,ngp2,23:00,manual,Manual,1.8,#636e72
ngp2|2026-06-02|night,ngp2,00:00,running,Running,33.8,#c7c0e8
ngp2|2026-06-02|night,ngp2,00:00,hydration,Hydration,1.1,#e76f51
ngp2|2026-06-02|night,ngp2,00:00,foil,Foil,25.1,#e9c46a
ngp2|2026-06-02|night,ngp2,01:00,running,Running,37.0,#c7c0e8
ngp2|2026-06-02|night,ngp2,01:00,hydration,Hydration,6.5,#e76f51
ngp2|2026-06-02|night,ngp2,01:00,foil,Foil,16.6,#e9c46a
ngp2|2026-06-02|night,ngp2,02:00,running,Running,38.9,#c7c0e8
ngp2|2026-06-02|night,ngp2,02:00,hydration,Hydration,8.6,#e76f51
ngp2|2026-06-02|night,ngp2,02:00,foil,Foil,9.0,#e9c46a
ngp2|2026-06-02|night,ngp2,02:00,schubert,Schubert,3.5,#2a9d8f
ngp2|2026-06-02|night,ngp2,03:00,running,Running,36.6,#c7c0e8
ngp2|2026-06-02|night,ngp2,03:00,hydration,Hydration,4.3,#e76f51
ngp2|2026-06-02|night,ngp2,03:00,foil,Foil,11.5,#e9c46a
ngp2|2026-06-02|night,ngp2,03:00,schubert,Schubert,6.9,#2a9d8f
ngp2|2026-06-02|night,ngp2,03:00,unattributed,Other,0.7,#b2bec3
ngp2|2026-06-02|night,ngp2,04:00,running,Running,31.7,#c7c0e8
ngp2|2026-06-02|night,ngp2,04:00,hydration,Hydration,3.2,#e76f51
ngp2|2026-06-02|night,ngp2,04:00,foil,Foil,17.0,#e9c46a
ngp2|2026-06-02|night,ngp2,04:00,schubert,Schubert,3.7,#2a9d8f
ngp2|2026-06-02|night,ngp2,04:00,unattributed,Other,4.4,#b2bec3
ngp2|2026-06-02|night,ngp2,05:00,running,Running,40.2,#c7c0e8
ngp2|2026-06-02|night,ngp2,05:00,hydration,Hydration,4.1,#e76f51
ngp2|2026-06-02|night,ngp2,05:00,foil,Foil,11.5,#e9c46a
ngp2|2026-06-02|night,ngp2,05:00,schubert,Schubert,2.4,#2a9d8f
ngp2|2026-06-02|night,ngp2,05:00,manual,Manual,1.8,#636e72
ngp2|2026-06-02|night,ngp2,06:00,running,Running,26.6,#c7c0e8
ngp2|2026-06-02|night,ngp2,06:00,hydration,Hydration,14.8,#e76f51
ngp2|2026-06-02|night,ngp2,06:00,foil,Foil,16.7,#e9c46a
ngp2|2026-06-02|night,ngp2,06:00,schubert,Schubert,1.9,#2a9d8f
ngp2|2026-06-03|day,ngp2,07:00,running,Running,22.5,#c7c0e8
ngp2|2026-06-03|day,ngp2,07:00,hydration,Hydration,11.7,#e76f51
ngp2|2026-06-03|day,ngp2,07:00,foil,Foil,15.1,#e9c46a
ngp2|2026-06-03|day,ngp2,07:00,schubert,Schubert,5.9,#2a9d8f
ngp2|2026-06-03|day,ngp2,07:00,manual,Manual,4.9,#636e72
ngp2|2026-06-03|day,ngp2,08:00,running,Running,34.2,#c7c0e8
ngp2|2026-06-03|day,ngp2,08:00,hydration,Hydration,14.2,#e76f51
ngp2|2026-06-03|day,ngp2,08:00,foil,Foil,7.7,#e9c46a
ngp2|2026-06-03|day,ngp2,08:00,schubert,Schubert,3.8,#2a9d8f
ngp2|2026-06-03|day,ngp2,09:00,running,Running,50.6,#c7c0e8
ngp2|2026-06-03|day,ngp2,09:00,hydration,Hydration,1.7,#e76f51
ngp2|2026-06-03|day,ngp2,09:00,foil,Foil,6.9,#e9c46a
ngp2|2026-06-03|day,ngp2,09:00,schubert,Schubert,0.7,#2a9d8f
ngp2|2026-06-03|day,ngp2,10:00,running,Running,36.5,#c7c0e8
ngp2|2026-06-03|day,ngp2,10:00,foil,Foil,20.2,#e9c46a
ngp2|2026-06-03|day,ngp2,10:00,schubert,Schubert,3.3,#2a9d8f
ngp2|2026-06-03|day,ngp2,11:00,running,Running,41.5,#c7c0e8
ngp2|2026-06-03|day,ngp2,11:00,hydration,Hydration,4.5,#e76f51
ngp2|2026-06-03|day,ngp2,11:00,foil,Foil,8.4,#e9c46a
ngp2|2026-06-03|day,ngp2,11:00,schubert,Schubert,2.8,#2a9d8f
ngp2|2026-06-03|day,ngp2,11:00,unattributed,Other,2.8,#b2bec3
ngp2|2026-06-03|day,ngp2,12:00,running,Running,42.7,#c7c0e8
ngp2|2026-06-03|day,ngp2,12:00,foil,Foil,7.8,#e9c46a
ngp2|2026-06-03|day,ngp2,12:00,schubert,Schubert,9.5,#2a9d8f
ngp2|2026-06-03|day,ngp2,13:00,running,Running,52.5,#c7c0e8
ngp2|2026-06-03|day,ngp2,13:00,hydration,Hydration,1.3,#e76f51
ngp2|2026-06-03|day,ngp2,13:00,foil,Foil,3.2,#e9c46a
ngp2|2026-06-03|day,ngp2,13:00,schubert,Schubert,2.3,#2a9d8f
ngp2|2026-06-03|day,ngp2,13:00,unattributed,Other,0.7,#b2bec3
ngp2|2026-06-03|day,ngp2,14:00,running,Running,45.6,#c7c0e8
ngp2|2026-06-03|day,ngp2,14:00,hydration,Hydration,5.0,#e76f51
ngp2|2026-06-03|day,ngp2,14:00,schubert,Schubert,6.8,#2a9d8f
ngp2|2026-06-03|day,ngp2,14:00,unattributed,Other,2.6,#b2bec3
ngp2|2026-06-03|day,ngp2,15:00,running,Running,30.2,#c7c0e8
ngp2|2026-06-03|day,ngp2,15:00,foil,Foil,15.2,#e9c46a
ngp2|2026-06-03|day,ngp2,15:00,schubert,Schubert,10.7,#2a9d8f
ngp2|2026-06-03|day,ngp2,15:00,unattributed,Other,3.9,#b2bec3
ngp2|2026-06-03|day,ngp2,16:00,running,Running,35.2,#c7c0e8
ngp2|2026-06-03|day,ngp2,16:00,foil,Foil,21.4,#e9c46a
ngp2|2026-06-03|day,ngp2,16:00,manual,Manual,3.5,#636e72
ngp2|2026-06-03|day,ngp2,17:00,running,Running,50.3,#c7c0e8
ngp2|2026-06-03|day,ngp2,17:00,hydration,Hydration,3.2,#e76f51
ngp2|2026-06-03|day,ngp2,17:00,foil,Foil,2.9,#e9c46a
ngp2|2026-06-03|day,ngp2,17:00,unattributed,Other,3.5,#b2bec3
ngp2|2026-06-03|day,ngp2,18:00,running,Running,37.6,#c7c0e8
ngp2|2026-06-03|day,ngp2,18:00,hydration,Hydration,1.0,#e76f51
ngp2|2026-06-03|day,ngp2,18:00,foil,Foil,10.0,#e9c46a
ngp2|2026-06-03|day,ngp2,18:00,schubert,Schubert,11.4,#2a9d8f
ngp2|2026-06-03|night,ngp2,19:00,running,Running,37.1,#c7c0e8
ngp2|2026-06-03|night,ngp2,19:00,hydration,Hydration,1.6,#e76f51
ngp2|2026-06-03|night,ngp2,19:00,foil,Foil,19.8,#e9c46a
ngp2|2026-06-03|night,ngp2,19:00,schubert,Schubert,1.6,#2a9d8f
ngp2|2026-06-03|night,ngp2,20:00,running,Running,41.8,#c7c0e8
ngp2|2026-06-03|night,ngp2,20:00,foil,Foil,15.7,#e9c46a
ngp2|2026-06-03|night,ngp2,20:00,schubert,Schubert,1.5,#2a9d8f
ngp2|2026-06-03|night,ngp2,20:00,unattributed,Other,0.9,#b2bec3
ngp2|2026-06-03|night,ngp2,21:00,running,Running,39.3,#c7c0e8
ngp2|2026-06-03|night,ngp2,21:00,hydration,Hydration,5.5,#e76f51
ngp2|2026-06-03|night,ngp2,21:00,foil,Foil,15.3,#e9c46a
ngp2|2026-06-03|night,ngp2,22:00,running,Running,39.6,#c7c0e8
ngp2|2026-06-03|night,ngp2,22:00,hydration,Hydration,16.1,#e76f51
ngp2|2026-06-03|night,ngp2,22:00,foil,Foil,4.3,#e9c46a
ngp2|2026-06-03|night,ngp2,23:00,running,Running,55.2,#c7c0e8
ngp2|2026-06-03|night,ngp2,23:00,hydration,Hydration,1.1,#e76f51
ngp2|2026-06-03|night,ngp2,23:00,foil,Foil,1.5,#e9c46a
ngp2|2026-06-03|night,ngp2,23:00,schubert,Schubert,2.2,#2a9d8f
ngp2|2026-06-03|night,ngp2,00:00,running,Running,30.5,#c7c0e8
ngp2|2026-06-03|night,ngp2,00:00,hydration,Hydration,3.9,#e76f51
ngp2|2026-06-03|night,ngp2,00:00,foil,Foil,24.0,#e9c46a
ngp2|2026-06-03|night,ngp2,00:00,schubert,Schubert,1.6,#2a9d8f
ngp2|2026-06-03|night,ngp2,01:00,running,Running,42.3,#c7c0e8
ngp2|2026-06-03|night,ngp2,01:00,hydration,Hydration,2.3,#e76f51
ngp2|2026-06-03|night,ngp2,01:00,foil,Foil,5.0,#e9c46a
ngp2|2026-06-03|night,ngp2,01:00,schubert,Schubert,7.9,#2a9d8f
ngp2|2026-06-03|night,ngp2,01:00,unattributed,Other,2.5,#b2bec3
ngp2|2026-06-03|night,ngp2,02:00,running,Running,31.2,#c7c0e8
ngp2|2026-06-03|night,ngp2,02:00,hydration,Hydration,2.8,#e76f51
ngp2|2026-06-03|night,ngp2,02:00,foil,Foil,6.1,#e9c46a
ngp2|2026-06-03|night,ngp2,02:00,schubert,Schubert,19.9,#2a9d8f
ngp2|2026-06-03|night,ngp2,03:00,running,Running,30.0,#c7c0e8
ngp2|2026-06-03|night,ngp2,03:00,hydration,Hydration,3.5,#e76f51
ngp2|2026-06-03|night,ngp2,03:00,foil,Foil,5.4,#e9c46a
ngp2|2026-06-03|night,ngp2,03:00,schubert,Schubert,2.5,#2a9d8f
ngp2|2026-06-03|night,ngp2,03:00,manual,Manual,18.6,#636e72
ngp2|2026-06-03|night,ngp2,04:00,running,Running,27.5,#c7c0e8
ngp2|2026-06-03|night,ngp2,04:00,foil,Foil,5.0,#e9c46a
ngp2|2026-06-03|night,ngp2,04:00,schubert,Schubert,2.3,#2a9d8f
ngp2|2026-06-03|night,ngp2,04:00,manual,Manual,25.2,#636e72
ngp2|2026-06-03|night,ngp2,05:00,running,Running,44.3,#c7c0e8
ngp2|2026-06-03|night,ngp2,05:00,hydration,Hydration,3.3,#e76f51
ngp2|2026-06-03|night,ngp2,05:00,foil,Foil,11.0,#e9c46a
ngp2|2026-06-03|night,ngp2,05:00,schubert,Schubert,1.4,#2a9d8f
ngp2|2026-06-03|night,ngp2,06:00,running,Running,36.6,#c7c0e8
ngp2|2026-06-03|night,ngp2,06:00,hydration,Hydration,12.1,#e76f51
ngp2|2026-06-03|night,ngp2,06:00,foil,Foil,8.6,#e9c46a
ngp2|2026-06-03|night,ngp2,06:00,manual,Manual,2.6,#636e72
ngp2|2026-06-04|day,ngp2,07:00,running,Running,28.3,#c7c0e8
ngp2|2026-06-04|day,ngp2,07:00,hydration,Hydration,22.8,#e76f51
ngp2|2026-06-04|day,ngp2,07:00,foil,Foil,7.0,#e9c46a
ngp2|2026-06-04|day,ngp2,07:00,unattributed,Other,1.9,#b2bec3
ngp2|2026-06-04|day,ngp2,08:00,running,Running,38.4,#c7c0e8
ngp2|2026-06-04|day,ngp2,08:00,hydration,Hydration,6.3,#e76f51
ngp2|2026-06-04|day,ngp2,08:00,foil,Foil,12.3,#e9c46a
ngp2|2026-06-04|day,ngp2,08:00,schubert,Schubert,3.0,#2a9d8f
ngp2|2026-06-04|day,ngp2,09:00,running,Running,15.1,#c7c0e8
ngp2|2026-06-04|day,ngp2,09:00,hydration,Hydration,3.4,#e76f51
ngp2|2026-06-04|day,ngp2,09:00,foil,Foil,24.4,#e9c46a
ngp2|2026-06-04|day,ngp2,09:00,schubert,Schubert,0.7,#2a9d8f
ngp2|2026-06-04|day,ngp2,09:00,manual,Manual,16.3,#636e72
ngp2|2026-06-04|day,ngp2,10:00,running,Running,47.1,#c7c0e8
ngp2|2026-06-04|day,ngp2,10:00,hydration,Hydration,2.8,#e76f51
ngp2|2026-06-04|day,ngp2,10:00,schubert,Schubert,4.7,#2a9d8f
ngp2|2026-06-04|day,ngp2,10:00,unattributed,Other,5.3,#b2bec3
ngp2|2026-06-04|day,ngp2,11:00,running,Running,33.2,#c7c0e8
ngp2|2026-06-04|day,ngp2,11:00,hydration,Hydration,7.7,#e76f51
ngp2|2026-06-04|day,ngp2,11:00,foil,Foil,2.1,#e9c46a
ngp2|2026-06-04|day,ngp2,11:00,schubert,Schubert,2.8,#2a9d8f
ngp2|2026-06-04|day,ngp2,11:00,unattributed,Other,14.2,#b2bec3
ngp2|2026-06-04|day,ngp2,12:00,running,Running,34.9,#c7c0e8
ngp2|2026-06-04|day,ngp2,12:00,hydration,Hydration,16.8,#e76f51
ngp2|2026-06-04|day,ngp2,12:00,foil,Foil,6.1,#e9c46a
ngp2|2026-06-04|day,ngp2,12:00,schubert,Schubert,2.2,#2a9d8f
ngp2|2026-06-04|day,ngp2,13:00,running,Running,39.8,#c7c0e8
ngp2|2026-06-04|day,ngp2,13:00,hydration,Hydration,12.5,#e76f51
ngp2|2026-06-04|day,ngp2,13:00,foil,Foil,4.5,#e9c46a
ngp2|2026-06-04|day,ngp2,13:00,schubert,Schubert,3.2,#2a9d8f
ngp2|2026-06-04|day,ngp2,14:00,running,Running,48.3,#c7c0e8
ngp2|2026-06-04|day,ngp2,14:00,foil,Foil,9.8,#e9c46a
ngp2|2026-06-04|day,ngp2,14:00,schubert,Schubert,2.0,#2a9d8f
ngp2|2026-06-04|day,ngp2,15:00,running,Running,38.9,#c7c0e8
ngp2|2026-06-04|day,ngp2,15:00,schubert,Schubert,21.1,#2a9d8f
ngp2|2026-06-04|day,ngp2,16:00,running,Running,27.8,#c7c0e8
ngp2|2026-06-04|day,ngp2,16:00,hydration,Hydration,9.3,#e76f51
ngp2|2026-06-04|day,ngp2,16:00,foil,Foil,4.5,#e9c46a
ngp2|2026-06-04|day,ngp2,16:00,schubert,Schubert,18.4,#2a9d8f
ngp2|2026-06-04|day,ngp2,17:00,running,Running,26.6,#c7c0e8
ngp2|2026-06-04|day,ngp2,17:00,hydration,Hydration,7.1,#e76f51
ngp2|2026-06-04|day,ngp2,17:00,schubert,Schubert,26.3,#2a9d8f
ngp2|2026-06-04|day,ngp2,18:00,running,Running,36.8,#c7c0e8
ngp2|2026-06-04|day,ngp2,18:00,hydration,Hydration,5.9,#e76f51
ngp2|2026-06-04|day,ngp2,18:00,foil,Foil,2.6,#e9c46a
ngp2|2026-06-04|day,ngp2,18:00,schubert,Schubert,8.0,#2a9d8f
ngp2|2026-06-04|day,ngp2,18:00,unattributed,Other,6.7,#b2bec3
ngp2|2026-06-04|night,ngp2,19:00,running,Running,54.9,#c7c0e8
ngp2|2026-06-04|night,ngp2,19:00,hydration,Hydration,2.9,#e76f51
ngp2|2026-06-04|night,ngp2,19:00,foil,Foil,0.7,#e9c46a
ngp2|2026-06-04|night,ngp2,19:00,schubert,Schubert,1.5,#2a9d8f
ngp2|2026-06-04|night,ngp2,20:00,running,Running,46.6,#c7c0e8
ngp2|2026-06-04|night,ngp2,20:00,foil,Foil,12.4,#e9c46a
ngp2|2026-06-04|night,ngp2,20:00,schubert,Schubert,1.0,#2a9d8f
ngp2|2026-06-04|night,ngp2,21:00,running,Running,51.0,#c7c0e8
ngp2|2026-06-04|night,ngp2,21:00,hydration,Hydration,2.1,#e76f51
ngp2|2026-06-04|night,ngp2,21:00,foil,Foil,2.6,#e9c46a
ngp2|2026-06-04|night,ngp2,21:00,schubert,Schubert,2.9,#2a9d8f
ngp2|2026-06-04|night,ngp2,21:00,unattributed,Other,1.4,#b2bec3
ngp2|2026-06-04|night,ngp2,22:00,running,Running,51.9,#c7c0e8
ngp2|2026-06-04|night,ngp2,22:00,hydration,Hydration,1.0,#e76f51
ngp2|2026-06-04|night,ngp2,22:00,foil,Foil,5.6,#e9c46a
ngp2|2026-06-04|night,ngp2,22:00,schubert,Schubert,1.5,#2a9d8f
ngp2|2026-06-04|night,ngp2,23:00,running,Running,48.2,#c7c0e8
ngp2|2026-06-04|night,ngp2,23:00,hydration,Hydration,3.9,#e76f51
ngp2|2026-06-04|night,ngp2,23:00,foil,Foil,7.9,#e9c46a
ngp2|2026-06-04|night,ngp2,00:00,running,Running,44.0,#c7c0e8
ngp2|2026-06-04|night,ngp2,00:00,hydration,Hydration,9.6,#e76f51
ngp2|2026-06-04|night,ngp2,00:00,foil,Foil,1.8,#e9c46a
ngp2|2026-06-04|night,ngp2,00:00,schubert,Schubert,4.6,#2a9d8f
ngp2|2026-06-04|night,ngp2,01:00,running,Running,53.5,#c7c0e8
ngp2|2026-06-04|night,ngp2,01:00,hydration,Hydration,3.9,#e76f51
ngp2|2026-06-04|night,ngp2,01:00,foil,Foil,2.6,#e9c46a
ngp2|2026-06-04|night,ngp2,02:00,running,Running,49.6,#c7c0e8
ngp2|2026-06-04|night,ngp2,02:00,hydration,Hydration,1.7,#e76f51
ngp2|2026-06-04|night,ngp2,02:00,foil,Foil,4.2,#e9c46a
ngp2|2026-06-04|night,ngp2,02:00,schubert,Schubert,4.5,#2a9d8f
ngp2|2026-06-04|night,ngp2,03:00,running,Running,44.1,#c7c0e8
ngp2|2026-06-04|night,ngp2,03:00,hydration,Hydration,10.8,#e76f51
ngp2|2026-06-04|night,ngp2,03:00,foil,Foil,2.8,#e9c46a
ngp2|2026-06-04|night,ngp2,03:00,schubert,Schubert,2.3,#2a9d8f
ngp2|2026-06-04|night,ngp2,04:00,running,Running,46.8,#c7c0e8
ngp2|2026-06-04|night,ngp2,04:00,hydration,Hydration,3.9,#e76f51
ngp2|2026-06-04|night,ngp2,04:00,foil,Foil,8.0,#e9c46a
ngp2|2026-06-04|night,ngp2,04:00,schubert,Schubert,1.3,#2a9d8f
ngp2|2026-06-04|night,ngp2,05:00,running,Running,46.6,#c7c0e8
ngp2|2026-06-04|night,ngp2,05:00,hydration,Hydration,4.7,#e76f51
ngp2|2026-06-04|night,ngp2,05:00,foil,Foil,7.4,#e9c46a
ngp2|2026-06-04|night,ngp2,05:00,unattributed,Other,1.4,#b2bec3
ngp2|2026-06-04|night,ngp2,06:00,running,Running,37.4,#c7c0e8
ngp2|2026-06-04|night,ngp2,06:00,hydration,Hydration,17.0,#e76f51
ngp2|2026-06-04|night,ngp2,06:00,foil,Foil,5.3,#e9c46a
ngp2|2026-06-04|night,ngp2,06:00,manual,Manual,0.4,#636e72
ngp2|2026-06-13|day,ngp2,07:00,running,Running,0.0,#c7c0e8
ngp2|2026-06-13|day,ngp2,07:00,hydration,Hydration,60.0,#e76f51
ngp2|2026-06-13|day,ngp2,08:00,running,Running,0.0,#c7c0e8
ngp2|2026-06-13|day,ngp2,08:00,hydration,Hydration,60.0,#e76f51
ngp2|2026-06-13|day,ngp2,09:00,running,Running,0.0,#c7c0e8
ngp2|2026-06-13|day,ngp2,09:00,hydration,Hydration,60.0,#e76f51
ngp2|2026-06-13|day,ngp2,10:00,running,Running,28.1,#c7c0e8
ngp2|2026-06-13|day,ngp2,10:00,hydration,Hydration,25.4,#e76f51
ngp2|2026-06-13|day,ngp2,10:00,foil,Foil,5.1,#e9c46a
ngp2|2026-06-13|day,ngp2,10:00,schubert,Schubert,1.4,#2a9d8f
ngp2|2026-06-13|day,ngp2,11:00,running,Running,48.3,#c7c0e8
ngp2|2026-06-13|day,ngp2,11:00,hydration,Hydration,1.3,#e76f51
ngp2|2026-06-13|day,ngp2,11:00,foil,Foil,3.8,#e9c46a
ngp2|2026-06-13|day,ngp2,11:00,schubert,Schubert,6.6,#2a9d8f
ngp2|2026-06-13|day,ngp2,12:00,running,Running,0.6,#c7c0e8
ngp2|2026-06-13|day,ngp2,12:00,foil,Foil,59.4,#e9c46a
ngp2|2026-06-13|day,ngp2,13:00,running,Running,43.3,#c7c0e8
ngp2|2026-06-13|day,ngp2,13:00,hydration,Hydration,1.8,#e76f51
ngp2|2026-06-13|day,ngp2,13:00,foil,Foil,13.2,#e9c46a
ngp2|2026-06-13|day,ngp2,13:00,manual,Manual,1.6,#636e72
ngp2|2026-06-13|day,ngp2,14:00,running,Running,17.9,#c7c0e8
ngp2|2026-06-13|day,ngp2,14:00,foil,Foil,42.1,#e9c46a
ngp2|2026-06-13|day,ngp2,15:00,running,Running,31.0,#c7c0e8
ngp2|2026-06-13|day,ngp2,15:00,hydration,Hydration,7.8,#e76f51
ngp2|2026-06-13|day,ngp2,15:00,manual,Manual,1.8,#636e72
ngp2|2026-06-13|day,ngp2,15:00,unattributed,Other,19.4,#b2bec3
ngp2|2026-06-13|day,ngp2,16:00,running,Running,50.1,#c7c0e8
ngp2|2026-06-13|day,ngp2,16:00,hydration,Hydration,0.2,#e76f51
ngp2|2026-06-13|day,ngp2,16:00,foil,Foil,5.8,#e9c46a
ngp2|2026-06-13|day,ngp2,16:00,schubert,Schubert,2.1,#2a9d8f
ngp2|2026-06-13|day,ngp2,16:00,unattributed,Other,1.8,#b2bec3
ngp2|2026-06-13|day,ngp2,17:00,running,Running,37.4,#c7c0e8
ngp2|2026-06-13|day,ngp2,17:00,hydration,Hydration,12.6,#e76f51
ngp2|2026-06-13|day,ngp2,17:00,foil,Foil,10.0,#e9c46a
ngp2|2026-06-13|day,ngp2,18:00,running,Running,50.4,#c7c0e8
ngp2|2026-06-13|day,ngp2,18:00,hydration,Hydration,1.7,#e76f51
ngp2|2026-06-13|day,ngp2,18:00,foil,Foil,2.0,#e9c46a
ngp2|2026-06-13|day,ngp2,18:00,schubert,Schubert,4.5,#2a9d8f
ngp2|2026-06-13|day,ngp2,18:00,unattributed,Other,1.3,#b2bec3
ngp2|2026-06-13|night,ngp2,19:00,running,Running,30.8,#c7c0e8
ngp2|2026-06-13|night,ngp2,19:00,foil,Foil,20.7,#e9c46a
ngp2|2026-06-13|night,ngp2,19:00,schubert,Schubert,6.7,#2a9d8f
ngp2|2026-06-13|night,ngp2,19:00,unattributed,Other,1.8,#b2bec3
ngp2|2026-06-13|night,ngp2,20:00,running,Running,27.5,#c7c0e8
ngp2|2026-06-13|night,ngp2,20:00,hydration,Hydration,1.6,#e76f51
ngp2|2026-06-13|night,ngp2,20:00,foil,Foil,28.5,#e9c46a
ngp2|2026-06-13|night,ngp2,20:00,schubert,Schubert,2.4,#2a9d8f
ngp2|2026-06-13|night,ngp2,21:00,running,Running,27.8,#c7c0e8
ngp2|2026-06-13|night,ngp2,21:00,hydration,Hydration,1.1,#e76f51
ngp2|2026-06-13|night,ngp2,21:00,foil,Foil,21.8,#e9c46a
ngp2|2026-06-13|night,ngp2,21:00,manual,Manual,9.3,#636e72
ngp2|2026-06-13|night,ngp2,22:00,running,Running,6.0,#c7c0e8
ngp2|2026-06-13|night,ngp2,22:00,foil,Foil,20.9,#e9c46a
ngp2|2026-06-13|night,ngp2,22:00,manual,Manual,33.1,#636e72
ngp2|2026-06-13|night,ngp2,23:00,running,Running,39.7,#c7c0e8
ngp2|2026-06-13|night,ngp2,23:00,hydration,Hydration,4.7,#e76f51
ngp2|2026-06-13|night,ngp2,23:00,foil,Foil,8.8,#e9c46a
ngp2|2026-06-13|night,ngp2,23:00,schubert,Schubert,1.5,#2a9d8f
ngp2|2026-06-13|night,ngp2,23:00,unattributed,Other,5.3,#b2bec3
ngp2|2026-06-13|night,ngp2,00:00,running,Running,41.6,#c7c0e8
ngp2|2026-06-13|night,ngp2,00:00,hydration,Hydration,3.2,#e76f51
ngp2|2026-06-13|night,ngp2,00:00,foil,Foil,6.7,#e9c46a
ngp2|2026-06-13|night,ngp2,00:00,schubert,Schubert,4.4,#2a9d8f
ngp2|2026-06-13|night,ngp2,00:00,manual,Manual,0.6,#636e72
ngp2|2026-06-13|night,ngp2,00:00,unattributed,Other,3.6,#b2bec3
ngp2|2026-06-13|night,ngp2,01:00,running,Running,46.9,#c7c0e8
ngp2|2026-06-13|night,ngp2,01:00,foil,Foil,12.3,#e9c46a
ngp2|2026-06-13|night,ngp2,01:00,schubert,Schubert,0.7,#2a9d8f
ngp2|2026-06-13|night,ngp2,02:00,running,Running,48.3,#c7c0e8
ngp2|2026-06-13|night,ngp2,02:00,foil,Foil,6.1,#e9c46a
ngp2|2026-06-13|night,ngp2,02:00,schubert,Schubert,3.2,#2a9d8f
ngp2|2026-06-13|night,ngp2,02:00,unattributed,Other,2.4,#b2bec3
ngp2|2026-06-13|night,ngp2,03:00,running,Running,19.1,#c7c0e8
ngp2|2026-06-13|night,ngp2,03:00,foil,Foil,39.3,#e9c46a
ngp2|2026-06-13|night,ngp2,03:00,manual,Manual,1.6,#636e72
ngp2|2026-06-13|night,ngp2,04:00,running,Running,36.3,#c7c0e8
ngp2|2026-06-13|night,ngp2,04:00,hydration,Hydration,3.4,#e76f51
ngp2|2026-06-13|night,ngp2,04:00,foil,Foil,2.7,#e9c46a
ngp2|2026-06-13|night,ngp2,04:00,schubert,Schubert,17.5,#2a9d8f
ngp2|2026-06-13|night,ngp2,05:00,running,Running,28.6,#c7c0e8
ngp2|2026-06-13|night,ngp2,05:00,hydration,Hydration,2.2,#e76f51
ngp2|2026-06-13|night,ngp2,05:00,foil,Foil,29.1,#e9c46a
ngp2|2026-06-13|night,ngp2,06:00,running,Running,20.0,#c7c0e8
ngp2|2026-06-13|night,ngp2,06:00,hydration,Hydration,38.8,#e76f51
ngp2|2026-06-13|night,ngp2,06:00,foil,Foil,1.2,#e9c46a
ngp2|2026-06-14|day,ngp2,07:00,running,Running,7.9,#c7c0e8
ngp2|2026-06-14|day,ngp2,07:00,hydration,Hydration,50.0,#e76f51
ngp2|2026-06-14|day,ngp2,07:00,foil,Foil,1.4,#e9c46a
ngp2|2026-06-14|day,ngp2,07:00,manual,Manual,0.7,#636e72
ngp2|2026-06-14|day,ngp2,08:00,running,Running,9.3,#c7c0e8
ngp2|2026-06-14|day,ngp2,08:00,hydration,Hydration,42.1,#e76f51
ngp2|2026-06-14|day,ngp2,08:00,foil,Foil,8.6,#e9c46a
ngp2|2026-06-14|day,ngp2,09:00,running,Running,27.5,#c7c0e8
ngp2|2026-06-14|day,ngp2,09:00,hydration,Hydration,20.7,#e76f51
ngp2|2026-06-14|day,ngp2,09:00,foil,Foil,8.0,#e9c46a
ngp2|2026-06-14|day,ngp2,09:00,schubert,Schubert,1.1,#2a9d8f
ngp2|2026-06-14|day,ngp2,09:00,manual,Manual,2.8,#636e72
ngp2|2026-06-14|day,ngp2,10:00,running,Running,43.5,#c7c0e8
ngp2|2026-06-14|day,ngp2,10:00,hydration,Hydration,6.8,#e76f51
ngp2|2026-06-14|day,ngp2,10:00,foil,Foil,8.6,#e9c46a
ngp2|2026-06-14|day,ngp2,10:00,schubert,Schubert,1.2,#2a9d8f
ngp2|2026-06-14|day,ngp2,11:00,running,Running,33.7,#c7c0e8
ngp2|2026-06-14|day,ngp2,11:00,hydration,Hydration,1.2,#e76f51
ngp2|2026-06-14|day,ngp2,11:00,foil,Foil,13.5,#e9c46a
ngp2|2026-06-14|day,ngp2,11:00,manual,Manual,10.3,#636e72
ngp2|2026-06-14|day,ngp2,11:00,unattributed,Other,1.4,#b2bec3
ngp2|2026-06-14|day,ngp2,12:00,running,Running,34.4,#c7c0e8
ngp2|2026-06-14|day,ngp2,12:00,hydration,Hydration,2.9,#e76f51
ngp2|2026-06-14|day,ngp2,12:00,foil,Foil,17.4,#e9c46a
ngp2|2026-06-14|day,ngp2,12:00,schubert,Schubert,5.2,#2a9d8f
ngp2|2026-06-14|day,ngp2,13:00,running,Running,33.9,#c7c0e8
ngp2|2026-06-14|day,ngp2,13:00,hydration,Hydration,10.2,#e76f51
ngp2|2026-06-14|day,ngp2,13:00,foil,Foil,3.9,#e9c46a
ngp2|2026-06-14|day,ngp2,13:00,schubert,Schubert,11.9,#2a9d8f
ngp2|2026-06-14|day,ngp2,14:00,running,Running,43.5,#c7c0e8
ngp2|2026-06-14|day,ngp2,14:00,hydration,Hydration,7.6,#e76f51
ngp2|2026-06-14|day,ngp2,14:00,foil,Foil,6.5,#e9c46a
ngp2|2026-06-14|day,ngp2,14:00,schubert,Schubert,1.7,#2a9d8f
ngp2|2026-06-14|day,ngp2,14:00,unattributed,Other,0.7,#b2bec3
ngp2|2026-06-14|day,ngp2,15:00,running,Running,32.6,#c7c0e8
ngp2|2026-06-14|day,ngp2,15:00,hydration,Hydration,12.9,#e76f51
ngp2|2026-06-14|day,ngp2,15:00,foil,Foil,14.5,#e9c46a
ngp2|2026-06-14|day,ngp2,16:00,running,Running,47.0,#c7c0e8
ngp2|2026-06-14|day,ngp2,16:00,hydration,Hydration,4.5,#e76f51
ngp2|2026-06-14|day,ngp2,16:00,foil,Foil,6.4,#e9c46a
ngp2|2026-06-14|day,ngp2,16:00,schubert,Schubert,1.3,#2a9d8f
ngp2|2026-06-14|day,ngp2,16:00,unattributed,Other,0.7,#b2bec3
ngp2|2026-06-14|day,ngp2,17:00,running,Running,32.8,#c7c0e8
ngp2|2026-06-14|day,ngp2,17:00,hydration,Hydration,10.6,#e76f51
ngp2|2026-06-14|day,ngp2,17:00,foil,Foil,12.8,#e9c46a
ngp2|2026-06-14|day,ngp2,17:00,schubert,Schubert,2.4,#2a9d8f
ngp2|2026-06-14|day,ngp2,17:00,unattributed,Other,1.5,#b2bec3
ngp2|2026-06-14|day,ngp2,18:00,running,Running,41.9,#c7c0e8
ngp2|2026-06-14|day,ngp2,18:00,hydration,Hydration,14.5,#e76f51
ngp2|2026-06-14|day,ngp2,18:00,foil,Foil,1.8,#e9c46a
ngp2|2026-06-14|day,ngp2,18:00,unattributed,Other,1.8,#b2bec3
ngp2|2026-06-14|night,ngp2,19:00,running,Running,11.5,#c7c0e8
ngp2|2026-06-14|night,ngp2,19:00,hydration,Hydration,29.4,#e76f51
ngp2|2026-06-14|night,ngp2,19:00,foil,Foil,18.6,#e9c46a
ngp2|2026-06-14|night,ngp2,19:00,unattributed,Other,0.5,#b2bec3
ngp2|2026-06-14|night,ngp2,20:00,running,Running,28.5,#c7c0e8
ngp2|2026-06-14|night,ngp2,20:00,hydration,Hydration,20.0,#e76f51
ngp2|2026-06-14|night,ngp2,20:00,foil,Foil,11.5,#e9c46a
ngp2|2026-06-14|night,ngp2,21:00,running,Running,22.2,#c7c0e8
ngp2|2026-06-14|night,ngp2,21:00,hydration,Hydration,15.7,#e76f51
ngp2|2026-06-14|night,ngp2,21:00,foil,Foil,22.1,#e9c46a
ngp2|2026-06-14|night,ngp2,22:00,running,Running,30.6,#c7c0e8
ngp2|2026-06-14|night,ngp2,22:00,hydration,Hydration,13.8,#e76f51
ngp2|2026-06-14|night,ngp2,22:00,foil,Foil,12.4,#e9c46a
ngp2|2026-06-14|night,ngp2,22:00,schubert,Schubert,3.1,#2a9d8f
ngp2|2026-06-14|night,ngp2,23:00,running,Running,37.1,#c7c0e8
ngp2|2026-06-14|night,ngp2,23:00,hydration,Hydration,4.5,#e76f51
ngp2|2026-06-14|night,ngp2,23:00,foil,Foil,12.3,#e9c46a
ngp2|2026-06-14|night,ngp2,23:00,unattributed,Other,6.2,#b2bec3
ngp2|2026-06-14|night,ngp2,00:00,running,Running,36.4,#c7c0e8
ngp2|2026-06-14|night,ngp2,00:00,hydration,Hydration,6.6,#e76f51
ngp2|2026-06-14|night,ngp2,00:00,foil,Foil,13.3,#e9c46a
ngp2|2026-06-14|night,ngp2,00:00,schubert,Schubert,3.7,#2a9d8f
ngp2|2026-06-14|night,ngp2,01:00,running,Running,46.3,#c7c0e8
ngp2|2026-06-14|night,ngp2,01:00,hydration,Hydration,4.4,#e76f51
ngp2|2026-06-14|night,ngp2,01:00,foil,Foil,6.0,#e9c46a
ngp2|2026-06-14|night,ngp2,01:00,schubert,Schubert,1.4,#2a9d8f
ngp2|2026-06-14|night,ngp2,01:00,unattributed,Other,1.8,#b2bec3
ngp2|2026-06-14|night,ngp2,02:00,running,Running,25.1,#c7c0e8
ngp2|2026-06-14|night,ngp2,02:00,hydration,Hydration,6.6,#e76f51
ngp2|2026-06-14|night,ngp2,02:00,foil,Foil,19.4,#e9c46a
ngp2|2026-06-14|night,ngp2,02:00,schubert,Schubert,6.0,#2a9d8f
ngp2|2026-06-14|night,ngp2,02:00,manual,Manual,2.8,#636e72
ngp2|2026-06-14|night,ngp2,03:00,running,Running,37.0,#c7c0e8
ngp2|2026-06-14|night,ngp2,03:00,hydration,Hydration,3.7,#e76f51
ngp2|2026-06-14|night,ngp2,03:00,foil,Foil,14.8,#e9c46a
ngp2|2026-06-14|night,ngp2,03:00,manual,Manual,2.8,#636e72
ngp2|2026-06-14|night,ngp2,03:00,unattributed,Other,1.8,#b2bec3
ngp2|2026-06-14|night,ngp2,04:00,running,Running,44.6,#c7c0e8
ngp2|2026-06-14|night,ngp2,04:00,hydration,Hydration,2.0,#e76f51
ngp2|2026-06-14|night,ngp2,04:00,foil,Foil,8.6,#e9c46a
ngp2|2026-06-14|night,ngp2,04:00,schubert,Schubert,2.6,#2a9d8f
ngp2|2026-06-14|night,ngp2,04:00,unattributed,Other,2.2,#b2bec3
ngp2|2026-06-14|night,ngp2,05:00,running,Running,35.8,#c7c0e8
ngp2|2026-06-14|night,ngp2,05:00,hydration,Hydration,13.6,#e76f51
ngp2|2026-06-14|night,ngp2,05:00,foil,Foil,6.4,#e9c46a
ngp2|2026-06-14|night,ngp2,05:00,schubert,Schubert,4.3,#2a9d8f
ngp2|2026-06-14|night,ngp2,06:00,running,Running,26.1,#c7c0e8
ngp2|2026-06-14|night,ngp2,06:00,hydration,Hydration,23.7,#e76f51
ngp2|2026-06-14|night,ngp2,06:00,foil,Foil,10.1,#e9c46a
ngp2|2026-06-15|day,ngp2,07:00,running,Running,28.5,#c7c0e8
ngp2|2026-06-15|day,ngp2,07:00,hydration,Hydration,3.7,#e76f51
ngp2|2026-06-15|day,ngp2,07:00,foil,Foil,27.8,#e9c46a
ngp2|2026-06-15|day,ngp2,08:00,running,Running,36.4,#c7c0e8
ngp2|2026-06-15|day,ngp2,08:00,hydration,Hydration,7.0,#e76f51
ngp2|2026-06-15|day,ngp2,08:00,foil,Foil,16.6,#e9c46a
ngp2|2026-06-15|day,ngp2,09:00,running,Running,29.3,#c7c0e8
ngp2|2026-06-15|day,ngp2,09:00,hydration,Hydration,3.8,#e76f51
ngp2|2026-06-15|day,ngp2,09:00,foil,Foil,26.9,#e9c46a
ngp2|2026-06-15|day,ngp2,10:00,running,Running,39.5,#c7c0e8
ngp2|2026-06-15|day,ngp2,10:00,hydration,Hydration,11.7,#e76f51
ngp2|2026-06-15|day,ngp2,10:00,foil,Foil,6.0,#e9c46a
ngp2|2026-06-15|day,ngp2,10:00,schubert,Schubert,2.8,#2a9d8f
ngp2|2026-06-15|day,ngp2,11:00,running,Running,45.7,#c7c0e8
ngp2|2026-06-15|day,ngp2,11:00,hydration,Hydration,3.3,#e76f51
ngp2|2026-06-15|day,ngp2,11:00,foil,Foil,8.6,#e9c46a
ngp2|2026-06-15|day,ngp2,11:00,schubert,Schubert,1.4,#2a9d8f
ngp2|2026-06-15|day,ngp2,11:00,unattributed,Other,1.0,#b2bec3
ngp2|2026-06-15|day,ngp2,12:00,running,Running,51.6,#c7c0e8
ngp2|2026-06-15|day,ngp2,12:00,foil,Foil,2.2,#e9c46a
ngp2|2026-06-15|day,ngp2,12:00,schubert,Schubert,4.0,#2a9d8f
ngp2|2026-06-15|day,ngp2,12:00,unattributed,Other,2.2,#b2bec3
ngp2|2026-06-15|day,ngp2,13:00,running,Running,46.4,#c7c0e8
ngp2|2026-06-15|day,ngp2,13:00,hydration,Hydration,4.3,#e76f51
ngp2|2026-06-15|day,ngp2,13:00,foil,Foil,6.3,#e9c46a
ngp2|2026-06-15|day,ngp2,13:00,schubert,Schubert,0.9,#2a9d8f
ngp2|2026-06-15|day,ngp2,13:00,unattributed,Other,2.0,#b2bec3
ngp2|2026-06-15|day,ngp2,14:00,running,Running,35.2,#c7c0e8
ngp2|2026-06-15|day,ngp2,14:00,hydration,Hydration,2.9,#e76f51
ngp2|2026-06-15|day,ngp2,14:00,foil,Foil,18.9,#e9c46a
ngp2|2026-06-15|day,ngp2,14:00,schubert,Schubert,1.3,#2a9d8f
ngp2|2026-06-15|day,ngp2,14:00,unattributed,Other,1.8,#b2bec3
ngp2|2026-06-15|day,ngp2,15:00,running,Running,34.4,#c7c0e8
ngp2|2026-06-15|day,ngp2,15:00,hydration,Hydration,13.6,#e76f51
ngp2|2026-06-15|day,ngp2,15:00,foil,Foil,1.4,#e9c46a
ngp2|2026-06-15|day,ngp2,15:00,schubert,Schubert,5.5,#2a9d8f
ngp2|2026-06-15|day,ngp2,15:00,unattributed,Other,5.3,#b2bec3
ngp2|2026-06-15|day,ngp2,16:00,running,Running,28.9,#c7c0e8
ngp2|2026-06-15|day,ngp2,16:00,hydration,Hydration,12.6,#e76f51
ngp2|2026-06-15|day,ngp2,16:00,foil,Foil,16.9,#e9c46a
ngp2|2026-06-15|day,ngp2,16:00,schubert,Schubert,1.6,#2a9d8f
ngp2|2026-06-15|day,ngp2,17:00,running,Running,36.3,#c7c0e8
ngp2|2026-06-15|day,ngp2,17:00,hydration,Hydration,11.1,#e76f51
ngp2|2026-06-15|day,ngp2,17:00,foil,Foil,12.6,#e9c46a
ngp2|2026-06-15|day,ngp2,18:00,running,Running,39.5,#c7c0e8
ngp2|2026-06-15|day,ngp2,18:00,hydration,Hydration,13.0,#e76f51
ngp2|2026-06-15|day,ngp2,18:00,foil,Foil,4.4,#e9c46a
ngp2|2026-06-15|day,ngp2,18:00,schubert,Schubert,3.1,#2a9d8f
ngp2|2026-06-15|night,ngp2,19:00,running,Running,41.5,#c7c0e8
ngp2|2026-06-15|night,ngp2,19:00,hydration,Hydration,13.0,#e76f51
ngp2|2026-06-15|night,ngp2,19:00,foil,Foil,2.2,#e9c46a
ngp2|2026-06-15|night,ngp2,19:00,schubert,Schubert,1.3,#2a9d8f
ngp2|2026-06-15|night,ngp2,19:00,unattributed,Other,2.1,#b2bec3
ngp2|2026-06-15|night,ngp2,20:00,running,Running,37.2,#c7c0e8
ngp2|2026-06-15|night,ngp2,20:00,hydration,Hydration,12.7,#e76f51
ngp2|2026-06-15|night,ngp2,20:00,foil,Foil,7.8,#e9c46a
ngp2|2026-06-15|night,ngp2,20:00,schubert,Schubert,2.3,#2a9d8f
ngp2|2026-06-15|night,ngp2,21:00,running,Running,27.4,#c7c0e8
ngp2|2026-06-15|night,ngp2,21:00,hydration,Hydration,1.3,#e76f51
ngp2|2026-06-15|night,ngp2,21:00,foil,Foil,29.6,#e9c46a
ngp2|2026-06-15|night,ngp2,21:00,manual,Manual,1.6,#636e72
ngp2|2026-06-15|night,ngp2,22:00,running,Running,31.4,#c7c0e8
ngp2|2026-06-15|night,ngp2,22:00,foil,Foil,20.9,#e9c46a
ngp2|2026-06-15|night,ngp2,22:00,schubert,Schubert,1.8,#2a9d8f
ngp2|2026-06-15|night,ngp2,22:00,manual,Manual,6.0,#636e72
ngp2|2026-06-15|night,ngp2,23:00,running,Running,23.4,#c7c0e8
ngp2|2026-06-15|night,ngp2,23:00,hydration,Hydration,13.5,#e76f51
ngp2|2026-06-15|night,ngp2,23:00,foil,Foil,5.7,#e9c46a
ngp2|2026-06-15|night,ngp2,23:00,schubert,Schubert,1.2,#2a9d8f
ngp2|2026-06-15|night,ngp2,23:00,manual,Manual,16.2,#636e72
ngp2|2026-06-15|night,ngp2,00:00,running,Running,17.2,#c7c0e8
ngp2|2026-06-15|night,ngp2,00:00,hydration,Hydration,2.5,#e76f51
ngp2|2026-06-15|night,ngp2,00:00,foil,Foil,35.1,#e9c46a
ngp2|2026-06-15|night,ngp2,00:00,manual,Manual,5.2,#636e72
ngp2|2026-06-15|night,ngp2,01:00,running,Running,25.2,#c7c0e8
ngp2|2026-06-15|night,ngp2,01:00,hydration,Hydration,19.9,#e76f51
ngp2|2026-06-15|night,ngp2,01:00,foil,Foil,13.7,#e9c46a
ngp2|2026-06-15|night,ngp2,01:00,unattributed,Other,1.2,#b2bec3
ngp2|2026-06-15|night,ngp2,02:00,running,Running,25.6,#c7c0e8
ngp2|2026-06-15|night,ngp2,02:00,hydration,Hydration,18.0,#e76f51
ngp2|2026-06-15|night,ngp2,02:00,foil,Foil,12.5,#e9c46a
ngp2|2026-06-15|night,ngp2,02:00,schubert,Schubert,3.8,#2a9d8f
ngp2|2026-06-15|night,ngp2,03:00,running,Running,26.3,#c7c0e8
ngp2|2026-06-15|night,ngp2,03:00,foil,Foil,31.0,#e9c46a
ngp2|2026-06-15|night,ngp2,03:00,schubert,Schubert,2.7,#2a9d8f
ngp2|2026-06-15|night,ngp2,04:00,running,Running,19.7,#c7c0e8
ngp2|2026-06-15|night,ngp2,04:00,hydration,Hydration,1.8,#e76f51
ngp2|2026-06-15|night,ngp2,04:00,foil,Foil,31.3,#e9c46a
ngp2|2026-06-15|night,ngp2,04:00,schubert,Schubert,7.2,#2a9d8f
ngp2|2026-06-15|night,ngp2,05:00,running,Running,39.9,#c7c0e8
ngp2|2026-06-15|night,ngp2,05:00,hydration,Hydration,2.5,#e76f51
ngp2|2026-06-15|night,ngp2,05:00,foil,Foil,4.0,#e9c46a
ngp2|2026-06-15|night,ngp2,05:00,schubert,Schubert,7.7,#2a9d8f
ngp2|2026-06-15|night,ngp2,05:00,unattributed,Other,5.9,#b2bec3
ngp2|2026-06-15|night,ngp2,06:00,running,Running,22.4,#c7c0e8
ngp2|2026-06-15|night,ngp2,06:00,hydration,Hydration,29.7,#e76f51
ngp2|2026-06-15|night,ngp2,06:00,foil,Foil,7.1,#e9c46a
ngp2|2026-06-15|night,ngp2,06:00,schubert,Schubert,0.7,#2a9d8f
ngp2|2026-06-16|day,ngp2,07:00,running,Running,3.9,#c7c0e8
ngp2|2026-06-16|day,ngp2,07:00,hydration,Hydration,9.4,#e76f51
ngp2|2026-06-16|day,ngp2,07:00,foil,Foil,39.2,#e9c46a
ngp2|2026-06-16|day,ngp2,07:00,schubert,Schubert,3.5,#2a9d8f
ngp2|2026-06-16|day,ngp2,07:00,manual,Manual,1.7,#636e72
ngp2|2026-06-16|day,ngp2,07:00,unattributed,Other,2.3,#b2bec3
ngp2|2026-06-16|day,ngp2,08:00,running,Running,5.5,#c7c0e8
ngp2|2026-06-16|day,ngp2,08:00,hydration,Hydration,24.8,#e76f51
ngp2|2026-06-16|day,ngp2,08:00,foil,Foil,5.6,#e9c46a
ngp2|2026-06-16|day,ngp2,08:00,schubert,Schubert,23.3,#2a9d8f
ngp2|2026-06-16|day,ngp2,08:00,manual,Manual,0.8,#636e72
ngp2|2026-06-16|day,ngp2,09:00,running,Running,24.9,#c7c0e8
ngp2|2026-06-16|day,ngp2,09:00,hydration,Hydration,21.2,#e76f51
ngp2|2026-06-16|day,ngp2,09:00,foil,Foil,11.8,#e9c46a
ngp2|2026-06-16|day,ngp2,09:00,schubert,Schubert,1.4,#2a9d8f
ngp2|2026-06-16|day,ngp2,09:00,manual,Manual,0.6,#636e72
ngp2|2026-06-16|day,ngp2,10:00,running,Running,31.2,#c7c0e8
ngp2|2026-06-16|day,ngp2,10:00,hydration,Hydration,22.1,#e76f51
ngp2|2026-06-16|day,ngp2,10:00,foil,Foil,1.7,#e9c46a
ngp2|2026-06-16|day,ngp2,10:00,schubert,Schubert,2.0,#2a9d8f
ngp2|2026-06-16|day,ngp2,10:00,unattributed,Other,3.0,#b2bec3
ngp2|2026-06-16|day,ngp2,11:00,running,Running,27.7,#c7c0e8
ngp2|2026-06-16|day,ngp2,11:00,hydration,Hydration,22.8,#e76f51
ngp2|2026-06-16|day,ngp2,11:00,foil,Foil,2.2,#e9c46a
ngp2|2026-06-16|day,ngp2,11:00,schubert,Schubert,5.9,#2a9d8f
ngp2|2026-06-16|day,ngp2,11:00,unattributed,Other,1.4,#b2bec3
ngp2|2026-06-16|day,ngp2,12:00,running,Running,21.1,#c7c0e8
ngp2|2026-06-16|day,ngp2,12:00,hydration,Hydration,21.1,#e76f51
ngp2|2026-06-16|day,ngp2,12:00,foil,Foil,16.0,#e9c46a
ngp2|2026-06-16|day,ngp2,12:00,schubert,Schubert,1.8,#2a9d8f
ngp2|2026-06-16|day,ngp2,13:00,running,Running,11.9,#c7c0e8
ngp2|2026-06-16|day,ngp2,13:00,hydration,Hydration,46.4,#e76f51
ngp2|2026-06-16|day,ngp2,13:00,foil,Foil,1.7,#e9c46a
ngp2|2026-06-16|day,ngp2,14:00,running,Running,24.3,#c7c0e8
ngp2|2026-06-16|day,ngp2,14:00,hydration,Hydration,27.0,#e76f51
ngp2|2026-06-16|day,ngp2,14:00,foil,Foil,8.7,#e9c46a
ngp2|2026-06-16|day,ngp2,15:00,running,Running,33.7,#c7c0e8
ngp2|2026-06-16|day,ngp2,15:00,hydration,Hydration,14.5,#e76f51
ngp2|2026-06-16|day,ngp2,15:00,foil,Foil,8.6,#e9c46a
ngp2|2026-06-16|day,ngp2,15:00,schubert,Schubert,3.2,#2a9d8f
ngp2|2026-06-16|day,ngp2,16:00,running,Running,33.0,#c7c0e8
ngp2|2026-06-16|day,ngp2,16:00,hydration,Hydration,5.1,#e76f51
ngp2|2026-06-16|day,ngp2,16:00,foil,Foil,11.9,#e9c46a
ngp2|2026-06-16|day,ngp2,16:00,schubert,Schubert,4.8,#2a9d8f
ngp2|2026-06-16|day,ngp2,16:00,manual,Manual,4.5,#636e72
ngp2|2026-06-16|day,ngp2,16:00,unattributed,Other,0.7,#b2bec3
ngp2|2026-06-16|day,ngp2,17:00,running,Running,34.8,#c7c0e8
ngp2|2026-06-16|day,ngp2,17:00,hydration,Hydration,15.1,#e76f51
ngp2|2026-06-16|day,ngp2,17:00,foil,Foil,4.8,#e9c46a
ngp2|2026-06-16|day,ngp2,17:00,schubert,Schubert,5.3,#2a9d8f
ngp2|2026-06-16|day,ngp2,18:00,running,Running,40.4,#c7c0e8
ngp2|2026-06-16|day,ngp2,18:00,hydration,Hydration,11.7,#e76f51
ngp2|2026-06-16|day,ngp2,18:00,foil,Foil,5.2,#e9c46a
ngp2|2026-06-16|day,ngp2,18:00,schubert,Schubert,1.3,#2a9d8f
ngp2|2026-06-16|day,ngp2,18:00,unattributed,Other,1.4,#b2bec3
ngp2|2026-06-16|night,ngp2,19:00,running,Running,6.6,#c7c0e8
ngp2|2026-06-16|night,ngp2,19:00,hydration,Hydration,1.6,#e76f51
ngp2|2026-06-16|night,ngp2,19:00,foil,Foil,8.4,#e9c46a
ngp2|2026-06-16|night,ngp2,19:00,schubert,Schubert,37.4,#2a9d8f
ngp2|2026-06-16|night,ngp2,19:00,unattributed,Other,6.0,#b2bec3
ngp2|2026-06-16|night,ngp2,20:00,running,Running,37.2,#c7c0e8
ngp2|2026-06-16|night,ngp2,20:00,hydration,Hydration,20.3,#e76f51
ngp2|2026-06-16|night,ngp2,20:00,schubert,Schubert,2.5,#2a9d8f
ngp2|2026-06-16|night,ngp2,21:00,running,Running,44.8,#c7c0e8
ngp2|2026-06-16|night,ngp2,21:00,hydration,Hydration,5.4,#e76f51
ngp2|2026-06-16|night,ngp2,21:00,foil,Foil,9.0,#e9c46a
ngp2|2026-06-16|night,ngp2,21:00,unattributed,Other,0.8,#b2bec3
ngp2|2026-06-16|night,ngp2,22:00,running,Running,49.4,#c7c0e8
ngp2|2026-06-16|night,ngp2,22:00,hydration,Hydration,8.0,#e76f51
ngp2|2026-06-16|night,ngp2,22:00,schubert,Schubert,2.6,#2a9d8f
ngp2|2026-06-16|night,ngp2,23:00,running,Running,34.3,#c7c0e8
ngp2|2026-06-16|night,ngp2,23:00,hydration,Hydration,5.5,#e76f51
ngp2|2026-06-16|night,ngp2,23:00,foil,Foil,11.7,#e9c46a
ngp2|2026-06-16|night,ngp2,23:00,schubert,Schubert,2.0,#2a9d8f
ngp2|2026-06-16|night,ngp2,23:00,manual,Manual,6.6,#636e72
ngp2|2026-06-16|night,ngp2,00:00,running,Running,30.5,#c7c0e8
ngp2|2026-06-16|night,ngp2,00:00,hydration,Hydration,13.1,#e76f51
ngp2|2026-06-16|night,ngp2,00:00,foil,Foil,13.8,#e9c46a
ngp2|2026-06-16|night,ngp2,00:00,schubert,Schubert,2.6,#2a9d8f
ngp2|2026-06-16|night,ngp2,01:00,running,Running,43.7,#c7c0e8
ngp2|2026-06-16|night,ngp2,01:00,hydration,Hydration,13.7,#e76f51
ngp2|2026-06-16|night,ngp2,01:00,foil,Foil,2.5,#e9c46a
ngp2|2026-06-16|night,ngp2,02:00,running,Running,29.2,#c7c0e8
ngp2|2026-06-16|night,ngp2,02:00,hydration,Hydration,16.2,#e76f51
ngp2|2026-06-16|night,ngp2,02:00,foil,Foil,14.6,#e9c46a
ngp2|2026-06-16|night,ngp2,03:00,running,Running,42.4,#c7c0e8
ngp2|2026-06-16|night,ngp2,03:00,hydration,Hydration,6.4,#e76f51
ngp2|2026-06-16|night,ngp2,03:00,foil,Foil,7.8,#e9c46a
ngp2|2026-06-16|night,ngp2,03:00,schubert,Schubert,3.4,#2a9d8f
ngp2|2026-06-16|night,ngp2,04:00,running,Running,36.3,#c7c0e8
ngp2|2026-06-16|night,ngp2,04:00,hydration,Hydration,7.8,#e76f51
ngp2|2026-06-16|night,ngp2,04:00,foil,Foil,10.4,#e9c46a
ngp2|2026-06-16|night,ngp2,04:00,schubert,Schubert,2.7,#2a9d8f
ngp2|2026-06-16|night,ngp2,04:00,unattributed,Other,2.7,#b2bec3
ngp2|2026-06-16|night,ngp2,05:00,running,Running,28.3,#c7c0e8
ngp2|2026-06-16|night,ngp2,05:00,hydration,Hydration,8.3,#e76f51
ngp2|2026-06-16|night,ngp2,05:00,foil,Foil,21.2,#e9c46a
ngp2|2026-06-16|night,ngp2,05:00,schubert,Schubert,2.2,#2a9d8f
ngp2|2026-06-16|night,ngp2,06:00,running,Running,26.8,#c7c0e8
ngp2|2026-06-16|night,ngp2,06:00,hydration,Hydration,33.2,#e76f51
ngp2|2026-06-17|day,ngp2,07:00,running,Running,37.1,#c7c0e8
ngp2|2026-06-17|day,ngp2,07:00,hydration,Hydration,18.2,#e76f51
ngp2|2026-06-17|day,ngp2,07:00,foil,Foil,1.0,#e9c46a
ngp2|2026-06-17|day,ngp2,07:00,schubert,Schubert,2.1,#2a9d8f
ngp2|2026-06-17|day,ngp2,07:00,manual,Manual,1.6,#636e72
ngp2|2026-06-17|day,ngp2,08:00,running,Running,30.5,#c7c0e8
ngp2|2026-06-17|day,ngp2,08:00,hydration,Hydration,26.1,#e76f51
ngp2|2026-06-17|day,ngp2,08:00,foil,Foil,0.8,#e9c46a
ngp2|2026-06-17|day,ngp2,08:00,schubert,Schubert,2.6,#2a9d8f
ngp2|2026-06-17|day,ngp2,09:00,running,Running,48.0,#c7c0e8
ngp2|2026-06-17|day,ngp2,09:00,hydration,Hydration,5.8,#e76f51
ngp2|2026-06-17|day,ngp2,09:00,schubert,Schubert,3.7,#2a9d8f
ngp2|2026-06-17|day,ngp2,09:00,unattributed,Other,2.5,#b2bec3
ngp2|2026-06-17|day,ngp2,10:00,running,Running,21.3,#c7c0e8
ngp2|2026-06-17|day,ngp2,10:00,hydration,Hydration,7.1,#e76f51
ngp2|2026-06-17|day,ngp2,10:00,foil,Foil,31.6,#e9c46a
ngp2|2026-06-17|day,ngp2,11:00,running,Running,9.9,#c7c0e8
ngp2|2026-06-17|day,ngp2,11:00,hydration,Hydration,46.6,#e76f51
ngp2|2026-06-17|day,ngp2,11:00,foil,Foil,3.5,#e9c46a
ngp2|2026-06-17|day,ngp2,12:00,running,Running,5.8,#c7c0e8
ngp2|2026-06-17|day,ngp2,12:00,hydration,Hydration,54.2,#e76f51
ngp2|2026-06-17|day,ngp2,13:00,running,Running,49.1,#c7c0e8
ngp2|2026-06-17|day,ngp2,13:00,hydration,Hydration,8.1,#e76f51
ngp2|2026-06-17|day,ngp2,13:00,foil,Foil,2.8,#e9c46a
ngp2|2026-06-17|day,ngp2,14:00,running,Running,22.3,#c7c0e8
ngp2|2026-06-17|day,ngp2,14:00,hydration,Hydration,4.8,#e76f51
ngp2|2026-06-17|day,ngp2,14:00,foil,Foil,2.7,#e9c46a
ngp2|2026-06-17|day,ngp2,14:00,schubert,Schubert,0.7,#2a9d8f
ngp2|2026-06-17|day,ngp2,14:00,manual,Manual,29.5,#636e72
ngp2|2026-06-17|day,ngp2,15:00,running,Running,32.0,#c7c0e8
ngp2|2026-06-17|day,ngp2,15:00,hydration,Hydration,15.4,#e76f51
ngp2|2026-06-17|day,ngp2,15:00,manual,Manual,12.6,#636e72
ngp2|2026-06-17|day,ngp2,16:00,running,Running,48.9,#c7c0e8
ngp2|2026-06-17|day,ngp2,16:00,hydration,Hydration,6.0,#e76f51
ngp2|2026-06-17|day,ngp2,16:00,foil,Foil,4.1,#e9c46a
ngp2|2026-06-17|day,ngp2,16:00,schubert,Schubert,1.0,#2a9d8f
ngp2|2026-06-17|day,ngp2,17:00,running,Running,28.6,#c7c0e8
ngp2|2026-06-17|day,ngp2,17:00,hydration,Hydration,1.3,#e76f51
ngp2|2026-06-17|day,ngp2,17:00,foil,Foil,22.3,#e9c46a
ngp2|2026-06-17|day,ngp2,17:00,schubert,Schubert,2.2,#2a9d8f
ngp2|2026-06-17|day,ngp2,17:00,manual,Manual,5.5,#636e72
ngp2|2026-06-17|day,ngp2,18:00,running,Running,15.2,#c7c0e8
ngp2|2026-06-17|day,ngp2,18:00,hydration,Hydration,21.8,#e76f51
ngp2|2026-06-17|day,ngp2,18:00,foil,Foil,4.2,#e9c46a
ngp2|2026-06-17|day,ngp2,18:00,manual,Manual,18.9,#636e72
ngp2|2026-06-17|night,ngp2,19:00,running,Running,7.7,#c7c0e8
ngp2|2026-06-17|night,ngp2,19:00,foil,Foil,44.4,#e9c46a
ngp2|2026-06-17|night,ngp2,19:00,manual,Manual,4.5,#636e72
ngp2|2026-06-17|night,ngp2,19:00,unattributed,Other,3.4,#b2bec3
ngp2|2026-06-17|night,ngp2,20:00,running,Running,22.7,#c7c0e8
ngp2|2026-06-17|night,ngp2,20:00,hydration,Hydration,9.1,#e76f51
ngp2|2026-06-17|night,ngp2,20:00,foil,Foil,25.6,#e9c46a
ngp2|2026-06-17|night,ngp2,20:00,manual,Manual,2.5,#636e72
ngp2|2026-06-17|night,ngp2,21:00,running,Running,23.8,#c7c0e8
ngp2|2026-06-17|night,ngp2,21:00,hydration,Hydration,10.7,#e76f51
ngp2|2026-06-17|night,ngp2,21:00,foil,Foil,19.5,#e9c46a
ngp2|2026-06-17|night,ngp2,21:00,schubert,Schubert,2.0,#2a9d8f
ngp2|2026-06-17|night,ngp2,21:00,manual,Manual,4.0,#636e72
ngp2|2026-06-17|night,ngp2,22:00,running,Running,27.7,#c7c0e8
ngp2|2026-06-17|night,ngp2,22:00,hydration,Hydration,21.2,#e76f51
ngp2|2026-06-17|night,ngp2,22:00,foil,Foil,10.2,#e9c46a
ngp2|2026-06-17|night,ngp2,22:00,schubert,Schubert,0.8,#2a9d8f
ngp2|2026-06-17|night,ngp2,23:00,running,Running,28.1,#c7c0e8
ngp2|2026-06-17|night,ngp2,23:00,hydration,Hydration,8.5,#e76f51
ngp2|2026-06-17|night,ngp2,23:00,foil,Foil,12.7,#e9c46a
ngp2|2026-06-17|night,ngp2,23:00,schubert,Schubert,5.6,#2a9d8f
ngp2|2026-06-17|night,ngp2,23:00,manual,Manual,5.1,#636e72
ngp2|2026-06-17|night,ngp2,00:00,running,Running,21.0,#c7c0e8
ngp2|2026-06-17|night,ngp2,00:00,hydration,Hydration,8.9,#e76f51
ngp2|2026-06-17|night,ngp2,00:00,foil,Foil,11.0,#e9c46a
ngp2|2026-06-17|night,ngp2,00:00,schubert,Schubert,9.9,#2a9d8f
ngp2|2026-06-17|night,ngp2,00:00,manual,Manual,9.1,#636e72
ngp2|2026-06-17|night,ngp2,01:00,running,Running,26.6,#c7c0e8
ngp2|2026-06-17|night,ngp2,01:00,hydration,Hydration,12.8,#e76f51
ngp2|2026-06-17|night,ngp2,01:00,foil,Foil,4.3,#e9c46a
ngp2|2026-06-17|night,ngp2,01:00,schubert,Schubert,5.7,#2a9d8f
ngp2|2026-06-17|night,ngp2,01:00,manual,Manual,0.7,#636e72
ngp2|2026-06-17|night,ngp2,01:00,unattributed,Other,9.8,#b2bec3
ngp2|2026-06-17|night,ngp2,02:00,running,Running,38.4,#c7c0e8
ngp2|2026-06-17|night,ngp2,02:00,hydration,Hydration,1.6,#e76f51
ngp2|2026-06-17|night,ngp2,02:00,foil,Foil,5.0,#e9c46a
ngp2|2026-06-17|night,ngp2,02:00,schubert,Schubert,9.6,#2a9d8f
ngp2|2026-06-17|night,ngp2,02:00,unattributed,Other,5.3,#b2bec3
ngp2|2026-06-17|night,ngp2,03:00,running,Running,28.4,#c7c0e8
ngp2|2026-06-17|night,ngp2,03:00,hydration,Hydration,2.3,#e76f51
ngp2|2026-06-17|night,ngp2,03:00,foil,Foil,9.0,#e9c46a
ngp2|2026-06-17|night,ngp2,03:00,schubert,Schubert,16.6,#2a9d8f
ngp2|2026-06-17|night,ngp2,03:00,unattributed,Other,3.7,#b2bec3
ngp2|2026-06-17|night,ngp2,04:00,running,Running,26.2,#c7c0e8
ngp2|2026-06-17|night,ngp2,04:00,hydration,Hydration,26.0,#e76f51
ngp2|2026-06-17|night,ngp2,04:00,foil,Foil,1.5,#e9c46a
ngp2|2026-06-17|night,ngp2,04:00,schubert,Schubert,4.0,#2a9d8f
ngp2|2026-06-17|night,ngp2,04:00,unattributed,Other,2.3,#b2bec3
ngp2|2026-06-17|night,ngp2,05:00,running,Running,42.3,#c7c0e8
ngp2|2026-06-17|night,ngp2,05:00,hydration,Hydration,7.7,#e76f51
ngp2|2026-06-17|night,ngp2,05:00,foil,Foil,3.5,#e9c46a
ngp2|2026-06-17|night,ngp2,05:00,schubert,Schubert,4.1,#2a9d8f
ngp2|2026-06-17|night,ngp2,05:00,unattributed,Other,2.4,#b2bec3
ngp2|2026-06-17|night,ngp2,06:00,running,Running,20.7,#c7c0e8
ngp2|2026-06-17|night,ngp2,06:00,hydration,Hydration,2.5,#e76f51
ngp2|2026-06-17|night,ngp2,06:00,foil,Foil,30.5,#e9c46a
ngp2|2026-06-17|night,ngp2,06:00,manual,Manual,0.7,#636e72
ngp2|2026-06-17|night,ngp2,06:00,unattributed,Other,5.6,#b2bec3
ngp2|2026-06-18|day,ngp2,07:00,running,Running,34.2,#c7c0e8
ngp2|2026-06-18|day,ngp2,07:00,hydration,Hydration,17.6,#e76f51
ngp2|2026-06-18|day,ngp2,07:00,foil,Foil,3.4,#e9c46a
ngp2|2026-06-18|day,ngp2,07:00,schubert,Schubert,2.4,#2a9d8f
ngp2|2026-06-18|day,ngp2,07:00,manual,Manual,2.5,#636e72
ngp2|2026-06-18|day,ngp2,08:00,running,Running,46.9,#c7c0e8
ngp2|2026-06-18|day,ngp2,08:00,hydration,Hydration,3.1,#e76f51
ngp2|2026-06-18|day,ngp2,08:00,schubert,Schubert,6.1,#2a9d8f
ngp2|2026-06-18|day,ngp2,08:00,unattributed,Other,3.9,#b2bec3
ngp2|2026-06-18|day,ngp2,09:00,running,Running,30.0,#c7c0e8
ngp2|2026-06-18|day,ngp2,09:00,hydration,Hydration,14.9,#e76f51
ngp2|2026-06-18|day,ngp2,09:00,foil,Foil,9.1,#e9c46a
ngp2|2026-06-18|day,ngp2,09:00,schubert,Schubert,5.9,#2a9d8f
ngp2|2026-06-18|day,ngp2,10:00,running,Running,39.2,#c7c0e8
ngp2|2026-06-18|day,ngp2,10:00,hydration,Hydration,6.1,#e76f51
ngp2|2026-06-18|day,ngp2,10:00,foil,Foil,6.9,#e9c46a
ngp2|2026-06-18|day,ngp2,10:00,schubert,Schubert,7.8,#2a9d8f
ngp2|2026-06-18|day,ngp2,11:00,running,Running,39.7,#c7c0e8
ngp2|2026-06-18|day,ngp2,11:00,hydration,Hydration,5.3,#e76f51
ngp2|2026-06-18|day,ngp2,11:00,foil,Foil,5.5,#e9c46a
ngp2|2026-06-18|day,ngp2,11:00,schubert,Schubert,9.5,#2a9d8f
ngp2|2026-06-18|day,ngp2,12:00,running,Running,32.7,#c7c0e8
ngp2|2026-06-18|day,ngp2,12:00,hydration,Hydration,19.9,#e76f51
ngp2|2026-06-18|day,ngp2,12:00,foil,Foil,6.2,#e9c46a
ngp2|2026-06-18|day,ngp2,12:00,schubert,Schubert,1.2,#2a9d8f
ngp2|2026-06-18|day,ngp2,13:00,running,Running,7.0,#c7c0e8
ngp2|2026-06-18|day,ngp2,13:00,hydration,Hydration,50.3,#e76f51
ngp2|2026-06-18|day,ngp2,13:00,foil,Foil,1.9,#e9c46a
ngp2|2026-06-18|day,ngp2,13:00,schubert,Schubert,0.9,#2a9d8f
ngp2|2026-06-18|day,ngp2,14:00,running,Running,29.5,#c7c0e8
ngp2|2026-06-18|day,ngp2,14:00,hydration,Hydration,27.0,#e76f51
ngp2|2026-06-18|day,ngp2,14:00,foil,Foil,1.2,#e9c46a
ngp2|2026-06-18|day,ngp2,14:00,schubert,Schubert,1.5,#2a9d8f
ngp2|2026-06-18|day,ngp2,14:00,unattributed,Other,0.8,#b2bec3
ngp2|2026-06-18|day,ngp2,15:00,running,Running,11.0,#c7c0e8
ngp2|2026-06-18|day,ngp2,15:00,hydration,Hydration,1.7,#e76f51
ngp2|2026-06-18|day,ngp2,15:00,foil,Foil,44.4,#e9c46a
ngp2|2026-06-18|day,ngp2,15:00,schubert,Schubert,0.9,#2a9d8f
ngp2|2026-06-18|day,ngp2,15:00,unattributed,Other,2.0,#b2bec3
ngp2|2026-06-18|day,ngp2,16:00,running,Running,28.9,#c7c0e8
ngp2|2026-06-18|day,ngp2,16:00,hydration,Hydration,4.7,#e76f51
ngp2|2026-06-18|day,ngp2,16:00,foil,Foil,20.7,#e9c46a
ngp2|2026-06-18|day,ngp2,16:00,schubert,Schubert,1.9,#2a9d8f
ngp2|2026-06-18|day,ngp2,16:00,manual,Manual,3.8,#636e72
ngp2|2026-06-18|day,ngp2,17:00,running,Running,40.4,#c7c0e8
ngp2|2026-06-18|day,ngp2,17:00,hydration,Hydration,6.1,#e76f51
ngp2|2026-06-18|day,ngp2,17:00,foil,Foil,6.9,#e9c46a
ngp2|2026-06-18|day,ngp2,17:00,schubert,Schubert,4.1,#2a9d8f
ngp2|2026-06-18|day,ngp2,17:00,unattributed,Other,2.4,#b2bec3
ngp2|2026-06-18|day,ngp2,18:00,running,Running,37.3,#c7c0e8
ngp2|2026-06-18|day,ngp2,18:00,hydration,Hydration,6.8,#e76f51
ngp2|2026-06-18|day,ngp2,18:00,foil,Foil,5.7,#e9c46a
ngp2|2026-06-18|day,ngp2,18:00,schubert,Schubert,9.0,#2a9d8f
ngp2|2026-06-18|day,ngp2,18:00,unattributed,Other,1.2,#b2bec3
ngp2|2026-06-18|night,ngp2,19:00,running,Running,32.8,#c7c0e8
ngp2|2026-06-18|night,ngp2,19:00,hydration,Hydration,10.8,#e76f51
ngp2|2026-06-18|night,ngp2,19:00,foil,Foil,8.8,#e9c46a
ngp2|2026-06-18|night,ngp2,19:00,schubert,Schubert,6.4,#2a9d8f
ngp2|2026-06-18|night,ngp2,19:00,unattributed,Other,1.2,#b2bec3
ngp2|2026-06-18|night,ngp2,20:00,running,Running,44.3,#c7c0e8
ngp2|2026-06-18|night,ngp2,20:00,hydration,Hydration,11.0,#e76f51
ngp2|2026-06-18|night,ngp2,20:00,schubert,Schubert,2.2,#2a9d8f
ngp2|2026-06-18|night,ngp2,20:00,unattributed,Other,2.5,#b2bec3
ngp2|2026-06-18|night,ngp2,21:00,running,Running,48.6,#c7c0e8
ngp2|2026-06-18|night,ngp2,21:00,hydration,Hydration,7.8,#e76f51
ngp2|2026-06-18|night,ngp2,21:00,foil,Foil,1.3,#e9c46a
ngp2|2026-06-18|night,ngp2,21:00,schubert,Schubert,1.2,#2a9d8f
ngp2|2026-06-18|night,ngp2,21:00,unattributed,Other,1.1,#b2bec3
ngp2|2026-06-18|night,ngp2,22:00,running,Running,30.9,#c7c0e8
ngp2|2026-06-18|night,ngp2,22:00,hydration,Hydration,14.7,#e76f51
ngp2|2026-06-18|night,ngp2,22:00,foil,Foil,7.2,#e9c46a
ngp2|2026-06-18|night,ngp2,22:00,schubert,Schubert,7.2,#2a9d8f
ngp2|2026-06-18|night,ngp2,23:00,running,Running,41.5,#c7c0e8
ngp2|2026-06-18|night,ngp2,23:00,hydration,Hydration,4.3,#e76f51
ngp2|2026-06-18|night,ngp2,23:00,foil,Foil,2.5,#e9c46a
ngp2|2026-06-18|night,ngp2,23:00,schubert,Schubert,7.7,#2a9d8f
ngp2|2026-06-18|night,ngp2,23:00,manual,Manual,1.6,#636e72
ngp2|2026-06-18|night,ngp2,23:00,unattributed,Other,2.4,#b2bec3
ngp2|2026-06-18|night,ngp2,00:00,running,Running,37.0,#c7c0e8
ngp2|2026-06-18|night,ngp2,00:00,hydration,Hydration,6.8,#e76f51
ngp2|2026-06-18|night,ngp2,00:00,foil,Foil,3.2,#e9c46a
ngp2|2026-06-18|night,ngp2,00:00,schubert,Schubert,12.9,#2a9d8f
ngp2|2026-06-18|night,ngp2,01:00,running,Running,35.6,#c7c0e8
ngp2|2026-06-18|night,ngp2,01:00,hydration,Hydration,9.6,#e76f51
ngp2|2026-06-18|night,ngp2,01:00,foil,Foil,8.7,#e9c46a
ngp2|2026-06-18|night,ngp2,01:00,schubert,Schubert,3.6,#2a9d8f
ngp2|2026-06-18|night,ngp2,01:00,unattributed,Other,2.5,#b2bec3
ngp2|2026-06-18|night,ngp2,02:00,running,Running,46.4,#c7c0e8
ngp2|2026-06-18|night,ngp2,02:00,hydration,Hydration,9.5,#e76f51
ngp2|2026-06-18|night,ngp2,02:00,foil,Foil,2.6,#e9c46a
ngp2|2026-06-18|night,ngp2,02:00,schubert,Schubert,0.8,#2a9d8f
ngp2|2026-06-18|night,ngp2,02:00,unattributed,Other,0.7,#b2bec3
ngp2|2026-06-18|night,ngp2,03:00,running,Running,47.8,#c7c0e8
ngp2|2026-06-18|night,ngp2,03:00,hydration,Hydration,7.8,#e76f51
ngp2|2026-06-18|night,ngp2,03:00,schubert,Schubert,2.2,#2a9d8f
ngp2|2026-06-18|night,ngp2,03:00,unattributed,Other,2.2,#b2bec3
ngp2|2026-06-18|night,ngp2,04:00,running,Running,30.6,#c7c0e8
ngp2|2026-06-18|night,ngp2,04:00,hydration,Hydration,13.3,#e76f51
ngp2|2026-06-18|night,ngp2,04:00,foil,Foil,4.3,#e9c46a
ngp2|2026-06-18|night,ngp2,04:00,schubert,Schubert,8.3,#2a9d8f
ngp2|2026-06-18|night,ngp2,04:00,unattributed,Other,3.6,#b2bec3
ngp2|2026-06-18|night,ngp2,05:00,running,Running,25.3,#c7c0e8
ngp2|2026-06-18|night,ngp2,05:00,hydration,Hydration,27.8,#e76f51
ngp2|2026-06-18|night,ngp2,05:00,foil,Foil,2.3,#e9c46a
ngp2|2026-06-18|night,ngp2,05:00,schubert,Schubert,2.4,#2a9d8f
ngp2|2026-06-18|night,ngp2,05:00,unattributed,Other,2.1,#b2bec3
ngp2|2026-06-18|night,ngp2,06:00,running,Running,28.4,#c7c0e8
ngp2|2026-06-18|night,ngp2,06:00,hydration,Hydration,16.1,#e76f51
ngp2|2026-06-18|night,ngp2,06:00,foil,Foil,11.7,#e9c46a
ngp2|2026-06-18|night,ngp2,06:00,schubert,Schubert,3.8,#2a9d8f
ngp2|2026-06-19|day,ngp2,07:00,running,Running,36.4,#c7c0e8
ngp2|2026-06-19|day,ngp2,07:00,hydration,Hydration,10.5,#e76f51
ngp2|2026-06-19|day,ngp2,07:00,foil,Foil,2.3,#e9c46a
ngp2|2026-06-19|day,ngp2,07:00,schubert,Schubert,6.3,#2a9d8f
ngp2|2026-06-19|day,ngp2,07:00,manual,Manual,3.2,#636e72
ngp2|2026-06-19|day,ngp2,07:00,unattributed,Other,1.3,#b2bec3
ngp2|2026-06-19|day,ngp2,08:00,running,Running,14.4,#c7c0e8
ngp2|2026-06-19|day,ngp2,08:00,hydration,Hydration,41.4,#e76f51
ngp2|2026-06-19|day,ngp2,08:00,schubert,Schubert,4.2,#2a9d8f
ngp2|2026-06-19|day,ngp2,09:00,running,Running,28.0,#c7c0e8
ngp2|2026-06-19|day,ngp2,09:00,hydration,Hydration,12.0,#e76f51
ngp2|2026-06-19|day,ngp2,09:00,foil,Foil,11.2,#e9c46a
ngp2|2026-06-19|day,ngp2,09:00,schubert,Schubert,6.4,#2a9d8f
ngp2|2026-06-19|day,ngp2,09:00,unattributed,Other,2.3,#b2bec3
ngp2|2026-06-19|day,ngp2,10:00,running,Running,45.9,#c7c0e8
ngp2|2026-06-19|day,ngp2,10:00,hydration,Hydration,10.0,#e76f51
ngp2|2026-06-19|day,ngp2,10:00,schubert,Schubert,4.0,#2a9d8f
ngp2|2026-06-19|day,ngp2,11:00,running,Running,37.1,#c7c0e8
ngp2|2026-06-19|day,ngp2,11:00,hydration,Hydration,8.4,#e76f51
ngp2|2026-06-19|day,ngp2,11:00,foil,Foil,4.1,#e9c46a
ngp2|2026-06-19|day,ngp2,11:00,schubert,Schubert,10.3,#2a9d8f
ngp2|2026-06-19|day,ngp2,12:00,running,Running,31.8,#c7c0e8
ngp2|2026-06-19|day,ngp2,12:00,hydration,Hydration,19.2,#e76f51
ngp2|2026-06-19|day,ngp2,12:00,foil,Foil,4.2,#e9c46a
ngp2|2026-06-19|day,ngp2,12:00,schubert,Schubert,2.8,#2a9d8f
ngp2|2026-06-19|day,ngp2,12:00,unattributed,Other,1.9,#b2bec3
ngp2|2026-06-19|day,ngp2,13:00,running,Running,35.8,#c7c0e8
ngp2|2026-06-19|day,ngp2,13:00,hydration,Hydration,13.2,#e76f51
ngp2|2026-06-19|day,ngp2,13:00,foil,Foil,4.0,#e9c46a
ngp2|2026-06-19|day,ngp2,13:00,schubert,Schubert,6.7,#2a9d8f
ngp2|2026-06-19|day,ngp2,13:00,unattributed,Other,0.3,#b2bec3
ngp2|2026-06-19|day,ngp2,14:00,running,Running,28.7,#c7c0e8
ngp2|2026-06-19|day,ngp2,14:00,hydration,Hydration,14.3,#e76f51
ngp2|2026-06-19|day,ngp2,14:00,foil,Foil,6.9,#e9c46a
ngp2|2026-06-19|day,ngp2,14:00,schubert,Schubert,6.0,#2a9d8f
ngp2|2026-06-19|day,ngp2,14:00,unattributed,Other,4.2,#b2bec3
ngp2|2026-06-19|day,ngp2,15:00,running,Running,40.9,#c7c0e8
ngp2|2026-06-19|day,ngp2,15:00,hydration,Hydration,8.4,#e76f51
ngp2|2026-06-19|day,ngp2,15:00,foil,Foil,2.3,#e9c46a
ngp2|2026-06-19|day,ngp2,15:00,schubert,Schubert,7.1,#2a9d8f
ngp2|2026-06-19|day,ngp2,15:00,unattributed,Other,1.3,#b2bec3
ngp2|2026-06-19|day,ngp2,16:00,running,Running,31.8,#c7c0e8
ngp2|2026-06-19|day,ngp2,16:00,hydration,Hydration,17.1,#e76f51
ngp2|2026-06-19|day,ngp2,16:00,schubert,Schubert,11.1,#2a9d8f
ngp2|2026-06-19|day,ngp2,17:00,running,Running,26.4,#c7c0e8
ngp2|2026-06-19|day,ngp2,17:00,foil,Foil,7.3,#e9c46a
ngp2|2026-06-19|day,ngp2,17:00,schubert,Schubert,26.3,#2a9d8f
ngp2|2026-06-19|day,ngp2,18:00,running,Running,22.3,#c7c0e8
ngp2|2026-06-19|day,ngp2,18:00,hydration,Hydration,12.5,#e76f51
ngp2|2026-06-19|day,ngp2,18:00,foil,Foil,2.2,#e9c46a
ngp2|2026-06-19|day,ngp2,18:00,schubert,Schubert,17.6,#2a9d8f
ngp2|2026-06-19|day,ngp2,18:00,manual,Manual,5.3,#636e72
ngp2|2026-06-19|night,ngp2,19:00,running,Running,35.4,#c7c0e8
ngp2|2026-06-19|night,ngp2,19:00,hydration,Hydration,1.2,#e76f51
ngp2|2026-06-19|night,ngp2,19:00,foil,Foil,1.4,#e9c46a
ngp2|2026-06-19|night,ngp2,19:00,schubert,Schubert,20.0,#2a9d8f
ngp2|2026-06-19|night,ngp2,19:00,unattributed,Other,2.0,#b2bec3
ngp2|2026-06-19|night,ngp2,20:00,running,Running,50.1,#c7c0e8
ngp2|2026-06-19|night,ngp2,20:00,foil,Foil,2.7,#e9c46a
ngp2|2026-06-19|night,ngp2,20:00,schubert,Schubert,3.6,#2a9d8f
ngp2|2026-06-19|night,ngp2,20:00,unattributed,Other,3.5,#b2bec3
ngp2|2026-06-19|night,ngp2,21:00,running,Running,40.6,#c7c0e8
ngp2|2026-06-19|night,ngp2,21:00,hydration,Hydration,2.7,#e76f51
ngp2|2026-06-19|night,ngp2,21:00,foil,Foil,1.3,#e9c46a
ngp2|2026-06-19|night,ngp2,21:00,schubert,Schubert,12.8,#2a9d8f
ngp2|2026-06-19|night,ngp2,21:00,unattributed,Other,2.6,#b2bec3
ngp2|2026-06-19|night,ngp2,22:00,running,Running,44.0,#c7c0e8
ngp2|2026-06-19|night,ngp2,22:00,hydration,Hydration,13.0,#e76f51
ngp2|2026-06-19|night,ngp2,22:00,foil,Foil,2.9,#e9c46a
ngp2|2026-06-19|night,ngp2,23:00,running,Running,43.7,#c7c0e8
ngp2|2026-06-19|night,ngp2,23:00,schubert,Schubert,16.3,#2a9d8f
ngp2|2026-06-19|night,ngp2,00:00,running,Running,20.1,#c7c0e8
ngp2|2026-06-19|night,ngp2,00:00,hydration,Hydration,7.9,#e76f51
ngp2|2026-06-19|night,ngp2,00:00,foil,Foil,5.6,#e9c46a
ngp2|2026-06-19|night,ngp2,00:00,schubert,Schubert,21.2,#2a9d8f
ngp2|2026-06-19|night,ngp2,00:00,manual,Manual,5.1,#636e72
ngp2|2026-06-19|night,ngp2,01:00,running,Running,35.2,#c7c0e8
ngp2|2026-06-19|night,ngp2,01:00,hydration,Hydration,4.4,#e76f51
ngp2|2026-06-19|night,ngp2,01:00,foil,Foil,4.3,#e9c46a
ngp2|2026-06-19|night,ngp2,01:00,schubert,Schubert,12.2,#2a9d8f
ngp2|2026-06-19|night,ngp2,01:00,unattributed,Other,3.9,#b2bec3
ngp2|2026-06-19|night,ngp2,02:00,running,Running,45.3,#c7c0e8
ngp2|2026-06-19|night,ngp2,02:00,hydration,Hydration,2.6,#e76f51
ngp2|2026-06-19|night,ngp2,02:00,foil,Foil,10.8,#e9c46a
ngp2|2026-06-19|night,ngp2,02:00,schubert,Schubert,1.3,#2a9d8f
ngp2|2026-06-19|night,ngp2,03:00,running,Running,38.2,#c7c0e8
ngp2|2026-06-19|night,ngp2,03:00,hydration,Hydration,15.0,#e76f51
ngp2|2026-06-19|night,ngp2,03:00,foil,Foil,0.2,#e9c46a
ngp2|2026-06-19|night,ngp2,03:00,schubert,Schubert,6.6,#2a9d8f
ngp2|2026-06-19|night,ngp2,04:00,running,Running,33.6,#c7c0e8
ngp2|2026-06-19|night,ngp2,04:00,hydration,Hydration,13.7,#e76f51
ngp2|2026-06-19|night,ngp2,04:00,foil,Foil,8.5,#e9c46a
ngp2|2026-06-19|night,ngp2,04:00,schubert,Schubert,2.1,#2a9d8f
ngp2|2026-06-19|night,ngp2,04:00,unattributed,Other,2.1,#b2bec3
ngp2|2026-06-19|night,ngp2,05:00,running,Running,15.6,#c7c0e8
ngp2|2026-06-19|night,ngp2,05:00,hydration,Hydration,43.5,#e76f51
ngp2|2026-06-19|night,ngp2,05:00,foil,Foil,0.8,#e9c46a
ngp2|2026-06-19|night,ngp2,06:00,running,Running,40.0,#c7c0e8
ngp2|2026-06-19|night,ngp2,06:00,hydration,Hydration,20.0,#e76f51
ngp2|2026-07-08|day,ngp2,07:00,running,Running,17.4,#c7c0e8
ngp2|2026-07-08|day,ngp2,07:00,hydration,Hydration,9.5,#e76f51
ngp2|2026-07-08|day,ngp2,07:00,foil,Foil,18.5,#e9c46a
ngp2|2026-07-08|day,ngp2,07:00,schubert,Schubert,0.8,#2a9d8f
ngp2|2026-07-08|day,ngp2,07:00,manual,Manual,11.9,#636e72
ngp2|2026-07-08|day,ngp2,07:00,unattributed,Other,2.0,#b2bec3
ngp2|2026-07-08|day,ngp2,08:00,running,Running,10.9,#c7c0e8
ngp2|2026-07-08|day,ngp2,08:00,hydration,Hydration,5.3,#e76f51
ngp2|2026-07-08|day,ngp2,08:00,foil,Foil,33.3,#e9c46a
ngp2|2026-07-08|day,ngp2,08:00,schubert,Schubert,10.5,#2a9d8f
ngp2|2026-07-08|day,ngp2,09:00,running,Running,9.8,#c7c0e8
ngp2|2026-07-08|day,ngp2,09:00,hydration,Hydration,5.9,#e76f51
ngp2|2026-07-08|day,ngp2,09:00,foil,Foil,44.3,#e9c46a
ngp2|2026-07-08|day,ngp2,10:00,running,Running,10.5,#c7c0e8
ngp2|2026-07-08|day,ngp2,10:00,hydration,Hydration,12.7,#e76f51
ngp2|2026-07-08|day,ngp2,10:00,foil,Foil,36.9,#e9c46a
ngp2|2026-07-08|day,ngp2,11:00,running,Running,6.1,#c7c0e8
ngp2|2026-07-08|day,ngp2,11:00,hydration,Hydration,18.7,#e76f51
ngp2|2026-07-08|day,ngp2,11:00,foil,Foil,35.2,#e9c46a
ngp2|2026-07-08|day,ngp2,12:00,running,Running,31.0,#c7c0e8
ngp2|2026-07-08|day,ngp2,12:00,hydration,Hydration,7.7,#e76f51
ngp2|2026-07-08|day,ngp2,12:00,foil,Foil,18.3,#e9c46a
ngp2|2026-07-08|day,ngp2,12:00,schubert,Schubert,3.0,#2a9d8f
ngp2|2026-07-08|day,ngp2,13:00,running,Running,33.7,#c7c0e8
ngp2|2026-07-08|day,ngp2,13:00,hydration,Hydration,6.3,#e76f51
ngp2|2026-07-08|day,ngp2,13:00,foil,Foil,11.4,#e9c46a
ngp2|2026-07-08|day,ngp2,13:00,manual,Manual,7.5,#636e72
ngp2|2026-07-08|day,ngp2,13:00,unattributed,Other,1.1,#b2bec3
ngp2|2026-07-08|day,ngp2,14:00,running,Running,10.2,#c7c0e8
ngp2|2026-07-08|day,ngp2,14:00,hydration,Hydration,6.4,#e76f51
ngp2|2026-07-08|day,ngp2,14:00,foil,Foil,15.3,#e9c46a
ngp2|2026-07-08|day,ngp2,14:00,unattributed,Other,28.0,#b2bec3
ngp2|2026-07-08|day,ngp2,15:00,running,Running,13.9,#c7c0e8
ngp2|2026-07-08|day,ngp2,15:00,hydration,Hydration,24.8,#e76f51
ngp2|2026-07-08|day,ngp2,15:00,foil,Foil,10.9,#e9c46a
ngp2|2026-07-08|day,ngp2,15:00,schubert,Schubert,10.5,#2a9d8f
ngp2|2026-07-08|day,ngp2,16:00,running,Running,27.1,#c7c0e8
ngp2|2026-07-08|day,ngp2,16:00,hydration,Hydration,20.8,#e76f51
ngp2|2026-07-08|day,ngp2,16:00,foil,Foil,9.6,#e9c46a
ngp2|2026-07-08|day,ngp2,16:00,manual,Manual,2.6,#636e72
ngp2|2026-07-08|day,ngp2,17:00,running,Running,39.8,#c7c0e8
ngp2|2026-07-08|day,ngp2,17:00,hydration,Hydration,6.3,#e76f51
ngp2|2026-07-08|day,ngp2,17:00,foil,Foil,11.8,#e9c46a
ngp2|2026-07-08|day,ngp2,17:00,schubert,Schubert,2.0,#2a9d8f
ngp2|2026-07-08|day,ngp2,18:00,running,Running,14.0,#c7c0e8
ngp2|2026-07-08|day,ngp2,18:00,hydration,Hydration,31.4,#e76f51
ngp2|2026-07-08|day,ngp2,18:00,foil,Foil,13.0,#e9c46a
ngp2|2026-07-08|day,ngp2,18:00,schubert,Schubert,1.6,#2a9d8f
ngp2|2026-07-08|night,ngp2,19:00,running,Running,21.2,#c7c0e8
ngp2|2026-07-08|night,ngp2,19:00,hydration,Hydration,11.7,#e76f51
ngp2|2026-07-08|night,ngp2,19:00,foil,Foil,27.1,#e9c46a
ngp2|2026-07-08|night,ngp2,20:00,running,Running,23.6,#c7c0e8
ngp2|2026-07-08|night,ngp2,20:00,hydration,Hydration,23.1,#e76f51
ngp2|2026-07-08|night,ngp2,20:00,foil,Foil,0.8,#e9c46a
ngp2|2026-07-08|night,ngp2,20:00,schubert,Schubert,1.5,#2a9d8f
ngp2|2026-07-08|night,ngp2,20:00,manual,Manual,11.0,#636e72
ngp2|2026-07-08|night,ngp2,21:00,running,Running,21.0,#c7c0e8
ngp2|2026-07-08|night,ngp2,21:00,hydration,Hydration,15.5,#e76f51
ngp2|2026-07-08|night,ngp2,21:00,foil,Foil,8.1,#e9c46a
ngp2|2026-07-08|night,ngp2,21:00,schubert,Schubert,12.6,#2a9d8f
ngp2|2026-07-08|night,ngp2,21:00,unattributed,Other,2.8,#b2bec3
ngp2|2026-07-08|night,ngp2,22:00,running,Running,12.5,#c7c0e8
ngp2|2026-07-08|night,ngp2,22:00,hydration,Hydration,14.9,#e76f51
ngp2|2026-07-08|night,ngp2,22:00,foil,Foil,25.8,#e9c46a
ngp2|2026-07-08|night,ngp2,22:00,manual,Manual,4.5,#636e72
ngp2|2026-07-08|night,ngp2,22:00,unattributed,Other,2.3,#b2bec3
ngp2|2026-07-08|night,ngp2,23:00,running,Running,18.2,#c7c0e8
ngp2|2026-07-08|night,ngp2,23:00,hydration,Hydration,3.6,#e76f51
ngp2|2026-07-08|night,ngp2,23:00,foil,Foil,36.7,#e9c46a
ngp2|2026-07-08|night,ngp2,23:00,schubert,Schubert,1.5,#2a9d8f
ngp2|2026-07-08|night,ngp2,00:00,running,Running,22.5,#c7c0e8
ngp2|2026-07-08|night,ngp2,00:00,hydration,Hydration,3.3,#e76f51
ngp2|2026-07-08|night,ngp2,00:00,foil,Foil,34.2,#e9c46a
ngp2|2026-07-08|night,ngp2,01:00,running,Running,26.0,#c7c0e8
ngp2|2026-07-08|night,ngp2,01:00,hydration,Hydration,5.0,#e76f51
ngp2|2026-07-08|night,ngp2,01:00,foil,Foil,27.6,#e9c46a
ngp2|2026-07-08|night,ngp2,01:00,schubert,Schubert,1.4,#2a9d8f
ngp2|2026-07-08|night,ngp2,02:00,running,Running,39.6,#c7c0e8
ngp2|2026-07-08|night,ngp2,02:00,hydration,Hydration,10.9,#e76f51
ngp2|2026-07-08|night,ngp2,02:00,foil,Foil,7.1,#e9c46a
ngp2|2026-07-08|night,ngp2,02:00,schubert,Schubert,2.5,#2a9d8f
ngp2|2026-07-08|night,ngp2,03:00,running,Running,27.9,#c7c0e8
ngp2|2026-07-08|night,ngp2,03:00,hydration,Hydration,4.0,#e76f51
ngp2|2026-07-08|night,ngp2,03:00,foil,Foil,24.0,#e9c46a
ngp2|2026-07-08|night,ngp2,03:00,schubert,Schubert,4.1,#2a9d8f
ngp2|2026-07-08|night,ngp2,04:00,running,Running,0.0,#c7c0e8
ngp2|2026-07-08|night,ngp2,04:00,foil,Foil,60.0,#e9c46a
ngp2|2026-07-08|night,ngp2,05:00,running,Running,0.0,#c7c0e8
ngp2|2026-07-08|night,ngp2,05:00,foil,Foil,60.0,#e9c46a
ngp2|2026-07-08|night,ngp2,06:00,running,Running,0.0,#c7c0e8
ngp2|2026-07-08|night,ngp2,06:00,foil,Foil,60.0,#e9c46a
ngp2|2026-07-09|day,ngp2,07:00,running,Running,0.0,#c7c0e8
ngp2|2026-07-09|day,ngp2,07:00,foil,Foil,60.0,#e9c46a
ngp2|2026-07-09|day,ngp2,08:00,running,Running,0.0,#c7c0e8
ngp2|2026-07-09|day,ngp2,08:00,foil,Foil,60.0,#e9c46a
ngp2|2026-07-09|day,ngp2,09:00,running,Running,0.0,#c7c0e8
ngp2|2026-07-09|day,ngp2,09:00,foil,Foil,60.0,#e9c46a
ngp2|2026-07-09|day,ngp2,10:00,running,Running,0.0,#c7c0e8
ngp2|2026-07-09|day,ngp2,10:00,foil,Foil,60.0,#e9c46a
ngp2|2026-07-09|day,ngp2,11:00,running,Running,0.0,#c7c0e8
ngp2|2026-07-09|day,ngp2,11:00,foil,Foil,60.0,#e9c46a
ngp2|2026-07-09|day,ngp2,12:00,running,Running,0.0,#c7c0e8
ngp2|2026-07-09|day,ngp2,12:00,foil,Foil,60.0,#e9c46a
ngp2|2026-07-09|day,ngp2,13:00,running,Running,0.0,#c7c0e8
ngp2|2026-07-09|day,ngp2,13:00,foil,Foil,60.0,#e9c46a
ngp2|2026-07-09|day,ngp2,14:00,running,Running,4.2,#c7c0e8
ngp2|2026-07-09|day,ngp2,14:00,hydration,Hydration,19.2,#e76f51
ngp2|2026-07-09|day,ngp2,14:00,foil,Foil,33.6,#e9c46a
ngp2|2026-07-09|day,ngp2,14:00,manual,Manual,3.0,#636e72
ngp2|2026-07-09|day,ngp2,15:00,running,Running,4.3,#c7c0e8
ngp2|2026-07-09|day,ngp2,15:00,hydration,Hydration,50.0,#e76f51
ngp2|2026-07-09|day,ngp2,15:00,foil,Foil,5.8,#e9c46a
ngp2|2026-07-09|day,ngp2,16:00,running,Running,31.3,#c7c0e8
ngp2|2026-07-09|day,ngp2,16:00,hydration,Hydration,15.6,#e76f51
ngp2|2026-07-09|day,ngp2,16:00,foil,Foil,11.4,#e9c46a
ngp2|2026-07-09|day,ngp2,16:00,schubert,Schubert,1.8,#2a9d8f
ngp2|2026-07-09|day,ngp2,17:00,running,Running,10.8,#c7c0e8
ngp2|2026-07-09|day,ngp2,17:00,hydration,Hydration,6.4,#e76f51
ngp2|2026-07-09|day,ngp2,17:00,foil,Foil,38.2,#e9c46a
ngp2|2026-07-09|day,ngp2,17:00,schubert,Schubert,3.6,#2a9d8f
ngp2|2026-07-09|day,ngp2,17:00,manual,Manual,1.0,#636e72
ngp2|2026-07-09|day,ngp2,18:00,running,Running,21.1,#c7c0e8
ngp2|2026-07-09|day,ngp2,18:00,hydration,Hydration,33.3,#e76f51
ngp2|2026-07-09|day,ngp2,18:00,foil,Foil,5.6,#e9c46a
ngp2|2026-07-09|night,ngp2,19:00,running,Running,27.8,#c7c0e8
ngp2|2026-07-09|night,ngp2,19:00,hydration,Hydration,22.6,#e76f51
ngp2|2026-07-09|night,ngp2,19:00,foil,Foil,2.7,#e9c46a
ngp2|2026-07-09|night,ngp2,19:00,schubert,Schubert,3.0,#2a9d8f
ngp2|2026-07-09|night,ngp2,19:00,manual,Manual,2.5,#636e72
ngp2|2026-07-09|night,ngp2,19:00,unattributed,Other,1.3,#b2bec3
ngp2|2026-07-09|night,ngp2,20:00,running,Running,22.7,#c7c0e8
ngp2|2026-07-09|night,ngp2,20:00,hydration,Hydration,29.9,#e76f51
ngp2|2026-07-09|night,ngp2,20:00,foil,Foil,7.4,#e9c46a
ngp2|2026-07-09|night,ngp2,21:00,running,Running,12.8,#c7c0e8
ngp2|2026-07-09|night,ngp2,21:00,hydration,Hydration,5.4,#e76f51
ngp2|2026-07-09|night,ngp2,21:00,foil,Foil,41.8,#e9c46a
ngp2|2026-07-09|night,ngp2,22:00,running,Running,10.0,#c7c0e8
ngp2|2026-07-09|night,ngp2,22:00,hydration,Hydration,8.7,#e76f51
ngp2|2026-07-09|night,ngp2,22:00,foil,Foil,39.8,#e9c46a
ngp2|2026-07-09|night,ngp2,22:00,manual,Manual,1.5,#636e72
ngp2|2026-07-09|night,ngp2,23:00,running,Running,8.3,#c7c0e8
ngp2|2026-07-09|night,ngp2,23:00,hydration,Hydration,40.4,#e76f51
ngp2|2026-07-09|night,ngp2,23:00,foil,Foil,11.4,#e9c46a
ngp2|2026-07-09|night,ngp2,00:00,running,Running,8.3,#c7c0e8
ngp2|2026-07-09|night,ngp2,00:00,hydration,Hydration,38.9,#e76f51
ngp2|2026-07-09|night,ngp2,00:00,foil,Foil,12.9,#e9c46a
ngp2|2026-07-09|night,ngp2,01:00,running,Running,22.7,#c7c0e8
ngp2|2026-07-09|night,ngp2,01:00,hydration,Hydration,5.1,#e76f51
ngp2|2026-07-09|night,ngp2,01:00,foil,Foil,32.3,#e9c46a
ngp2|2026-07-09|night,ngp2,02:00,running,Running,24.0,#c7c0e8
ngp2|2026-07-09|night,ngp2,02:00,foil,Foil,34.9,#e9c46a
ngp2|2026-07-09|night,ngp2,02:00,schubert,Schubert,1.1,#2a9d8f
ngp2|2026-07-09|night,ngp2,03:00,running,Running,24.8,#c7c0e8
ngp2|2026-07-09|night,ngp2,03:00,hydration,Hydration,6.2,#e76f51
ngp2|2026-07-09|night,ngp2,03:00,foil,Foil,18.4,#e9c46a
ngp2|2026-07-09|night,ngp2,03:00,schubert,Schubert,9.2,#2a9d8f
ngp2|2026-07-09|night,ngp2,03:00,unattributed,Other,1.4,#b2bec3
ngp2|2026-07-09|night,ngp2,04:00,running,Running,24.3,#c7c0e8
ngp2|2026-07-09|night,ngp2,04:00,hydration,Hydration,6.5,#e76f51
ngp2|2026-07-09|night,ngp2,04:00,foil,Foil,29.2,#e9c46a
ngp2|2026-07-09|night,ngp2,05:00,running,Running,12.1,#c7c0e8
ngp2|2026-07-09|night,ngp2,05:00,hydration,Hydration,5.4,#e76f51
ngp2|2026-07-09|night,ngp2,05:00,foil,Foil,40.8,#e9c46a
ngp2|2026-07-09|night,ngp2,05:00,manual,Manual,1.8,#636e72
ngp2|2026-07-09|night,ngp2,06:00,running,Running,15.2,#c7c0e8
ngp2|2026-07-09|night,ngp2,06:00,hydration,Hydration,9.5,#e76f51
ngp2|2026-07-09|night,ngp2,06:00,foil,Foil,29.3,#e9c46a
ngp2|2026-07-09|night,ngp2,06:00,schubert,Schubert,4.8,#2a9d8f
ngp2|2026-07-09|night,ngp2,06:00,unattributed,Other,1.2,#b2bec3
ngp2|2026-07-10|day,ngp2,07:00,running,Running,10.7,#c7c0e8
ngp2|2026-07-10|day,ngp2,07:00,hydration,Hydration,6.1,#e76f51
ngp2|2026-07-10|day,ngp2,07:00,foil,Foil,30.1,#e9c46a
ngp2|2026-07-10|day,ngp2,07:00,manual,Manual,13.1,#636e72
ngp2|2026-07-10|day,ngp2,08:00,running,Running,17.9,#c7c0e8
ngp2|2026-07-10|day,ngp2,08:00,hydration,Hydration,8.8,#e76f51
ngp2|2026-07-10|day,ngp2,08:00,foil,Foil,27.2,#e9c46a
ngp2|2026-07-10|day,ngp2,08:00,schubert,Schubert,6.1,#2a9d8f
ngp2|2026-07-10|day,ngp2,09:00,running,Running,18.6,#c7c0e8
ngp2|2026-07-10|day,ngp2,09:00,hydration,Hydration,9.0,#e76f51
ngp2|2026-07-10|day,ngp2,09:00,foil,Foil,18.0,#e9c46a
ngp2|2026-07-10|day,ngp2,09:00,schubert,Schubert,12.9,#2a9d8f
ngp2|2026-07-10|day,ngp2,09:00,manual,Manual,1.5,#636e72
ngp2|2026-07-10|day,ngp2,10:00,running,Running,0.0,#c7c0e8
ngp2|2026-07-10|day,ngp2,10:00,schubert,Schubert,60.0,#2a9d8f
ngp2|2026-07-10|day,ngp2,11:00,running,Running,5.9,#c7c0e8
ngp2|2026-07-10|day,ngp2,11:00,hydration,Hydration,18.4,#e76f51
ngp2|2026-07-10|day,ngp2,11:00,foil,Foil,3.8,#e9c46a
ngp2|2026-07-10|day,ngp2,11:00,schubert,Schubert,31.9,#2a9d8f
ngp2|2026-07-10|day,ngp2,12:00,running,Running,11.7,#c7c0e8
ngp2|2026-07-10|day,ngp2,12:00,hydration,Hydration,28.5,#e76f51
ngp2|2026-07-10|day,ngp2,12:00,foil,Foil,4.6,#e9c46a
ngp2|2026-07-10|day,ngp2,12:00,schubert,Schubert,11.5,#2a9d8f
ngp2|2026-07-10|day,ngp2,12:00,unattributed,Other,3.7,#b2bec3
ngp2|2026-07-10|day,ngp2,13:00,running,Running,27.9,#c7c0e8
ngp2|2026-07-10|day,ngp2,13:00,hydration,Hydration,15.6,#e76f51
ngp2|2026-07-10|day,ngp2,13:00,foil,Foil,11.2,#e9c46a
ngp2|2026-07-10|day,ngp2,13:00,schubert,Schubert,4.2,#2a9d8f
ngp2|2026-07-10|day,ngp2,13:00,unattributed,Other,1.0,#b2bec3
ngp2|2026-07-10|day,ngp2,14:00,running,Running,19.7,#c7c0e8
ngp2|2026-07-10|day,ngp2,14:00,hydration,Hydration,28.3,#e76f51
ngp2|2026-07-10|day,ngp2,14:00,foil,Foil,2.3,#e9c46a
ngp2|2026-07-10|day,ngp2,14:00,schubert,Schubert,8.3,#2a9d8f
ngp2|2026-07-10|day,ngp2,14:00,unattributed,Other,1.4,#b2bec3
ngp2|2026-07-10|day,ngp2,15:00,running,Running,24.6,#c7c0e8
ngp2|2026-07-10|day,ngp2,15:00,hydration,Hydration,7.7,#e76f51
ngp2|2026-07-10|day,ngp2,15:00,foil,Foil,23.4,#e9c46a
ngp2|2026-07-10|day,ngp2,15:00,schubert,Schubert,3.5,#2a9d8f
ngp2|2026-07-10|day,ngp2,15:00,unattributed,Other,0.8,#b2bec3
ngp2|2026-07-10|day,ngp2,16:00,running,Running,29.8,#c7c0e8
ngp2|2026-07-10|day,ngp2,16:00,hydration,Hydration,2.7,#e76f51
ngp2|2026-07-10|day,ngp2,16:00,foil,Foil,17.1,#e9c46a
ngp2|2026-07-10|day,ngp2,16:00,schubert,Schubert,10.4,#2a9d8f
ngp2|2026-07-10|day,ngp2,17:00,running,Running,30.5,#c7c0e8
ngp2|2026-07-10|day,ngp2,17:00,hydration,Hydration,1.4,#e76f51
ngp2|2026-07-10|day,ngp2,17:00,foil,Foil,17.3,#e9c46a
ngp2|2026-07-10|day,ngp2,17:00,schubert,Schubert,10.8,#2a9d8f
ngp2|2026-07-10|day,ngp2,18:00,running,Running,26.0,#c7c0e8
ngp2|2026-07-10|day,ngp2,18:00,hydration,Hydration,0.7,#e76f51
ngp2|2026-07-10|day,ngp2,18:00,foil,Foil,5.6,#e9c46a
ngp2|2026-07-10|day,ngp2,18:00,schubert,Schubert,25.2,#2a9d8f
ngp2|2026-07-10|day,ngp2,18:00,manual,Manual,1.5,#636e72
ngp2|2026-07-10|day,ngp2,18:00,unattributed,Other,1.0,#b2bec3
ngp2|2026-07-10|night,ngp2,19:00,running,Running,33.1,#c7c0e8
ngp2|2026-07-10|night,ngp2,19:00,hydration,Hydration,6.0,#e76f51
ngp2|2026-07-10|night,ngp2,19:00,foil,Foil,15.1,#e9c46a
ngp2|2026-07-10|night,ngp2,19:00,schubert,Schubert,5.7,#2a9d8f
ngp2|2026-07-10|night,ngp2,20:00,running,Running,18.2,#c7c0e8
ngp2|2026-07-10|night,ngp2,20:00,hydration,Hydration,1.1,#e76f51
ngp2|2026-07-10|night,ngp2,20:00,foil,Foil,38.8,#e9c46a
ngp2|2026-07-10|night,ngp2,20:00,unattributed,Other,1.9,#b2bec3
ngp2|2026-07-10|night,ngp2,21:00,running,Running,39.7,#c7c0e8
ngp2|2026-07-10|night,ngp2,21:00,hydration,Hydration,9.2,#e76f51
ngp2|2026-07-10|night,ngp2,21:00,foil,Foil,9.3,#e9c46a
ngp2|2026-07-10|night,ngp2,21:00,schubert,Schubert,1.8,#2a9d8f
ngp2|2026-07-10|night,ngp2,22:00,running,Running,35.7,#c7c0e8
ngp2|2026-07-10|night,ngp2,22:00,hydration,Hydration,1.6,#e76f51
ngp2|2026-07-10|night,ngp2,22:00,foil,Foil,21.2,#e9c46a
ngp2|2026-07-10|night,ngp2,22:00,schubert,Schubert,1.5,#2a9d8f
ngp2|2026-07-10|night,ngp2,23:00,running,Running,32.8,#c7c0e8
ngp2|2026-07-10|night,ngp2,23:00,hydration,Hydration,2.6,#e76f51
ngp2|2026-07-10|night,ngp2,23:00,foil,Foil,20.5,#e9c46a
ngp2|2026-07-10|night,ngp2,23:00,schubert,Schubert,4.2,#2a9d8f
ngp2|2026-07-10|night,ngp2,00:00,running,Running,31.9,#c7c0e8
ngp2|2026-07-10|night,ngp2,00:00,hydration,Hydration,2.2,#e76f51
ngp2|2026-07-10|night,ngp2,00:00,foil,Foil,12.4,#e9c46a
ngp2|2026-07-10|night,ngp2,00:00,schubert,Schubert,13.5,#2a9d8f
ngp2|2026-07-10|night,ngp2,01:00,running,Running,19.0,#c7c0e8
ngp2|2026-07-10|night,ngp2,01:00,hydration,Hydration,3.0,#e76f51
ngp2|2026-07-10|night,ngp2,01:00,foil,Foil,12.8,#e9c46a
ngp2|2026-07-10|night,ngp2,01:00,schubert,Schubert,25.2,#2a9d8f
ngp2|2026-07-10|night,ngp2,02:00,running,Running,40.0,#c7c0e8
ngp2|2026-07-10|night,ngp2,02:00,hydration,Hydration,6.7,#e76f51
ngp2|2026-07-10|night,ngp2,02:00,foil,Foil,13.3,#e9c46a
ngp2|2026-07-10|night,ngp2,03:00,running,Running,23.1,#c7c0e8
ngp2|2026-07-10|night,ngp2,03:00,hydration,Hydration,15.0,#e76f51
ngp2|2026-07-10|night,ngp2,03:00,foil,Foil,19.5,#e9c46a
ngp2|2026-07-10|night,ngp2,03:00,schubert,Schubert,2.3,#2a9d8f
ngp2|2026-07-10|night,ngp2,04:00,running,Running,27.4,#c7c0e8
ngp2|2026-07-10|night,ngp2,04:00,hydration,Hydration,7.2,#e76f51
ngp2|2026-07-10|night,ngp2,04:00,foil,Foil,20.2,#e9c46a
ngp2|2026-07-10|night,ngp2,04:00,schubert,Schubert,3.5,#2a9d8f
ngp2|2026-07-10|night,ngp2,04:00,unattributed,Other,1.6,#b2bec3
ngp2|2026-07-10|night,ngp2,05:00,running,Running,22.8,#c7c0e8
ngp2|2026-07-10|night,ngp2,05:00,hydration,Hydration,1.8,#e76f51
ngp2|2026-07-10|night,ngp2,05:00,foil,Foil,29.8,#e9c46a
ngp2|2026-07-10|night,ngp2,05:00,schubert,Schubert,5.7,#2a9d8f
ngp2|2026-07-10|night,ngp2,06:00,running,Running,20.6,#c7c0e8
ngp2|2026-07-10|night,ngp2,06:00,hydration,Hydration,5.8,#e76f51
ngp2|2026-07-10|night,ngp2,06:00,foil,Foil,14.0,#e9c46a
ngp2|2026-07-10|night,ngp2,06:00,schubert,Schubert,1.2,#2a9d8f
ngp2|2026-07-10|night,ngp2,06:00,manual,Manual,18.4,#636e72
ngp2|2026-07-11|day,ngp2,07:00,running,Running,24.0,#c7c0e8
ngp2|2026-07-11|day,ngp2,07:00,hydration,Hydration,3.8,#e76f51
ngp2|2026-07-11|day,ngp2,07:00,foil,Foil,12.7,#e9c46a
ngp2|2026-07-11|day,ngp2,07:00,schubert,Schubert,0.8,#2a9d8f
ngp2|2026-07-11|day,ngp2,07:00,manual,Manual,18.7,#636e72
ngp2|2026-07-11|day,ngp2,08:00,running,Running,12.0,#c7c0e8
ngp2|2026-07-11|day,ngp2,08:00,hydration,Hydration,1.3,#e76f51
ngp2|2026-07-11|day,ngp2,08:00,foil,Foil,26.5,#e9c46a
ngp2|2026-07-11|day,ngp2,08:00,manual,Manual,18.7,#636e72
ngp2|2026-07-11|day,ngp2,08:00,unattributed,Other,1.5,#b2bec3
ngp2|2026-07-11|day,ngp2,09:00,running,Running,27.1,#c7c0e8
ngp2|2026-07-11|day,ngp2,09:00,hydration,Hydration,2.7,#e76f51
ngp2|2026-07-11|day,ngp2,09:00,foil,Foil,30.1,#e9c46a
ngp2|2026-07-11|day,ngp2,10:00,running,Running,21.1,#c7c0e8
ngp2|2026-07-11|day,ngp2,10:00,hydration,Hydration,1.1,#e76f51
ngp2|2026-07-11|day,ngp2,10:00,foil,Foil,37.9,#e9c46a
ngp2|2026-07-11|day,ngp2,11:00,running,Running,22.5,#c7c0e8
ngp2|2026-07-11|day,ngp2,11:00,hydration,Hydration,1.7,#e76f51
ngp2|2026-07-11|day,ngp2,11:00,foil,Foil,22.2,#e9c46a
ngp2|2026-07-11|day,ngp2,11:00,schubert,Schubert,13.6,#2a9d8f
ngp2|2026-07-11|day,ngp2,12:00,running,Running,35.3,#c7c0e8
ngp2|2026-07-11|day,ngp2,12:00,hydration,Hydration,5.6,#e76f51
ngp2|2026-07-11|day,ngp2,12:00,foil,Foil,13.8,#e9c46a
ngp2|2026-07-11|day,ngp2,12:00,schubert,Schubert,5.3,#2a9d8f
ngp2|2026-07-11|day,ngp2,13:00,running,Running,32.8,#c7c0e8
ngp2|2026-07-11|day,ngp2,13:00,hydration,Hydration,2.3,#e76f51
ngp2|2026-07-11|day,ngp2,13:00,foil,Foil,20.0,#e9c46a
ngp2|2026-07-11|day,ngp2,13:00,schubert,Schubert,4.0,#2a9d8f
ngp2|2026-07-11|day,ngp2,13:00,manual,Manual,0.9,#636e72
ngp2|2026-07-11|day,ngp2,14:00,running,Running,15.4,#c7c0e8
ngp2|2026-07-11|day,ngp2,14:00,hydration,Hydration,7.0,#e76f51
ngp2|2026-07-11|day,ngp2,14:00,foil,Foil,37.6,#e9c46a
ngp2|2026-07-11|day,ngp2,15:00,running,Running,11.5,#c7c0e8
ngp2|2026-07-11|day,ngp2,15:00,hydration,Hydration,29.3,#e76f51
ngp2|2026-07-11|day,ngp2,15:00,foil,Foil,18.3,#e9c46a
ngp2|2026-07-11|day,ngp2,15:00,manual,Manual,0.9,#636e72
ngp2|2026-07-11|day,ngp2,16:00,running,Running,17.6,#c7c0e8
ngp2|2026-07-11|day,ngp2,16:00,hydration,Hydration,15.5,#e76f51
ngp2|2026-07-11|day,ngp2,16:00,foil,Foil,25.6,#e9c46a
ngp2|2026-07-11|day,ngp2,16:00,unattributed,Other,1.4,#b2bec3
ngp2|2026-07-11|day,ngp2,17:00,running,Running,33.9,#c7c0e8
ngp2|2026-07-11|day,ngp2,17:00,hydration,Hydration,3.9,#e76f51
ngp2|2026-07-11|day,ngp2,17:00,foil,Foil,22.1,#e9c46a
ngp2|2026-07-11|day,ngp2,18:00,running,Running,28.2,#c7c0e8
ngp2|2026-07-11|day,ngp2,18:00,hydration,Hydration,1.5,#e76f51
ngp2|2026-07-11|day,ngp2,18:00,foil,Foil,30.3,#e9c46a
ngp2|2026-07-11|night,ngp2,19:00,running,Running,7.1,#c7c0e8
ngp2|2026-07-11|night,ngp2,19:00,hydration,Hydration,0.7,#e76f51
ngp2|2026-07-11|night,ngp2,19:00,foil,Foil,50.3,#e9c46a
ngp2|2026-07-11|night,ngp2,19:00,unattributed,Other,1.9,#b2bec3
ngp2|2026-07-11|night,ngp2,20:00,running,Running,8.0,#c7c0e8
ngp2|2026-07-11|night,ngp2,20:00,foil,Foil,45.2,#e9c46a
ngp2|2026-07-11|night,ngp2,20:00,schubert,Schubert,6.8,#2a9d8f
ngp2|2026-07-11|night,ngp2,21:00,running,Running,19.2,#c7c0e8
ngp2|2026-07-11|night,ngp2,21:00,hydration,Hydration,5.9,#e76f51
ngp2|2026-07-11|night,ngp2,21:00,foil,Foil,35.0,#e9c46a
ngp2|2026-07-11|night,ngp2,22:00,running,Running,37.7,#c7c0e8
ngp2|2026-07-11|night,ngp2,22:00,hydration,Hydration,1.3,#e76f51
ngp2|2026-07-11|night,ngp2,22:00,foil,Foil,14.1,#e9c46a
ngp2|2026-07-11|night,ngp2,22:00,schubert,Schubert,1.9,#2a9d8f
ngp2|2026-07-11|night,ngp2,22:00,manual,Manual,3.4,#636e72
ngp2|2026-07-11|night,ngp2,22:00,unattributed,Other,1.6,#b2bec3
ngp2|2026-07-11|night,ngp2,23:00,running,Running,35.0,#c7c0e8
ngp2|2026-07-11|night,ngp2,23:00,hydration,Hydration,4.2,#e76f51
ngp2|2026-07-11|night,ngp2,23:00,foil,Foil,17.2,#e9c46a
ngp2|2026-07-11|night,ngp2,23:00,schubert,Schubert,3.7,#2a9d8f
ngp2|2026-07-11|night,ngp2,00:00,running,Running,35.2,#c7c0e8
ngp2|2026-07-11|night,ngp2,00:00,hydration,Hydration,2.0,#e76f51
ngp2|2026-07-11|night,ngp2,00:00,foil,Foil,19.7,#e9c46a
ngp2|2026-07-11|night,ngp2,00:00,schubert,Schubert,3.1,#2a9d8f
ngp2|2026-07-11|night,ngp2,01:00,running,Running,31.7,#c7c0e8
ngp2|2026-07-11|night,ngp2,01:00,hydration,Hydration,2.4,#e76f51
ngp2|2026-07-11|night,ngp2,01:00,foil,Foil,23.7,#e9c46a
ngp2|2026-07-11|night,ngp2,01:00,schubert,Schubert,2.2,#2a9d8f
ngp2|2026-07-11|night,ngp2,02:00,running,Running,27.7,#c7c0e8
ngp2|2026-07-11|night,ngp2,02:00,hydration,Hydration,6.4,#e76f51
ngp2|2026-07-11|night,ngp2,02:00,foil,Foil,10.1,#e9c46a
ngp2|2026-07-11|night,ngp2,02:00,schubert,Schubert,11.5,#2a9d8f
ngp2|2026-07-11|night,ngp2,02:00,manual,Manual,2.1,#636e72
ngp2|2026-07-11|night,ngp2,02:00,unattributed,Other,2.2,#b2bec3
ngp2|2026-07-11|night,ngp2,03:00,running,Running,25.9,#c7c0e8
ngp2|2026-07-11|night,ngp2,03:00,hydration,Hydration,5.8,#e76f51
ngp2|2026-07-11|night,ngp2,03:00,foil,Foil,25.1,#e9c46a
ngp2|2026-07-11|night,ngp2,03:00,schubert,Schubert,3.2,#2a9d8f
ngp2|2026-07-11|night,ngp2,04:00,running,Running,27.8,#c7c0e8
ngp2|2026-07-11|night,ngp2,04:00,hydration,Hydration,4.0,#e76f51
ngp2|2026-07-11|night,ngp2,04:00,foil,Foil,26.0,#e9c46a
ngp2|2026-07-11|night,ngp2,04:00,unattributed,Other,2.2,#b2bec3
ngp2|2026-07-11|night,ngp2,05:00,running,Running,14.7,#c7c0e8
ngp2|2026-07-11|night,ngp2,05:00,hydration,Hydration,1.8,#e76f51
ngp2|2026-07-11|night,ngp2,05:00,foil,Foil,43.5,#e9c46a
ngp2|2026-07-11|night,ngp2,06:00,running,Running,22.2,#c7c0e8
ngp2|2026-07-11|night,ngp2,06:00,hydration,Hydration,13.2,#e76f51
ngp2|2026-07-11|night,ngp2,06:00,foil,Foil,20.7,#e9c46a
ngp2|2026-07-11|night,ngp2,06:00,schubert,Schubert,3.9,#2a9d8f
ngp2|2026-07-12|day,ngp2,07:00,running,Running,21.9,#c7c0e8
ngp2|2026-07-12|day,ngp2,07:00,hydration,Hydration,6.2,#e76f51
ngp2|2026-07-12|day,ngp2,07:00,foil,Foil,15.7,#e9c46a
ngp2|2026-07-12|day,ngp2,07:00,schubert,Schubert,4.0,#2a9d8f
ngp2|2026-07-12|day,ngp2,07:00,manual,Manual,10.5,#636e72
ngp2|2026-07-12|day,ngp2,07:00,unattributed,Other,1.7,#b2bec3
ngp2|2026-07-12|day,ngp2,08:00,running,Running,27.9,#c7c0e8
ngp2|2026-07-12|day,ngp2,08:00,hydration,Hydration,10.3,#e76f51
ngp2|2026-07-12|day,ngp2,08:00,foil,Foil,21.8,#e9c46a
ngp2|2026-07-12|day,ngp2,09:00,running,Running,4.3,#c7c0e8
ngp2|2026-07-12|day,ngp2,09:00,hydration,Hydration,52.4,#e76f51
ngp2|2026-07-12|day,ngp2,09:00,foil,Foil,3.3,#e9c46a
ngp2|2026-07-12|day,ngp2,10:00,running,Running,5.9,#c7c0e8
ngp2|2026-07-12|day,ngp2,10:00,hydration,Hydration,35.0,#e76f51
ngp2|2026-07-12|day,ngp2,10:00,foil,Foil,19.1,#e9c46a
ngp2|2026-07-12|day,ngp2,11:00,running,Running,23.8,#c7c0e8
ngp2|2026-07-12|day,ngp2,11:00,hydration,Hydration,17.0,#e76f51
ngp2|2026-07-12|day,ngp2,11:00,foil,Foil,19.1,#e9c46a
ngp2|2026-07-12|day,ngp2,12:00,running,Running,11.2,#c7c0e8
ngp2|2026-07-12|day,ngp2,12:00,hydration,Hydration,44.1,#e76f51
ngp2|2026-07-12|day,ngp2,12:00,foil,Foil,1.7,#e9c46a
ngp2|2026-07-12|day,ngp2,12:00,schubert,Schubert,3.0,#2a9d8f
ngp2|2026-07-12|day,ngp2,13:00,running,Running,32.9,#c7c0e8
ngp2|2026-07-12|day,ngp2,13:00,hydration,Hydration,0.8,#e76f51
ngp2|2026-07-12|day,ngp2,13:00,foil,Foil,17.7,#e9c46a
ngp2|2026-07-12|day,ngp2,13:00,schubert,Schubert,0.3,#2a9d8f
ngp2|2026-07-12|day,ngp2,13:00,manual,Manual,6.7,#636e72
ngp2|2026-07-12|day,ngp2,13:00,unattributed,Other,1.7,#b2bec3
ngp2|2026-07-12|day,ngp2,14:00,running,Running,21.1,#c7c0e8
ngp2|2026-07-12|day,ngp2,14:00,hydration,Hydration,4.3,#e76f51
ngp2|2026-07-12|day,ngp2,14:00,foil,Foil,30.9,#e9c46a
ngp2|2026-07-12|day,ngp2,14:00,schubert,Schubert,2.2,#2a9d8f
ngp2|2026-07-12|day,ngp2,14:00,unattributed,Other,1.4,#b2bec3
ngp2|2026-07-12|day,ngp2,15:00,running,Running,23.4,#c7c0e8
ngp2|2026-07-12|day,ngp2,15:00,hydration,Hydration,11.8,#e76f51
ngp2|2026-07-12|day,ngp2,15:00,foil,Foil,23.3,#e9c46a
ngp2|2026-07-12|day,ngp2,15:00,schubert,Schubert,1.6,#2a9d8f
ngp2|2026-07-12|day,ngp2,16:00,running,Running,34.2,#c7c0e8
ngp2|2026-07-12|day,ngp2,16:00,hydration,Hydration,7.0,#e76f51
ngp2|2026-07-12|day,ngp2,16:00,foil,Foil,15.2,#e9c46a
ngp2|2026-07-12|day,ngp2,16:00,schubert,Schubert,2.2,#2a9d8f
ngp2|2026-07-12|day,ngp2,16:00,unattributed,Other,1.3,#b2bec3
ngp2|2026-07-12|day,ngp2,17:00,running,Running,26.4,#c7c0e8
ngp2|2026-07-12|day,ngp2,17:00,hydration,Hydration,17.4,#e76f51
ngp2|2026-07-12|day,ngp2,17:00,foil,Foil,16.2,#e9c46a
ngp2|2026-07-12|day,ngp2,18:00,running,Running,25.0,#c7c0e8
ngp2|2026-07-12|day,ngp2,18:00,hydration,Hydration,2.0,#e76f51
ngp2|2026-07-12|day,ngp2,18:00,foil,Foil,29.7,#e9c46a
ngp2|2026-07-12|day,ngp2,18:00,schubert,Schubert,1.8,#2a9d8f
ngp2|2026-07-12|day,ngp2,18:00,unattributed,Other,1.5,#b2bec3
ngp2|2026-07-12|night,ngp2,19:00,running,Running,21.8,#c7c0e8
ngp2|2026-07-12|night,ngp2,19:00,hydration,Hydration,5.4,#e76f51
ngp2|2026-07-12|night,ngp2,19:00,foil,Foil,21.4,#e9c46a
ngp2|2026-07-12|night,ngp2,19:00,schubert,Schubert,11.3,#2a9d8f
ngp2|2026-07-12|night,ngp2,20:00,running,Running,16.0,#c7c0e8
ngp2|2026-07-12|night,ngp2,20:00,hydration,Hydration,5.7,#e76f51
ngp2|2026-07-12|night,ngp2,20:00,foil,Foil,33.2,#e9c46a
ngp2|2026-07-12|night,ngp2,20:00,schubert,Schubert,5.1,#2a9d8f
ngp2|2026-07-12|night,ngp2,21:00,running,Running,17.0,#c7c0e8
ngp2|2026-07-12|night,ngp2,21:00,hydration,Hydration,2.9,#e76f51
ngp2|2026-07-12|night,ngp2,21:00,foil,Foil,32.7,#e9c46a
ngp2|2026-07-12|night,ngp2,21:00,schubert,Schubert,4.4,#2a9d8f
ngp2|2026-07-12|night,ngp2,21:00,manual,Manual,3.0,#636e72
ngp2|2026-07-12|night,ngp2,22:00,running,Running,27.7,#c7c0e8
ngp2|2026-07-12|night,ngp2,22:00,hydration,Hydration,2.2,#e76f51
ngp2|2026-07-12|night,ngp2,22:00,foil,Foil,24.4,#e9c46a
ngp2|2026-07-12|night,ngp2,22:00,schubert,Schubert,3.0,#2a9d8f
ngp2|2026-07-12|night,ngp2,22:00,unattributed,Other,2.7,#b2bec3
ngp2|2026-07-12|night,ngp2,23:00,running,Running,42.4,#c7c0e8
ngp2|2026-07-12|night,ngp2,23:00,hydration,Hydration,3.0,#e76f51
ngp2|2026-07-12|night,ngp2,23:00,foil,Foil,5.7,#e9c46a
ngp2|2026-07-12|night,ngp2,23:00,schubert,Schubert,3.8,#2a9d8f
ngp2|2026-07-12|night,ngp2,23:00,unattributed,Other,5.0,#b2bec3
ngp2|2026-07-12|night,ngp2,00:00,running,Running,25.4,#c7c0e8
ngp2|2026-07-12|night,ngp2,00:00,hydration,Hydration,3.8,#e76f51
ngp2|2026-07-12|night,ngp2,00:00,foil,Foil,8.0,#e9c46a
ngp2|2026-07-12|night,ngp2,00:00,schubert,Schubert,22.8,#2a9d8f
ngp2|2026-07-12|night,ngp2,01:00,running,Running,27.2,#c7c0e8
ngp2|2026-07-12|night,ngp2,01:00,hydration,Hydration,19.7,#e76f51
ngp2|2026-07-12|night,ngp2,01:00,foil,Foil,1.4,#e9c46a
ngp2|2026-07-12|night,ngp2,01:00,schubert,Schubert,11.7,#2a9d8f
ngp2|2026-07-12|night,ngp2,02:00,running,Running,33.3,#c7c0e8
ngp2|2026-07-12|night,ngp2,02:00,hydration,Hydration,15.4,#e76f51
ngp2|2026-07-12|night,ngp2,02:00,foil,Foil,2.7,#e9c46a
ngp2|2026-07-12|night,ngp2,02:00,schubert,Schubert,8.5,#2a9d8f
ngp2|2026-07-12|night,ngp2,03:00,running,Running,26.1,#c7c0e8
ngp2|2026-07-12|night,ngp2,03:00,hydration,Hydration,3.1,#e76f51
ngp2|2026-07-12|night,ngp2,03:00,foil,Foil,12.6,#e9c46a
ngp2|2026-07-12|night,ngp2,03:00,schubert,Schubert,10.3,#2a9d8f
ngp2|2026-07-12|night,ngp2,03:00,unattributed,Other,7.8,#b2bec3
ngp2|2026-07-12|night,ngp2,04:00,running,Running,44.4,#c7c0e8
ngp2|2026-07-12|night,ngp2,04:00,hydration,Hydration,8.7,#e76f51
ngp2|2026-07-12|night,ngp2,04:00,foil,Foil,1.7,#e9c46a
ngp2|2026-07-12|night,ngp2,04:00,schubert,Schubert,1.8,#2a9d8f
ngp2|2026-07-12|night,ngp2,04:00,unattributed,Other,3.3,#b2bec3
ngp2|2026-07-12|night,ngp2,05:00,running,Running,46.1,#c7c0e8
ngp2|2026-07-12|night,ngp2,05:00,hydration,Hydration,3.6,#e76f51
ngp2|2026-07-12|night,ngp2,05:00,foil,Foil,1.4,#e9c46a
ngp2|2026-07-12|night,ngp2,05:00,schubert,Schubert,7.5,#2a9d8f
ngp2|2026-07-12|night,ngp2,05:00,unattributed,Other,1.3,#b2bec3
ngp2|2026-07-12|night,ngp2,06:00,running,Running,21.6,#c7c0e8
ngp2|2026-07-12|night,ngp2,06:00,hydration,Hydration,28.8,#e76f51
ngp2|2026-07-12|night,ngp2,06:00,foil,Foil,7.0,#e9c46a
ngp2|2026-07-12|night,ngp2,06:00,schubert,Schubert,2.5,#2a9d8f
ngp2|2026-07-13|day,ngp2,07:00,running,Running,2.4,#c7c0e8
ngp2|2026-07-13|day,ngp2,07:00,hydration,Hydration,42.9,#e76f51
ngp2|2026-07-13|day,ngp2,07:00,foil,Foil,8.9,#e9c46a
ngp2|2026-07-13|day,ngp2,07:00,manual,Manual,5.8,#636e72
ngp2|2026-07-13|day,ngp2,08:00,running,Running,16.8,#c7c0e8
ngp2|2026-07-13|day,ngp2,08:00,hydration,Hydration,15.1,#e76f51
ngp2|2026-07-13|day,ngp2,08:00,foil,Foil,21.6,#e9c46a
ngp2|2026-07-13|day,ngp2,08:00,manual,Manual,4.4,#636e72
ngp2|2026-07-13|day,ngp2,08:00,unattributed,Other,2.1,#b2bec3
ngp2|2026-07-13|day,ngp2,09:00,running,Running,17.9,#c7c0e8
ngp2|2026-07-13|day,ngp2,09:00,hydration,Hydration,25.3,#e76f51
ngp2|2026-07-13|day,ngp2,09:00,foil,Foil,5.9,#e9c46a
ngp2|2026-07-13|day,ngp2,09:00,schubert,Schubert,6.4,#2a9d8f
ngp2|2026-07-13|day,ngp2,09:00,unattributed,Other,4.5,#b2bec3
ngp2|2026-07-13|day,ngp2,10:00,running,Running,20.3,#c7c0e8
ngp2|2026-07-13|day,ngp2,10:00,hydration,Hydration,8.1,#e76f51
ngp2|2026-07-13|day,ngp2,10:00,foil,Foil,22.0,#e9c46a
ngp2|2026-07-13|day,ngp2,10:00,schubert,Schubert,8.3,#2a9d8f
ngp2|2026-07-13|day,ngp2,10:00,manual,Manual,1.3,#636e72
ngp2|2026-07-13|day,ngp2,11:00,running,Running,9.6,#c7c0e8
ngp2|2026-07-13|day,ngp2,11:00,hydration,Hydration,13.3,#e76f51
ngp2|2026-07-13|day,ngp2,11:00,foil,Foil,37.1,#e9c46a
ngp2|2026-07-13|day,ngp2,12:00,running,Running,29.4,#c7c0e8
ngp2|2026-07-13|day,ngp2,12:00,hydration,Hydration,17.6,#e76f51
ngp2|2026-07-13|day,ngp2,12:00,foil,Foil,10.6,#e9c46a
ngp2|2026-07-13|day,ngp2,12:00,unattributed,Other,2.3,#b2bec3
ngp2|2026-07-13|day,ngp2,13:00,running,Running,32.0,#c7c0e8
ngp2|2026-07-13|day,ngp2,13:00,hydration,Hydration,15.6,#e76f51
ngp2|2026-07-13|day,ngp2,13:00,foil,Foil,8.1,#e9c46a
ngp2|2026-07-13|day,ngp2,13:00,schubert,Schubert,4.4,#2a9d8f
ngp2|2026-07-13|day,ngp2,14:00,running,Running,23.1,#c7c0e8
ngp2|2026-07-13|day,ngp2,14:00,hydration,Hydration,33.6,#e76f51
ngp2|2026-07-13|day,ngp2,14:00,foil,Foil,3.3,#e9c46a
ngp2|2026-07-13|day,ngp2,15:00,running,Running,13.9,#c7c0e8
ngp2|2026-07-13|day,ngp2,15:00,hydration,Hydration,42.9,#e76f51
ngp2|2026-07-13|day,ngp2,15:00,foil,Foil,2.1,#e9c46a
ngp2|2026-07-13|day,ngp2,15:00,schubert,Schubert,1.1,#2a9d8f
ngp2|2026-07-13|day,ngp2,16:00,running,Running,16.8,#c7c0e8
ngp2|2026-07-13|day,ngp2,16:00,hydration,Hydration,42.0,#e76f51
ngp2|2026-07-13|day,ngp2,16:00,foil,Foil,1.2,#e9c46a
ngp2|2026-07-13|day,ngp2,17:00,running,Running,14.6,#c7c0e8
ngp2|2026-07-13|day,ngp2,17:00,hydration,Hydration,34.4,#e76f51
ngp2|2026-07-13|day,ngp2,17:00,foil,Foil,4.6,#e9c46a
ngp2|2026-07-13|day,ngp2,17:00,schubert,Schubert,1.3,#2a9d8f
ngp2|2026-07-13|day,ngp2,17:00,manual,Manual,5.2,#636e72
ngp2|2026-07-13|day,ngp2,18:00,running,Running,30.0,#c7c0e8
ngp2|2026-07-13|day,ngp2,18:00,hydration,Hydration,10.0,#e76f51
ngp2|2026-07-13|day,ngp2,18:00,foil,Foil,12.6,#e9c46a
ngp2|2026-07-13|day,ngp2,18:00,schubert,Schubert,3.4,#2a9d8f
ngp2|2026-07-13|day,ngp2,18:00,unattributed,Other,4.0,#b2bec3
ngp2|2026-07-13|night,ngp2,19:00,running,Running,18.7,#c7c0e8
ngp2|2026-07-13|night,ngp2,19:00,hydration,Hydration,21.0,#e76f51
ngp2|2026-07-13|night,ngp2,19:00,foil,Foil,15.6,#e9c46a
ngp2|2026-07-13|night,ngp2,19:00,schubert,Schubert,4.7,#2a9d8f
ngp2|2026-07-13|night,ngp2,20:00,running,Running,50.0,#c7c0e8
ngp2|2026-07-13|night,ngp2,20:00,hydration,Hydration,3.3,#e76f51
ngp2|2026-07-13|night,ngp2,20:00,foil,Foil,1.9,#e9c46a
ngp2|2026-07-13|night,ngp2,20:00,schubert,Schubert,3.1,#2a9d8f
ngp2|2026-07-13|night,ngp2,20:00,unattributed,Other,1.8,#b2bec3
ngp2|2026-07-13|night,ngp2,21:00,running,Running,26.9,#c7c0e8
ngp2|2026-07-13|night,ngp2,21:00,hydration,Hydration,18.7,#e76f51
ngp2|2026-07-13|night,ngp2,21:00,schubert,Schubert,3.0,#2a9d8f
ngp2|2026-07-13|night,ngp2,21:00,manual,Manual,10.8,#636e72
ngp2|2026-07-13|night,ngp2,21:00,unattributed,Other,0.6,#b2bec3
ngp2|2026-07-13|night,ngp2,22:00,running,Running,42.2,#c7c0e8
ngp2|2026-07-13|night,ngp2,22:00,hydration,Hydration,4.0,#e76f51
ngp2|2026-07-13|night,ngp2,22:00,foil,Foil,6.0,#e9c46a
ngp2|2026-07-13|night,ngp2,22:00,schubert,Schubert,1.4,#2a9d8f
ngp2|2026-07-13|night,ngp2,22:00,manual,Manual,5.2,#636e72
ngp2|2026-07-13|night,ngp2,22:00,unattributed,Other,1.2,#b2bec3
ngp2|2026-07-13|night,ngp2,23:00,running,Running,36.9,#c7c0e8
ngp2|2026-07-13|night,ngp2,23:00,hydration,Hydration,15.4,#e76f51
ngp2|2026-07-13|night,ngp2,23:00,foil,Foil,7.7,#e9c46a
ngp2|2026-07-13|night,ngp2,00:00,running,Running,36.9,#c7c0e8
ngp2|2026-07-13|night,ngp2,00:00,hydration,Hydration,14.2,#e76f51
ngp2|2026-07-13|night,ngp2,00:00,foil,Foil,8.9,#e9c46a
ngp2|2026-07-13|night,ngp2,01:00,running,Running,33.9,#c7c0e8
ngp2|2026-07-13|night,ngp2,01:00,hydration,Hydration,1.3,#e76f51
ngp2|2026-07-13|night,ngp2,01:00,foil,Foil,22.9,#e9c46a
ngp2|2026-07-13|night,ngp2,01:00,schubert,Schubert,1.9,#2a9d8f
ngp2|2026-07-13|night,ngp2,02:00,running,Running,45.5,#c7c0e8
ngp2|2026-07-13|night,ngp2,02:00,hydration,Hydration,4.1,#e76f51
ngp2|2026-07-13|night,ngp2,02:00,foil,Foil,5.5,#e9c46a
ngp2|2026-07-13|night,ngp2,02:00,schubert,Schubert,4.9,#2a9d8f
ngp2|2026-07-13|night,ngp2,03:00,running,Running,45.5,#c7c0e8
ngp2|2026-07-13|night,ngp2,03:00,hydration,Hydration,3.5,#e76f51
ngp2|2026-07-13|night,ngp2,03:00,foil,Foil,3.3,#e9c46a
ngp2|2026-07-13|night,ngp2,03:00,schubert,Schubert,7.7,#2a9d8f
ngp2|2026-07-13|night,ngp2,04:00,running,Running,54.3,#c7c0e8
ngp2|2026-07-13|night,ngp2,04:00,hydration,Hydration,0.6,#e76f51
ngp2|2026-07-13|night,ngp2,04:00,foil,Foil,1.3,#e9c46a
ngp2|2026-07-13|night,ngp2,04:00,schubert,Schubert,1.9,#2a9d8f
ngp2|2026-07-13|night,ngp2,04:00,unattributed,Other,1.9,#b2bec3
ngp2|2026-07-13|night,ngp2,05:00,running,Running,15.4,#c7c0e8
ngp2|2026-07-13|night,ngp2,05:00,hydration,Hydration,1.4,#e76f51
ngp2|2026-07-13|night,ngp2,05:00,schubert,Schubert,29.8,#2a9d8f
ngp2|2026-07-13|night,ngp2,05:00,unattributed,Other,13.3,#b2bec3
ngp2|2026-07-13|night,ngp2,06:00,running,Running,42.9,#c7c0e8
ngp2|2026-07-13|night,ngp2,06:00,hydration,Hydration,12.4,#e76f51
ngp2|2026-07-13|night,ngp2,06:00,foil,Foil,2.5,#e9c46a
ngp2|2026-07-13|night,ngp2,06:00,schubert,Schubert,1.1,#2a9d8f
ngp2|2026-07-13|night,ngp2,06:00,unattributed,Other,1.0,#b2bec3
ngp2|2026-07-14|day,ngp2,07:00,running,Running,25.3,#c7c0e8
ngp2|2026-07-14|day,ngp2,07:00,hydration,Hydration,16.9,#e76f51
ngp2|2026-07-14|day,ngp2,07:00,foil,Foil,8.5,#e9c46a
ngp2|2026-07-14|day,ngp2,07:00,schubert,Schubert,1.1,#2a9d8f
ngp2|2026-07-14|day,ngp2,07:00,unattributed,Other,8.2,#b2bec3
ngp2|2026-07-14|day,ngp2,08:00,running,Running,36.7,#c7c0e8
ngp2|2026-07-14|day,ngp2,08:00,hydration,Hydration,7.7,#e76f51
ngp2|2026-07-14|day,ngp2,08:00,foil,Foil,2.6,#e9c46a
ngp2|2026-07-14|day,ngp2,08:00,schubert,Schubert,11.2,#2a9d8f
ngp2|2026-07-14|day,ngp2,08:00,unattributed,Other,1.7,#b2bec3
ngp2|2026-07-14|day,ngp2,09:00,running,Running,32.6,#c7c0e8
ngp2|2026-07-14|day,ngp2,09:00,hydration,Hydration,7.2,#e76f51
ngp2|2026-07-14|day,ngp2,09:00,foil,Foil,11.5,#e9c46a
ngp2|2026-07-14|day,ngp2,09:00,schubert,Schubert,8.7,#2a9d8f
ngp2|2026-07-14|day,ngp2,10:00,running,Running,21.6,#c7c0e8
ngp2|2026-07-14|day,ngp2,10:00,hydration,Hydration,2.7,#e76f51
ngp2|2026-07-14|day,ngp2,10:00,foil,Foil,23.9,#e9c46a
ngp2|2026-07-14|day,ngp2,10:00,schubert,Schubert,11.9,#2a9d8f
ngp2|2026-07-14|day,ngp2,11:00,running,Running,16.1,#c7c0e8
ngp2|2026-07-14|day,ngp2,11:00,hydration,Hydration,29.5,#e76f51
ngp2|2026-07-14|day,ngp2,11:00,foil,Foil,14.4,#e9c46a
ngp2|2026-07-14|day,ngp2,12:00,running,Running,8.3,#c7c0e8
ngp2|2026-07-14|day,ngp2,12:00,hydration,Hydration,7.7,#e76f51
ngp2|2026-07-14|day,ngp2,12:00,foil,Foil,44.0,#e9c46a
ngp2|2026-07-14|day,ngp2,13:00,running,Running,26.6,#c7c0e8
ngp2|2026-07-14|day,ngp2,13:00,hydration,Hydration,5.0,#e76f51
ngp2|2026-07-14|day,ngp2,13:00,foil,Foil,13.0,#e9c46a
ngp2|2026-07-14|day,ngp2,13:00,schubert,Schubert,15.4,#2a9d8f
ngp2|2026-07-14|day,ngp2,14:00,running,Running,32.1,#c7c0e8
ngp2|2026-07-14|day,ngp2,14:00,hydration,Hydration,1.4,#e76f51
ngp2|2026-07-14|day,ngp2,14:00,foil,Foil,20.3,#e9c46a
ngp2|2026-07-14|day,ngp2,14:00,schubert,Schubert,6.3,#2a9d8f
ngp2|2026-07-14|day,ngp2,15:00,running,Running,21.9,#c7c0e8
ngp2|2026-07-14|day,ngp2,15:00,hydration,Hydration,12.2,#e76f51
ngp2|2026-07-14|day,ngp2,15:00,foil,Foil,13.4,#e9c46a
ngp2|2026-07-14|day,ngp2,15:00,schubert,Schubert,5.9,#2a9d8f
ngp2|2026-07-14|day,ngp2,15:00,unattributed,Other,6.7,#b2bec3
ngp2|2026-07-14|day,ngp2,16:00,running,Running,23.9,#c7c0e8
ngp2|2026-07-14|day,ngp2,16:00,hydration,Hydration,31.4,#e76f51
ngp2|2026-07-14|day,ngp2,16:00,foil,Foil,4.7,#e9c46a
ngp2|2026-07-14|day,ngp2,17:00,running,Running,23.9,#c7c0e8
ngp2|2026-07-14|day,ngp2,17:00,hydration,Hydration,7.1,#e76f51
ngp2|2026-07-14|day,ngp2,17:00,manual,Manual,29.0,#636e72
ngp2|2026-07-14|day,ngp2,18:00,running,Running,18.2,#c7c0e8
ngp2|2026-07-14|day,ngp2,18:00,hydration,Hydration,13.1,#e76f51
ngp2|2026-07-14|day,ngp2,18:00,foil,Foil,18.7,#e9c46a
ngp2|2026-07-14|day,ngp2,18:00,schubert,Schubert,8.2,#2a9d8f
ngp2|2026-07-14|day,ngp2,18:00,manual,Manual,1.7,#636e72
ngp2|2026-07-14|night,ngp2,19:00,running,Running,28.5,#c7c0e8
ngp2|2026-07-14|night,ngp2,19:00,hydration,Hydration,8.8,#e76f51
ngp2|2026-07-14|night,ngp2,19:00,foil,Foil,13.9,#e9c46a
ngp2|2026-07-14|night,ngp2,19:00,schubert,Schubert,8.1,#2a9d8f
ngp2|2026-07-14|night,ngp2,19:00,unattributed,Other,0.7,#b2bec3
ngp2|2026-07-14|night,ngp2,20:00,running,Running,32.5,#c7c0e8
ngp2|2026-07-14|night,ngp2,20:00,hydration,Hydration,0.7,#e76f51
ngp2|2026-07-14|night,ngp2,20:00,foil,Foil,14.8,#e9c46a
ngp2|2026-07-14|night,ngp2,20:00,schubert,Schubert,12.0,#2a9d8f
ngp2|2026-07-14|night,ngp2,21:00,running,Running,25.3,#c7c0e8
ngp2|2026-07-14|night,ngp2,21:00,hydration,Hydration,8.8,#e76f51
ngp2|2026-07-14|night,ngp2,21:00,foil,Foil,16.1,#e9c46a
ngp2|2026-07-14|night,ngp2,21:00,schubert,Schubert,5.2,#2a9d8f
ngp2|2026-07-14|night,ngp2,21:00,unattributed,Other,4.7,#b2bec3
ngp2|2026-07-14|night,ngp2,22:00,running,Running,24.9,#c7c0e8
ngp2|2026-07-14|night,ngp2,22:00,hydration,Hydration,7.9,#e76f51
ngp2|2026-07-14|night,ngp2,22:00,foil,Foil,20.1,#e9c46a
ngp2|2026-07-14|night,ngp2,22:00,schubert,Schubert,5.7,#2a9d8f
ngp2|2026-07-14|night,ngp2,22:00,unattributed,Other,1.4,#b2bec3
ngp2|2026-07-14|night,ngp2,23:00,running,Running,29.4,#c7c0e8
ngp2|2026-07-14|night,ngp2,23:00,hydration,Hydration,2.0,#e76f51
ngp2|2026-07-14|night,ngp2,23:00,foil,Foil,27.2,#e9c46a
ngp2|2026-07-14|night,ngp2,23:00,schubert,Schubert,1.4,#2a9d8f
ngp2|2026-07-14|night,ngp2,00:00,running,Running,37.8,#c7c0e8
ngp2|2026-07-14|night,ngp2,00:00,hydration,Hydration,10.9,#e76f51
ngp2|2026-07-14|night,ngp2,00:00,foil,Foil,9.8,#e9c46a
ngp2|2026-07-14|night,ngp2,00:00,unattributed,Other,1.5,#b2bec3
ngp2|2026-07-14|night,ngp2,01:00,running,Running,48.9,#c7c0e8
ngp2|2026-07-14|night,ngp2,01:00,hydration,Hydration,0.7,#e76f51
ngp2|2026-07-14|night,ngp2,01:00,foil,Foil,2.9,#e9c46a
ngp2|2026-07-14|night,ngp2,01:00,schubert,Schubert,5.7,#2a9d8f
ngp2|2026-07-14|night,ngp2,01:00,unattributed,Other,1.8,#b2bec3
ngp2|2026-07-14|night,ngp2,02:00,running,Running,45.6,#c7c0e8
ngp2|2026-07-14|night,ngp2,02:00,foil,Foil,12.4,#e9c46a
ngp2|2026-07-14|night,ngp2,02:00,schubert,Schubert,2.0,#2a9d8f
ngp2|2026-07-14|night,ngp2,03:00,running,Running,47.3,#c7c0e8
ngp2|2026-07-14|night,ngp2,03:00,hydration,Hydration,5.5,#e76f51
ngp2|2026-07-14|night,ngp2,03:00,foil,Foil,2.0,#e9c46a
ngp2|2026-07-14|night,ngp2,03:00,schubert,Schubert,2.7,#2a9d8f
ngp2|2026-07-14|night,ngp2,03:00,unattributed,Other,2.4,#b2bec3
ngp2|2026-07-14|night,ngp2,04:00,running,Running,45.8,#c7c0e8
ngp2|2026-07-14|night,ngp2,04:00,hydration,Hydration,7.0,#e76f51
ngp2|2026-07-14|night,ngp2,04:00,foil,Foil,5.5,#e9c46a
ngp2|2026-07-14|night,ngp2,04:00,schubert,Schubert,0.3,#2a9d8f
ngp2|2026-07-14|night,ngp2,04:00,unattributed,Other,1.4,#b2bec3
ngp2|2026-07-14|night,ngp2,05:00,running,Running,46.3,#c7c0e8
ngp2|2026-07-14|night,ngp2,05:00,hydration,Hydration,0.6,#e76f51
ngp2|2026-07-14|night,ngp2,05:00,foil,Foil,11.4,#e9c46a
ngp2|2026-07-14|night,ngp2,05:00,schubert,Schubert,1.7,#2a9d8f
ngp2|2026-07-14|night,ngp2,06:00,running,Running,37.9,#c7c0e8
ngp2|2026-07-14|night,ngp2,06:00,hydration,Hydration,17.2,#e76f51
ngp2|2026-07-14|night,ngp2,06:00,foil,Foil,1.3,#e9c46a
ngp2|2026-07-14|night,ngp2,06:00,schubert,Schubert,3.6,#2a9d8f
