ShiftKey,LineId,Segment,Cluster,Label,Count,Hours
hu3|2026-06-13|day,hu3,pneumatic,Air Pressure,1A07-1B1 Main air valve basic machine pressure not present,6,1.57
hu3|2026-06-13|day,hu3,pneumatic,Other,1082 Tool change active,1,0.56
hu3|2026-06-13|day,hu3,pneumatic,Other,MSM-Valve: At least one station takes longer than maximum allowed,1,0.03
hu3|2026-06-13|day,hu3,pneumatic,Valve on Web,1074 Valve left inserted but not found - Check for valve on web,1,0.14
hu3|2026-06-13|day,hu3,pneumatic,Valve on Web,1074 Valve right out of area - Check for valve on web,1,0.02
hu3|2026-06-13|day,hu3,pneumatic,Valve on Web,1074 Valve right inserted but not found - Check for valve on web,1,0.0
hu3|2026-06-13|day,hu3,handling,Gripper,1406-6B2 Valve in pickup position B not present,4,0.09
hu3|2026-06-13|day,hu3,handling,Gripper,1406-6B1 Valve in pickup position A not present,4,0.08
hu3|2026-06-13|day,hu3,handling,Fork,1211-2B1 Limit switch fault Fork B in working position,3,0.07
hu3|2026-06-13|day,hu3,handling,Fork,1210-2B1 Limit switch fault Fork A in working position,1,0.02
hu3|2026-06-13|day,hu3,handling,Piston,1082-3B2 Limit switch fault Push out piston lifted,1,0.05
hu3|2026-06-13|day,hu3,handling,Cylinder,1090-2B1 Error Cylinder switch,1,0.02
hu3|2026-06-13|day,hu3,sealing,Sealing Head,1155-1M1 unwinder has reached adjusted current limit,1,0.23
hu3|2026-06-13|day,hu3,sealing,Sealing Head,1408-2M1 Valve infeed in Y has reached adjusted current limit,1,0.07
hu3|2026-06-13|day,hu3,sealing,Printer,1050-3K1 Hot printer B not ready for operation,1,0.06
hu3|2026-06-13|day,hu3,web,End of Reel,1158-5B1 All rolls empty - Please refill!,1,0.18
hu3|2026-06-13|day,hu3,web,End of Reel,1155 End of reel,2,0.15
hu3|2026-06-13|day,hu3,web,End of Reel,1151 End of reel,1,0.14
hu3|2026-06-13|day,hu3,web,End of Reel,1300-2B1 End of reel,1,0.11
hu3|2026-06-13|day,hu3,web,End of Reel,1153 End of reel,1,0.09
hu3|2026-06-13|day,hu3,web,Web Torn,1159-1B1 Web torn,2,0.15
hu3|2026-06-13|day,hu3,web,Web Torn,1158-1B1 Web torn,1,0.07
hu3|2026-06-13|day,hu3,web,Web Torn,1153-1B1 Web torn,2,0.02
hu3|2026-06-13|day,hu3,web,Splice,1158-6GQ1 Vacuum splice module not present,3,0.13
hu3|2026-06-13|day,hu3,web,Splice,1159-6GQ1 Vacuum splice module not present,1,0.01
hu3|2026-06-13|night,hu3,handling,Gripper,1406-6B2 Valve in pickup position B not present,7,0.17
hu3|2026-06-13|night,hu3,handling,Fork,1210-2B1 Limit switch fault Fork A in working position,1,0.03
hu3|2026-06-13|night,hu3,web,Splice,1158-6GQ1 Vacuum splice module not present,2,0.17
hu3|2026-06-13|night,hu3,web,Splice,1159-6GQ1 Vacuum splice module not present,1,0.04
hu3|2026-06-13|night,hu3,web,Splice,1120-1B1 Last splice has not been detected,1,0.02
hu3|2026-06-13|night,hu3,web,Splice,1311-1B1 Last splice has not been detected,1,0.01
hu3|2026-06-13|night,hu3,web,Web Torn,1159-1B1 Web torn,4,0.45
hu3|2026-06-13|night,hu3,web,Web Torn,1153-1B1 Web torn,1,0.02
hu3|2026-06-13|night,hu3,web,End of Reel,1155 End of reel,1,0.14
hu3|2026-06-13|night,hu3,web,End of Reel,1151 End of reel,1,0.13
hu3|2026-06-13|night,hu3,web,End of Reel,1159-5B1 All rolls empty - Please refill!,1,0.11
hu3|2026-06-13|night,hu3,web,End of Reel,1152 End of reel,1,0.11
hu3|2026-06-13|night,hu3,web,End of Reel,1150 End of reel,1,0.07
hu3|2026-06-13|night,hu3,sealing,Printer,1050-2K1 Hot printer A not ready for operation,1,0.08
hu3|2026-06-13|night,hu3,sealing,Sealing Head,1076-2M1 Sealing head B has reached adjusted current limit,1,0.06
hu3|2026-06-13|night,hu3,sealing,Sealing Head,1072-2B1 Limit switch fault Sealing head in working position,1,0.01
hu3|2026-06-13|night,hu3,sealing,Knife,1038-13B1 Limit switch fault Knife top extended,1,0.16
hu3|2026-06-13|night,hu3,pneumatic,Valve on Web,1074 Valve left inserted but not found - Check for valve on web,1,0.02
hu3|2026-06-13|night,hu3,pneumatic,Air Pressure,1A07-1B1 Main air valve basic machine pressure not present,1,0.22
hu3|2026-06-14|day,hu3,handling,Fork,1210-2B1 Limit switch fault Fork A in working position,4,0.24
hu3|2026-06-14|day,hu3,handling,Fork,1211-2B1 Limit switch fault Fork B in working position,4,0.14
hu3|2026-06-14|day,hu3,handling,Gripper,1406-6B1 Valve in pickup position A not present,5,0.09
hu3|2026-06-14|day,hu3,handling,Gripper,1406-6B2 Valve in pickup position B not present,1,0.02
hu3|2026-06-14|day,hu3,web,End of Reel,1150 End of reel,2,0.17
hu3|2026-06-14|day,hu3,web,End of Reel,1156 End of reel,1,0.14
hu3|2026-06-14|day,hu3,web,End of Reel,1155 End of reel,1,0.11
hu3|2026-06-14|day,hu3,web,End of Reel,1153 End of reel,1,0.07
hu3|2026-06-14|day,hu3,web,Splice,1158-6GQ1 Vacuum splice module not present,4,0.36
hu3|2026-06-14|day,hu3,web,Splice,1128-1B1 Last splice has not been detected,1,0.01
hu3|2026-06-14|day,hu3,web,Web Torn,1159-1B1 Web torn,1,0.06
hu3|2026-06-14|day,hu3,web,Web Torn,1156-1B1 Web torn,1,0.01
hu3|2026-06-14|day,hu3,pneumatic,Valve on Web,1074 Valve left out of area - Check for valve on web,1,0.02
hu3|2026-06-14|day,hu3,pneumatic,Valve on Web,1074 Valve right out of area - Check for valve on web,2,0.02
hu3|2026-06-14|day,hu3,pneumatic,Air Pressure,1A07-1B1 Main air valve basic machine pressure not present,2,1.92
hu3|2026-06-14|day,hu3,pneumatic,Cooling,1036-11B1 Flow monitor flow rate not OK,1,0.01
hu3|2026-06-14|day,hu3,sealing,Sealing Head,1152-1M1 unwinder has reached adjusted current limit,1,0.02
hu3|2026-06-14|night,hu3,web,End of Reel,1153 End of reel,2,0.37
hu3|2026-06-14|night,hu3,web,End of Reel,1150 End of reel,2,0.18
hu3|2026-06-14|night,hu3,web,End of Reel,1155 End of reel,1,0.15
hu3|2026-06-14|night,hu3,web,End of Reel,1151 Prewarning end of reel,1,0.15
hu3|2026-06-14|night,hu3,web,End of Reel,1159-5B1 All rolls empty - Please refill!,1,0.12
hu3|2026-06-14|night,hu3,web,Splice,1158-6GQ1 Vacuum splice module not present,1,0.03
hu3|2026-06-14|night,hu3,web,Splice,1159-6GQ1 Vacuum splice module not present,1,0.02
hu3|2026-06-14|night,hu3,web,Splice,1120-1B1 Last splice has not been detected,1,0.01
hu3|2026-06-14|night,hu3,web,Web Torn,1159-1B1 Web torn,1,0.03
hu3|2026-06-14|night,hu3,handling,Gripper,1406-6B2 Valve in pickup position B not present,2,0.03
hu3|2026-06-14|night,hu3,handling,Fork,1210-2B1 Limit switch fault Fork A in working position,6,0.18
hu3|2026-06-14|night,hu3,handling,Fork,1211-2B1 Limit switch fault Fork B in working position,1,0.02
hu3|2026-06-14|night,hu3,handling,Piston,1082-3B1 Limit switch fault Push out piston lowered,1,0.09
hu3|2026-06-14|night,hu3,handling,Piston,1082-5B2 Error vacuum switch push out piston B,1,0.02
hu3|2026-06-14|night,hu3,pneumatic,Air Pressure,1A07-1B1 Main air valve basic machine pressure not present,3,0.97
hu3|2026-06-14|night,hu3,pneumatic,Valve on Web,1074 Valve right out of area - Check for valve on web,2,0.03
hu3|2026-06-15|day,hu3,web,End of Reel,1156 End of reel,1,0.29
hu3|2026-06-15|day,hu3,web,End of Reel,1155 End of reel,2,0.21
hu3|2026-06-15|day,hu3,web,End of Reel,1158-5B1 All rolls empty - Please refill!,2,0.19
hu3|2026-06-15|day,hu3,web,End of Reel,1153 End of reel,1,0.14
hu3|2026-06-15|day,hu3,web,End of Reel,1150 End of reel,2,0.14
hu3|2026-06-15|day,hu3,web,Splice,1158-6GQ1 Vacuum splice module not present,2,0.08
hu3|2026-06-15|day,hu3,web,Splice,1128-1B1 Last splice has not been detected,2,0.01
hu3|2026-06-15|day,hu3,web,Splice,1311-1B1 Last splice has not been detected,1,0.0
hu3|2026-06-15|day,hu3,web,Web Torn,1158-1B1 Web torn,1,0.05
hu3|2026-06-15|day,hu3,pneumatic,Valve on Web,1074 Valve right out of area - Check for valve on web,1,0.02
hu3|2026-06-15|day,hu3,pneumatic,Valve on Web,1074 Valve right inserted but not found - Check for valve on web,1,0.0
hu3|2026-06-15|day,hu3,pneumatic,Air Pressure,1A07-1B1 Main air valve basic machine pressure not present,2,0.25
hu3|2026-06-15|day,hu3,handling,Gripper,1406-6B1 Valve in pickup position A not present,2,0.04
hu3|2026-06-15|day,hu3,handling,Gripper,1406-6B2 Valve in pickup position B not present,2,0.02
hu3|2026-06-15|day,hu3,handling,Fork,1210-2B1 Limit switch fault Fork A in working position,6,0.1
hu3|2026-06-15|day,hu3,handling,Fork,1211-2B1 Limit switch fault Fork B in working position,6,0.09
hu3|2026-06-15|day,hu3,sealing,Knife,1038-13B1 Limit switch fault Knife top extended,1,0.04
hu3|2026-06-15|day,hu3,sealing,Sealing Head,1076-2M1 Sealing head B has reached adjusted current limit,1,1.15
hu3|2026-06-15|day,hu3,sealing,Sealing Head,1072-2B1 Limit switch fault Sealing head in working position,3,0.09
hu3|2026-06-15|day,hu3,sealing,Sealing Head,1410-4B2 Limit switch fault Sealing head A bottom in home position,1,0.01
hu3|2026-06-15|day,hu3,sealing,Printer,1050-2K1 Hot printer A not ready for operation,1,0.08
hu3|2026-06-15|day,hu3,sealing,Printer,1050-3K1 Hot printer B not ready for operation,1,0.06
hu3|2026-06-15|night,hu3,web,Web Torn,1158-1B1 Web torn,1,0.08
hu3|2026-06-15|night,hu3,web,Web Torn,1153-1B1 Web torn,1,0.07
hu3|2026-06-15|night,hu3,web,Web Torn,1090-1B1 Web torn,1,0.04
hu3|2026-06-15|night,hu3,web,Web Torn,1159-1B1 Web torn,1,0.01
hu3|2026-06-15|night,hu3,web,End of Reel,1151 End of reel,1,0.16
hu3|2026-06-15|night,hu3,web,End of Reel,1150 End of reel,2,0.14
hu3|2026-06-15|night,hu3,web,End of Reel,1150 Prewarning end of reel,1,0.12
hu3|2026-06-15|night,hu3,web,End of Reel,1158-5B1 All rolls empty - Please refill!,1,0.12
hu3|2026-06-15|night,hu3,web,End of Reel,1153 End of reel,1,0.09
hu3|2026-06-15|night,hu3,web,Splice,1158-6GQ1 Vacuum splice module not present,2,0.04
hu3|2026-06-15|night,hu3,web,Splice,1159-6GQ1 Vacuum splice module not present,1,0.01
hu3|2026-06-15|night,hu3,web,Splice,1129-1B1 Last splice has not been detected,1,0.01
hu3|2026-06-15|night,hu3,handling,Gripper,1406-6B2 Valve in pickup position B not present,8,0.23
hu3|2026-06-15|night,hu3,handling,Gripper,1406-6B1 Valve in pickup position A not present,1,0.02
hu3|2026-06-15|night,hu3,handling,Fork,1210-2B1 Limit switch fault Fork A in working position,4,0.14
hu3|2026-06-15|night,hu3,handling,Fork,1211-2B1 Limit switch fault Fork B in working position,4,0.14
hu3|2026-06-15|night,hu3,handling,Piston,1082-3B1 Limit switch fault Push out piston lowered,1,0.01
hu3|2026-06-15|night,hu3,handling,Cylinder,1090-2B1 Error Cylinder switch,2,0.14
hu3|2026-06-15|night,hu3,pneumatic,Other,1400-3B2 Infeed valve maximum product level permanently not reached,2,0.02
hu3|2026-06-15|night,hu3,pneumatic,Valve on Web,1074 Valve right out of area - Check for valve on web,3,0.07
hu3|2026-06-15|night,hu3,pneumatic,Air Pressure,1A07-1B1 Main air valve basic machine pressure not present,2,0.15
hu3|2026-06-15|night,hu3,pneumatic,Cooling,1036-11B1 Flow monitor flow rate not OK,1,0.01
hu3|2026-06-16|day,hu3,web,End of Reel,1158-5B1 All rolls empty - Please refill!,2,0.27
hu3|2026-06-16|day,hu3,web,End of Reel,1153 End of reel,1,0.27
hu3|2026-06-16|day,hu3,web,End of Reel,1152 End of reel,1,0.1
hu3|2026-06-16|day,hu3,web,End of Reel,1150 End of reel,2,0.09
hu3|2026-06-16|day,hu3,web,End of Reel,1301-2B1 End of reel,1,0.04
hu3|2026-06-16|day,hu3,web,Web Torn,1150-1B1 Web torn,1,0.09
hu3|2026-06-16|day,hu3,web,Web Torn,1159-1B1 Web torn,1,0.02
hu3|2026-06-16|day,hu3,web,Web Torn,1153-1B1 Web torn,1,0.01
hu3|2026-06-16|day,hu3,web,Splice,1158-6GQ1 Vacuum splice module not present,2,0.04
hu3|2026-06-16|day,hu3,web,Splice,1121-1B1 Last splice has not been detected,1,0.01
hu3|2026-06-16|day,hu3,web,Splice,1128-1B1 Last splice has not been detected,1,0.01
hu3|2026-06-16|day,hu3,pneumatic,Air Pressure,1A07-1B1 Main air valve basic machine pressure not present,5,1.35
hu3|2026-06-16|day,hu3,pneumatic,Valve on Web,1074 Valve right out of area - Check for valve on web,11,0.13
hu3|2026-06-16|day,hu3,pneumatic,Valve on Web,1074 Valve right inserted but not found - Check for valve on web,2,0.02
hu3|2026-06-16|day,hu3,pneumatic,Valve on Web,1074 Valve left inserted but not found - Check for valve on web,1,0.01
hu3|2026-06-16|day,hu3,pneumatic,Other,1400-3B1 Infeed valve maximum product level permanently not reached,1,0.04
hu3|2026-06-16|day,hu3,pneumatic,Other,1400-3B2 Infeed valve maximum product level permanently not reached,1,0.01
hu3|2026-06-16|day,hu3,pneumatic,Cooling,1036-11B1 Flow monitor flow rate not OK,2,0.02
hu3|2026-06-16|day,hu3,pneumatic,Cooling,1054-14B1 Flow monitor flow rate not OK,1,0.01
hu3|2026-06-16|day,hu3,pneumatic,Cooling,1018-17B1 Flow monitor flow rate not OK,1,0.01
hu3|2026-06-16|day,hu3,handling,Piston,1082-5B1 Error vacuum switch push out piston A,1,0.02
hu3|2026-06-16|day,hu3,handling,Piston,1082-5B2 Error vacuum switch push out piston B,2,0.01
hu3|2026-06-16|day,hu3,handling,Fork,1210-2B1 Limit switch fault Fork A in working position,7,0.06
hu3|2026-06-16|day,hu3,handling,Fork,1211-2B1 Limit switch fault Fork B in working position,7,0.05
hu3|2026-06-16|day,hu3,handling,Gripper,1406-6B1 Valve in pickup position A not present,16,0.17
hu3|2026-06-16|day,hu3,handling,Gripper,1406-6B2 Valve in pickup position B not present,10,0.14
hu3|2026-06-16|day,hu3,handling,Cylinder,1158-11B1 Error Cylinder switch,5,0.25
hu3|2026-06-16|day,hu3,sealing,Sealing Head,1076-2M1 Sealing head B has reached adjusted current limit,1,0.01
hu3|2026-06-16|night,hu3,handling,Fork,1210-2B1 Limit switch fault Fork A in working position,6,0.2
hu3|2026-06-16|night,hu3,handling,Fork,1211-2B1 Limit switch fault Fork B in working position,3,0.09
hu3|2026-06-16|night,hu3,handling,Gripper,1406-6B1 Valve in pickup position A not present,8,0.24
hu3|2026-06-16|night,hu3,handling,Gripper,1406-6B2 Valve in pickup position B not present,9,0.2
hu3|2026-06-16|night,hu3,web,Splice,1158-6GQ1 Vacuum splice module not present,2,0.08
hu3|2026-06-16|night,hu3,web,Splice,1129-1B1 Last splice has not been detected,2,0.02
hu3|2026-06-16|night,hu3,web,Splice,1159-6GQ1 Vacuum splice module not present,1,0.01
hu3|2026-06-16|night,hu3,web,End of Reel,1153 End of reel,1,0.12
hu3|2026-06-16|night,hu3,web,End of Reel,1151 End of reel,1,0.11
hu3|2026-06-16|night,hu3,web,End of Reel,1150 End of reel,1,0.07
hu3|2026-06-16|night,hu3,web,End of Reel,1152 End of reel,1,0.06
hu3|2026-06-16|night,hu3,web,Web Torn,1158-1B1 Web torn,2,0.25
hu3|2026-06-16|night,hu3,web,Web Torn,1090-1B1 Web torn,1,0.02
hu3|2026-06-16|night,hu3,pneumatic,Valve on Web,1074 Valve right out of area - Check for valve on web,14,0.24
hu3|2026-06-16|night,hu3,pneumatic,Valve on Web,1074 Valve right inserted but not found - Check for valve on web,4,0.13
hu3|2026-06-16|night,hu3,pneumatic,Valve on Web,1074 Valve left out of area - Check for valve on web,4,0.04
hu3|2026-06-16|night,hu3,pneumatic,Air Pressure,1A07-1B1 Main air valve basic machine pressure not present,2,0.28
hu3|2026-06-16|night,hu3,pneumatic,Cooling,1036-11B1 Flow monitor flow rate not OK,4,0.06
hu3|2026-06-16|night,hu3,pneumatic,Cooling,1054-14B1 Flow monitor flow rate not OK,1,0.01
hu3|2026-06-16|night,hu3,pneumatic,Other,MSM-Valve: At least one station takes longer than the set cycle time allows,1,0.09
hu3|2026-06-16|night,hu3,sealing,Sealing Head,1078-2B1 Limit switch fault Sealing head A in working position,1,0.04
hu3|2026-06-16|night,hu3,sealing,Sealing Head,1151-1M1 unwinder has reached adjusted current limit,1,0.02
hu3|2026-06-16|night,hu3,sealing,Printer,1050-2K1 Hot printer A not ready for operation,1,0.05
hu3|2026-06-17|day,hu3,pneumatic,Valve on Web,1074 Valve right out of area - Check for valve on web,15,0.31
hu3|2026-06-17|day,hu3,pneumatic,Valve on Web,1074 Valve left out of area - Check for valve on web,4,0.06
hu3|2026-06-17|day,hu3,pneumatic,Valve on Web,1074 Valve right inserted but not found - Check for valve on web,1,0.01
hu3|2026-06-17|day,hu3,pneumatic,Air Pressure,1A07-1B1 Main air valve basic machine pressure not present,4,0.49
hu3|2026-06-17|day,hu3,handling,Gripper,1406-6B1 Valve in pickup position A not present,3,0.05
hu3|2026-06-17|day,hu3,handling,Gripper,1406-6B2 Valve in pickup position B not present,2,0.05
hu3|2026-06-17|day,hu3,web,End of Reel,1150 End of reel,1,0.1
hu3|2026-06-17|day,hu3,web,Splice,1158-6GQ1 Vacuum splice module not present,2,0.2
hu3|2026-06-17|day,hu3,web,Splice,1159-6GQ1 Vacuum splice module not present,1,0.01
hu3|2026-06-17|day,hu3,web,Web Torn,1159-1B1 Web torn,1,0.02
hu3|2026-06-17|day,hu3,sealing,Printer,1050-3K1 Hot printer B not ready for operation,1,0.06
hu3|2026-06-17|day,hu3,sealing,Sealing Head,1078-2B3 Limit switch fault Sealing head B in working position,1,0.04
hu3|2026-06-17|night,hu3,pneumatic,Valve on Web,1074 Valve right inserted but not found - Check for valve on web,10,0.15
hu3|2026-06-17|night,hu3,pneumatic,Valve on Web,1074 Valve right out of area - Check for valve on web,8,0.1
hu3|2026-06-17|night,hu3,pneumatic,Valve on Web,1074 Valve left inserted but not found - Check for valve on web,2,0.02
hu3|2026-06-17|night,hu3,pneumatic,Valve on Web,1074 Valve left out of area - Check for valve on web,1,0.01
hu3|2026-06-17|night,hu3,pneumatic,Air Pressure,1A07-1B1 Main air valve basic machine pressure not present,4,0.15
hu3|2026-06-17|night,hu3,pneumatic,Cooling,1036-11B1 Flow monitor flow rate not OK,1,0.03
hu3|2026-06-17|night,hu3,pneumatic,Cooling,1054-14B1 Flow monitor flow rate not OK,1,0.01
hu3|2026-06-17|night,hu3,handling,Gripper,1406-6B1 Valve in pickup position A not present,11,0.38
hu3|2026-06-17|night,hu3,handling,Gripper,1406-6B2 Valve in pickup position B not present,4,0.13
hu3|2026-06-17|night,hu3,handling,Piston,1082-3B1 Limit switch fault Push out piston lowered,2,0.33
hu3|2026-06-17|night,hu3,handling,Piston,1082-3B2 Limit switch fault Push out piston lifted,1,0.07
hu3|2026-06-17|night,hu3,handling,Fork,1211-2B1 Limit switch fault Fork B in working position,1,0.01
hu3|2026-06-17|night,hu3,handling,Cylinder,1159-11B1 Error Cylinder switch,1,0.81
hu3|2026-06-17|night,hu3,web,Web Torn,1159-1B1 Web torn,1,0.03
hu3|2026-06-17|night,hu3,web,Web Torn,1153-1B1 Web torn,1,0.01
hu3|2026-06-17|night,hu3,web,End of Reel,1151 End of reel,1,0.13
hu3|2026-06-17|night,hu3,web,End of Reel,1150 End of reel,1,0.12
hu3|2026-06-17|night,hu3,web,End of Reel,1158-5B1 All rolls empty - Please refill!,1,0.11
hu3|2026-06-17|night,hu3,web,End of Reel,1153 End of reel,1,0.1
hu3|2026-06-17|night,hu3,web,End of Reel,1150 Prewarning end of reel,1,0.08
hu3|2026-06-17|night,hu3,web,Splice,1158-6GQ1 Vacuum splice module not present,2,0.05
hu3|2026-06-17|night,hu3,web,Splice,1159-6GQ1 Vacuum splice module not present,2,0.03
hu3|2026-06-17|night,hu3,web,Splice,1125-1B1 Last splice has not been detected,1,0.01
hu3|2026-06-17|night,hu3,sealing,Sealing Head,1078-2B3 Limit switch fault Sealing head B in working position,1,0.41
hu3|2026-06-17|night,hu3,sealing,Sealing Head,1152-1M1 unwinder has reached adjusted current limit,1,0.39
hu3|2026-06-17|night,hu3,sealing,Sealing Head,1076-2M1 Sealing head B has reached adjusted current limit,2,0.03
hu3|2026-06-17|night,hu3,sealing,Knife,1038-13B1 Limit switch fault Knife top extended,1,0.12
hu3|2026-06-18|day,hu3,pneumatic,Valve on Web,1074 Valve right inserted but not found - Check for valve on web,7,0.22
hu3|2026-06-18|day,hu3,pneumatic,Valve on Web,1074 Valve left inserted but not found - Check for valve on web,2,0.06
hu3|2026-06-18|day,hu3,pneumatic,Valve on Web,1074 Valve left out of area - Check for valve on web,2,0.04
hu3|2026-06-18|day,hu3,pneumatic,Valve on Web,1074 Valve right out of area - Check for valve on web,2,0.01
hu3|2026-06-18|day,hu3,pneumatic,Other,At least one shift register entry has an alarm when writing,1,0.03
hu3|2026-06-18|day,hu3,pneumatic,Air Pressure,1A07-1B1 Main air valve basic machine pressure not present,3,0.11
hu3|2026-06-18|day,hu3,sealing,Sealing Head,1072-2B1 Limit switch fault Sealing head in working position,2,0.07
hu3|2026-06-18|day,hu3,sealing,Sealing Head,1076 Temperature not reached Heating sealing head A,1,0.06
hu3|2026-06-18|day,hu3,sealing,Sealing Head,1410-1B1 Limit switch fault Sealing head A top in working position,1,0.03
hu3|2026-06-18|day,hu3,sealing,Sealing Head,1152-1M1 unwinder has reached adjusted current limit,1,0.02
hu3|2026-06-18|day,hu3,web,Splice,1158-6GQ1 Vacuum splice module not present,2,0.18
hu3|2026-06-18|day,hu3,web,Splice,1125-1B1 Last splice has not been detected,1,0.01
hu3|2026-06-18|day,hu3,web,Splice,1129-1B1 Last splice has not been detected,1,0.01
hu3|2026-06-18|day,hu3,web,Web Torn,1090-1B1 Web torn,4,0.09
hu3|2026-06-18|day,hu3,web,Web Torn,1155-1B1 Web torn,1,0.09
hu3|2026-06-18|day,hu3,web,Web Torn,1159-1B1 Web torn,1,0.01
hu3|2026-06-18|day,hu3,web,End of Reel,1152 Prewarning end of reel,1,1.78
hu3|2026-06-18|day,hu3,handling,Gripper,1406-6B2 Valve in pickup position B not present,2,0.06
hu3|2026-06-18|day,hu3,handling,Gripper,1406-6B1 Valve in pickup position A not present,2,0.03
hu3|2026-06-18|day,hu3,handling,Piston,1082-3B1 Limit switch fault Push out piston lowered,3,0.03
hu3|2026-06-18|day,hu3,handling,Piston,1082-5B2 Error vacuum switch push out piston B,1,0.01
hu3|2026-06-18|night,hu3,pneumatic,Valve on Web,1074 Valve right inserted but not found - Check for valve on web,4,0.15
hu3|2026-06-18|night,hu3,pneumatic,Valve on Web,1074 Valve left inserted but not found - Check for valve on web,1,0.04
hu3|2026-06-18|night,hu3,pneumatic,Cooling,1036-11B1 Flow monitor flow rate not OK,4,0.04
hu3|2026-06-18|night,hu3,pneumatic,Cooling,1054-14B1 Flow monitor flow rate not OK,1,0.01
hu3|2026-06-18|night,hu3,pneumatic,Air Pressure,1A07-1B1 Main air valve basic machine pressure not present,2,0.23
hu3|2026-06-18|night,hu3,sealing,Sealing Head,1036-2B1 Limit switch fault Sealing head A in working position,1,0.03
hu3|2026-06-18|night,hu3,sealing,Printer,1050-2K1 Hot printer A not ready for operation,1,0.08
hu3|2026-06-18|night,hu3,web,End of Reel,1150 End of reel,2,0.21
hu3|2026-06-18|night,hu3,web,End of Reel,1151 End of reel,1,0.15
hu3|2026-06-18|night,hu3,web,End of Reel,1158-5B1 All rolls empty - Please refill!,1,0.11
hu3|2026-06-18|night,hu3,web,End of Reel,1153 End of reel,1,0.07
hu3|2026-06-18|night,hu3,web,End of Reel,1152 End of reel,1,0.06
hu3|2026-06-18|night,hu3,web,Web Torn,1158-1B1 Web torn,1,0.08
hu3|2026-06-18|night,hu3,web,Splice,1158-6GQ1 Vacuum splice module not present,2,0.11
hu3|2026-06-18|night,hu3,handling,Gripper,1406-6B1 Valve in pickup position A not present,3,0.1
hu3|2026-06-18|night,hu3,handling,Gripper,1406-6B2 Valve in pickup position B not present,2,0.02
hu3|2026-06-18|night,hu3,handling,Cylinder,1159-11B1 Error Cylinder switch,1,0.06
hu3|2026-06-19|day,hu3,handling,Cylinder,1090-2B1 Error Cylinder switch,2,0.37
hu3|2026-06-19|day,hu3,handling,Gripper,1406-6B1 Valve in pickup position A not present,2,0.11
hu3|2026-06-19|day,hu3,handling,Gripper,1406-6B2 Valve in pickup position B not present,2,0.1
hu3|2026-06-19|day,hu3,handling,Piston,1082-5B1 Error vacuum switch push out piston A,1,0.01
hu3|2026-06-19|day,hu3,web,End of Reel,1152 End of reel,1,0.26
hu3|2026-06-19|day,hu3,web,End of Reel,1150 End of reel,1,0.15
hu3|2026-06-19|day,hu3,web,End of Reel,1153 End of reel,1,0.11
hu3|2026-06-19|day,hu3,web,End of Reel,1158-5B1 All rolls empty - Please refill!,1,0.1
hu3|2026-06-19|day,hu3,web,End of Reel,1159-5B1 All rolls empty - Please refill!,1,0.06
hu3|2026-06-19|day,hu3,web,Web Torn,1158-1B1 Web torn,1,0.04
hu3|2026-06-19|day,hu3,web,Web Torn,1159-1B1 Web torn,1,0.01
hu3|2026-06-19|day,hu3,web,Splice,1129-1B1 Last splice has not been detected,1,0.04
hu3|2026-06-19|day,hu3,web,Splice,1158-6GQ1 Vacuum splice module not present,1,0.01
hu3|2026-06-19|day,hu3,pneumatic,Valve on Web,1074 Valve left inserted but not found - Check for valve on web,1,0.01
hu3|2026-06-19|day,hu3,pneumatic,Valve on Web,1074 Valve right inserted but not found - Check for valve on web,1,0.01
hu3|2026-06-19|day,hu3,pneumatic,Air Pressure,1A07-1B1 Main air valve basic machine pressure not present,3,0.09
hu3|2026-06-19|day,hu3,sealing,Sealing Head,1078-2B3 Limit switch fault Sealing head B in working position,2,0.45
hu3|2026-06-19|night,hu3,web,End of Reel,1151 Prewarning end of reel,2,0.24
hu3|2026-06-19|night,hu3,web,End of Reel,1150 End of reel,2,0.18
hu3|2026-06-19|night,hu3,web,End of Reel,1158-5B1 All rolls empty - Please refill!,1,0.14
hu3|2026-06-19|night,hu3,web,End of Reel,1153 End of reel,1,0.12
hu3|2026-06-19|night,hu3,web,End of Reel,1152 End of reel,1,0.11
hu3|2026-06-19|night,hu3,web,Web Torn,1159-1B1 Web torn,1,0.07
hu3|2026-06-19|night,hu3,web,Web Torn,1158-1B1 Web torn,1,0.06
hu3|2026-06-19|night,hu3,web,Splice,1158-6GQ1 Vacuum splice module not present,2,0.04
hu3|2026-06-19|night,hu3,web,Splice,1128-1B1 Last splice has not been detected,1,0.01
hu3|2026-06-19|night,hu3,pneumatic,Cooling,1036-11B1 Flow monitor flow rate not OK,2,0.05
hu3|2026-06-19|night,hu3,pneumatic,Cooling,1018-17B1 Flow monitor flow rate not OK,1,0.01
hu3|2026-06-19|night,hu3,pneumatic,Valve on Web,1074 Valve right inserted but not found - Check for valve on web,2,0.04
hu3|2026-06-19|night,hu3,handling,Cylinder,1090-2B1 Error Cylinder switch,1,0.13
hu3|2026-06-19|night,hu3,handling,Gripper,1406-6B2 Valve in pickup position B not present,14,0.36
hu3|2026-06-19|night,hu3,handling,Gripper,1406-6B1 Valve in pickup position A not present,6,0.15
hu3|2026-06-19|night,hu3,sealing,Printer,1050-3K1 Hot printer B not ready for operation,1,0.13
hu3|2026-06-19|night,hu3,sealing,Sealing Head,1076-2M1 Sealing head B has reached adjusted current limit,2,0.07
hu3|2026-07-08|day,hu3,pneumatic,Air Pressure,1A07-1B1 Main air valve basic machine pressure not present,1,0.02
hu3|2026-07-08|day,hu3,pneumatic,Valve on Web,1074 Valve left out of area - Check for valve on web,1,0.02
hu3|2026-07-08|day,hu3,pneumatic,Valve on Web,1074 Valve right out of area - Check for valve on web,1,0.01
hu3|2026-07-08|day,hu3,pneumatic,Cooling,1061-15B1 Flow monitor flow rate not OK,2,0.02
hu3|2026-07-08|day,hu3,pneumatic,Cooling,1036-11B1 Flow monitor flow rate not OK,1,0.02
hu3|2026-07-08|day,hu3,handling,Fork,1210-2B1 Limit switch fault Fork A in working position,5,0.15
hu3|2026-07-08|day,hu3,handling,Fork,1211-2B1 Limit switch fault Fork B in working position,1,0.03
hu3|2026-07-08|day,hu3,handling,Gripper,1406-6B1 Valve in pickup position A not present,7,0.13
hu3|2026-07-08|day,hu3,handling,Gripper,1406-6B2 Valve in pickup position B not present,5,0.11
hu3|2026-07-08|day,hu3,web,Splice,1158-6GQ1 Vacuum splice module not present,2,0.05
hu3|2026-07-08|day,hu3,web,Splice,1129-1B1 Last splice has not been detected,2,0.04
hu3|2026-07-08|day,hu3,web,Splice,1128-1B1 Last splice has not been detected,1,0.01
hu3|2026-07-08|day,hu3,web,Splice,1310-1B1 Last splice has not been detected,1,0.01
hu3|2026-07-08|day,hu3,web,Splice,1159-6GQ1 Vacuum splice module not present,1,0.01
hu3|2026-07-08|day,hu3,web,End of Reel,1153 End of reel,1,0.2
hu3|2026-07-08|day,hu3,web,End of Reel,1151 End of reel,1,0.18
hu3|2026-07-08|day,hu3,web,End of Reel,1152 End of reel,1,0.15
hu3|2026-07-08|day,hu3,web,End of Reel,1158-5B1 All rolls empty - Please refill!,1,0.12
hu3|2026-07-08|day,hu3,web,End of Reel,1150 End of reel,1,0.1
hu3|2026-07-08|day,hu3,web,Web Torn,1158-1B1 Web torn,1,0.21
hu3|2026-07-08|day,hu3,web,Web Torn,1159-1B1 Web torn,1,0.01
hu3|2026-07-08|day,hu3,sealing,Sealing Head,1078-2B3 Limit switch fault Sealing head B in working position,1,0.04
hu3|2026-07-08|day,hu3,sealing,Sealing Head,1078-2B1 Limit switch fault Sealing head A in working position,1,0.01
hu3|2026-07-08|day,hu3,sealing,Printer,1050-3K1 Hot printer B not ready for operation,1,0.08
hu3|2026-07-08|night,hu3,pneumatic,Air Pressure,1A07-1B1 Main air valve basic machine pressure not present,5,0.12
hu3|2026-07-08|night,hu3,pneumatic,Cooling,1061-15B1 Flow monitor flow rate not OK,2,0.03
hu3|2026-07-08|night,hu3,pneumatic,Other,MSM-Valve: At least one station takes longer than maximum allowed,1,0.02
hu3|2026-07-08|night,hu3,handling,Fork,1211-2B1 Limit switch fault Fork B in working position,2,0.11
hu3|2026-07-08|night,hu3,handling,Gripper,1406-6B1 Valve in pickup position A not present,6,0.14
hu3|2026-07-08|night,hu3,handling,Gripper,1406-6B2 Valve in pickup position B not present,2,0.06
hu3|2026-07-08|night,hu3,handling,Gripper,1211-4B2 Limit switch fault Gripper B in home position,1,0.03
hu3|2026-07-08|night,hu3,handling,Cylinder,1159-11B1 Error Cylinder switch,1,0.05
hu3|2026-07-08|night,hu3,handling,Other,1227-1K1 General error,1,0.69
hu3|2026-07-08|night,hu3,web,End of Reel,1150 End of reel,2,0.24
hu3|2026-07-08|night,hu3,web,End of Reel,1151 End of reel,1,0.13
hu3|2026-07-08|night,hu3,web,End of Reel,1153 End of reel,1,0.12
hu3|2026-07-08|night,hu3,web,End of Reel,1158-5B1 All rolls empty - Please refill!,1,0.11
hu3|2026-07-08|night,hu3,web,End of Reel,1300-2B1 Prewarning end of reel,1,0.09
hu3|2026-07-08|night,hu3,web,Splice,1158-6GQ1 Vacuum splice module not present,2,0.08
hu3|2026-07-08|night,hu3,web,Web Torn,1159-1B1 Web torn,2,0.02
hu3|2026-07-08|night,hu3,sealing,Sealing Head,1086-1M1 Vertical axis has reached adjusted current limit,1,0.04
hu3|2026-07-08|night,hu3,sealing,Sealing Head,1152-1M1 unwinder has reached adjusted current limit,1,0.01
hu3|2026-07-09|day,hu3,handling,Gripper,1406-6B1 Valve in pickup position A not present,7,0.25
hu3|2026-07-09|day,hu3,handling,Gripper,1406-6B2 Valve in pickup position B not present,2,0.05
hu3|2026-07-09|day,hu3,handling,Fork,1211-2B1 Limit switch fault Fork B in working position,11,0.33
hu3|2026-07-09|day,hu3,handling,Fork,1210-2B1 Limit switch fault Fork A in working position,7,0.28
hu3|2026-07-09|day,hu3,handling,Other,1022-9B1/15B1 Check sensor signal before starting axis,1,0.05
hu3|2026-07-09|day,hu3,web,Splice,1158-6GQ1 Vacuum splice module not present,4,0.34
hu3|2026-07-09|day,hu3,web,Splice,1311-1B1 Last splice has not been detected,2,0.01
hu3|2026-07-09|day,hu3,web,End of Reel,1153 End of reel,1,0.13
hu3|2026-07-09|day,hu3,web,End of Reel,1150 End of reel,2,0.11
hu3|2026-07-09|day,hu3,web,End of Reel,1152 End of reel,1,0.07
hu3|2026-07-09|day,hu3,web,End of Reel,1301-2B1 End of reel,1,0.05
hu3|2026-07-09|day,hu3,web,Web Torn,1159-1B1 Web torn,1,0.01
hu3|2026-07-09|day,hu3,sealing,Knife,1038-13B1 Limit switch fault Knife top extended,2,0.08
hu3|2026-07-09|day,hu3,pneumatic,Air Pressure,1A07-1B1 Main air valve basic machine pressure not present,2,0.04
hu3|2026-07-09|day,hu3,pneumatic,Valve on Web,1074 Valve right inserted but not found - Check for valve on web,1,0.01
hu3|2026-07-09|night,hu3,handling,Gripper,1406-6B1 Valve in pickup position A not present,15,0.31
hu3|2026-07-09|night,hu3,handling,Gripper,1406-6B2 Valve in pickup position B not present,10,0.21
hu3|2026-07-09|night,hu3,handling,Gripper,1211-4B2 Limit switch fault Gripper B in home position,1,0.01
hu3|2026-07-09|night,hu3,handling,Fork,1211-2B1 Limit switch fault Fork B in working position,12,0.31
hu3|2026-07-09|night,hu3,handling,Fork,1210-2B1 Limit switch fault Fork A in working position,4,0.11
hu3|2026-07-09|night,hu3,handling,Cylinder,1159-11B1 Error Cylinder switch,1,0.06
hu3|2026-07-09|night,hu3,web,Splice,1158-6GQ1 Vacuum splice module not present,4,0.64
hu3|2026-07-09|night,hu3,web,Splice,1159-6GQ1 Vacuum splice module not present,1,0.07
hu3|2026-07-09|night,hu3,web,Splice,1128-1B1 Last splice has not been detected,1,0.01
hu3|2026-07-09|night,hu3,web,End of Reel,1153 End of reel,1,0.1
hu3|2026-07-09|night,hu3,web,End of Reel,1151 End of reel,1,0.08
hu3|2026-07-09|night,hu3,web,End of Reel,1153 Prewarning end of reel,1,0.07
hu3|2026-07-09|night,hu3,web,End of Reel,1150 Prewarning end of reel,1,0.06
hu3|2026-07-09|night,hu3,web,End of Reel,1152 End of reel,1,0.06
hu3|2026-07-09|night,hu3,web,Web Torn,1159-1B1 Web torn,4,0.17
hu3|2026-07-09|night,hu3,pneumatic,Cooling,1036-11B1 Flow monitor flow rate not OK,2,0.01
hu3|2026-07-09|night,hu3,pneumatic,Valve on Web,1074 Valve right inserted but not found - Check for valve on web,1,0.02
hu3|2026-07-09|night,hu3,pneumatic,Valve on Web,1074 Valve right out of area - Check for valve on web,1,0.01
hu3|2026-07-09|night,hu3,pneumatic,Air Pressure,1A07-1B1 Main air valve basic machine pressure not present,3,0.15
hu3|2026-07-09|night,hu3,sealing,Sealing Head,1410-4B1 Limit switch fault Sealing head A bottom in working position,1,0.01
hu3|2026-07-09|night,hu3,sealing,Printer,1050-2K1 Hot printer A not ready for operation,1,0.07
hu3|2026-07-10|day,hu3,handling,Gripper,1406-6B1 Valve in pickup position A not present,21,0.28
hu3|2026-07-10|day,hu3,handling,Gripper,1406-6B2 Valve in pickup position B not present,7,0.12
hu3|2026-07-10|day,hu3,handling,Gripper,1406-3B3 Limit switch fault Parallel gripper B closed,1,0.02
hu3|2026-07-10|day,hu3,handling,Fork,1210-2B1 Limit switch fault Fork A in working position,2,0.01
hu3|2026-07-10|day,hu3,handling,Cylinder,1159-11B1 Error Cylinder switch,1,0.06
hu3|2026-07-10|day,hu3,handling,Piston,1082-4B1 Limit switch fault Push out piston in working position,1,0.23
hu3|2026-07-10|day,hu3,web,End of Reel,1150 Prewarning end of reel,1,0.11
hu3|2026-07-10|day,hu3,web,End of Reel,1151 End of reel,1,0.11
hu3|2026-07-10|day,hu3,web,End of Reel,1301-2B1 Prewarning end of reel,1,0.1
hu3|2026-07-10|day,hu3,web,End of Reel,1152 End of reel,1,0.07
hu3|2026-07-10|day,hu3,web,End of Reel,1150 End of reel,1,0.06
hu3|2026-07-10|day,hu3,web,Web Torn,1158-1B1 Web torn,3,0.21
hu3|2026-07-10|day,hu3,web,Web Torn,1159-1B1 Web torn,2,0.03
hu3|2026-07-10|day,hu3,web,Splice,1158-6GQ1 Vacuum splice module not present,3,0.07
hu3|2026-07-10|day,hu3,web,Splice,1159-6GQ1 Vacuum splice module not present,1,0.01
hu3|2026-07-10|day,hu3,pneumatic,Air Pressure,1A07-1B1 Main air valve basic machine pressure not present,4,1.01
hu3|2026-07-10|day,hu3,pneumatic,Valve on Web,1074 Valve right inserted but not found - Check for valve on web,2,0.11
hu3|2026-07-10|day,hu3,pneumatic,Valve on Web,1074 Valve left out of area - Check for valve on web,3,0.04
hu3|2026-07-10|day,hu3,pneumatic,Valve on Web,1074 Valve right out of area - Check for valve on web,3,0.02
hu3|2026-07-10|day,hu3,pneumatic,Valve on Web,1074 Valve left inserted but not found - Check for valve on web,1,0.01
hu3|2026-07-10|day,hu3,sealing,Sealing Head,1086-1M1 Vertical axis has reached adjusted current limit,1,0.2
hu3|2026-07-10|day,hu3,sealing,Sealing Head,1410 Temperature not reached Heating sealing head A top,1,0.12
hu3|2026-07-10|day,hu3,sealing,Sealing Head,1078-2B3 Limit switch fault Sealing head B in working position,1,0.05
hu3|2026-07-10|day,hu3,sealing,Printer,1050-3K1 Hot printer B not ready for operation,1,0.07
hu3|2026-07-10|day,hu3,sealing,Knife,1038-13B1 Limit switch fault Knife top extended,1,0.03
hu3|2026-07-10|night,hu3,pneumatic,Valve on Web,1074 Valve left out of area - Check for valve on web,1,0.3
hu3|2026-07-10|night,hu3,pneumatic,Valve on Web,1074 Valve right inserted but not found - Check for valve on web,2,0.03
hu3|2026-07-10|night,hu3,pneumatic,Valve on Web,1074 Valve right out of area - Check for valve on web,1,0.02
hu3|2026-07-10|night,hu3,pneumatic,Air Pressure,1A07-1B1 Main air valve basic machine pressure not present,1,0.38
hu3|2026-07-10|night,hu3,handling,Gripper,1406-6B1 Valve in pickup position A not present,9,0.36
hu3|2026-07-10|night,hu3,handling,Gripper,1406-6B2 Valve in pickup position B not present,6,0.16
hu3|2026-07-10|night,hu3,handling,Fork,1211-2B1 Limit switch fault Fork B in working position,2,0.08
hu3|2026-07-10|night,hu3,web,Splice,1158-6GQ1 Vacuum splice module not present,5,0.56
hu3|2026-07-10|night,hu3,web,Splice,1159-6GQ1 Vacuum splice module not present,1,0.06
hu3|2026-07-10|night,hu3,web,End of Reel,1150 End of reel,2,0.4
hu3|2026-07-10|night,hu3,web,End of Reel,1151 End of reel,1,0.28
hu3|2026-07-10|night,hu3,web,End of Reel,1152 End of reel,1,0.16
hu3|2026-07-10|night,hu3,web,Web Torn,1159-1B1 Web torn,2,0.25
hu3|2026-07-10|night,hu3,sealing,Sealing Head,1068 Temperature not reached Heating sealing head front,1,0.02
hu3|2026-07-10|night,hu3,sealing,Sealing Head,1068-2B1 Limit switch fault Sealing head in working position,1,0.01
hu3|2026-07-11|day,hu3,handling,Fork,1211-2B1 Limit switch fault Fork B in working position,9,0.23
hu3|2026-07-11|day,hu3,handling,Fork,1210-2B1 Limit switch fault Fork A in working position,1,0.02
hu3|2026-07-11|day,hu3,handling,Gripper,1406-6B1 Valve in pickup position A not present,7,0.14
hu3|2026-07-11|day,hu3,handling,Gripper,1406-6B2 Valve in pickup position B not present,4,0.13
hu3|2026-07-11|day,hu3,handling,Cylinder,1159-11B1 Error Cylinder switch,1,0.03
hu3|2026-07-11|day,hu3,web,End of Reel,1150 End of reel,2,0.34
hu3|2026-07-11|day,hu3,web,End of Reel,1158-5B1 All rolls empty - Please refill!,2,0.25
hu3|2026-07-11|day,hu3,web,End of Reel,1153 End of reel,2,0.22
hu3|2026-07-11|day,hu3,web,End of Reel,1153 Prewarning end of reel,1,0.21
hu3|2026-07-11|day,hu3,web,End of Reel,1152 End of reel,1,0.08
hu3|2026-07-11|day,hu3,web,Splice,1158-6GQ1 Vacuum splice module not present,4,0.13
hu3|2026-07-11|day,hu3,web,Splice,1129-1B1 Consecutive error splice detection,1,0.02
hu3|2026-07-11|day,hu3,web,Splice,1159-6GQ1 Vacuum splice module not present,1,0.01
hu3|2026-07-11|day,hu3,web,Splice,1128-1B1 Last splice has not been detected,1,0.01
hu3|2026-07-11|day,hu3,web,Web Torn,1159-1B1 Web torn,1,0.03
hu3|2026-07-11|day,hu3,pneumatic,Valve on Web,1074 Valve right inserted but not found - Check for valve on web,4,0.29
hu3|2026-07-11|day,hu3,pneumatic,Valve on Web,1074 Valve left inserted but not found - Check for valve on web,1,0.0
hu3|2026-07-11|day,hu3,pneumatic,Cooling,1061-15B1 Flow monitor flow rate not OK,1,0.07
hu3|2026-07-11|day,hu3,sealing,Sealing Head,1076-2M1 Sealing head B has reached adjusted current limit,1,0.03
hu3|2026-07-11|day,hu3,sealing,Printer,1050-2K1 Hot printer A not ready for operation,1,0.03
hu3|2026-07-11|night,hu3,web,End of Reel,1151 End of reel,1,0.36
hu3|2026-07-11|night,hu3,web,End of Reel,1152 End of reel,1,0.1
hu3|2026-07-11|night,hu3,web,End of Reel,1153 End of reel,1,0.08
hu3|2026-07-11|night,hu3,web,End of Reel,1158-5B1 All rolls empty - Please refill!,1,0.06
hu3|2026-07-11|night,hu3,web,End of Reel,1301-2B1 End of reel,1,0.05
hu3|2026-07-11|night,hu3,web,Splice,1158-6GQ1 Vacuum splice module not present,6,0.23
hu3|2026-07-11|night,hu3,web,Splice,1129-1B1 Last splice has not been detected,2,0.02
hu3|2026-07-11|night,hu3,web,Splice,1128-1B1 Last splice has not been detected,3,0.01
hu3|2026-07-11|night,hu3,web,Splice,1311-1B1 Last splice has not been detected,2,0.01
hu3|2026-07-11|night,hu3,web,Web Torn,1159-1B1 Web torn,3,0.05
hu3|2026-07-11|night,hu3,web,Web Torn,1158-1B1 Web torn,1,0.05
hu3|2026-07-11|night,hu3,pneumatic,Valve on Web,1074 Valve right inserted but not found - Check for valve on web,7,0.05
hu3|2026-07-11|night,hu3,pneumatic,Valve on Web,1074 Valve right out of area - Check for valve on web,1,0.01
hu3|2026-07-11|night,hu3,pneumatic,Other,MSM-Valve: At least one station takes longer than the set cycle time allows,1,0.39
hu3|2026-07-11|night,hu3,pneumatic,Cooling,1061-15B1 Flow monitor flow rate not OK,2,0.02
hu3|2026-07-11|night,hu3,sealing,Sealing Head,1410-1B1 Limit switch fault Sealing head A top in working position,1,0.12
hu3|2026-07-11|night,hu3,sealing,Sealing Head,1152-1M1 unwinder has reached adjusted current limit,1,0.04
hu3|2026-07-11|night,hu3,sealing,Knife,1038-13B1 Limit switch fault Knife top extended,2,0.05
hu3|2026-07-11|night,hu3,handling,Gripper,1406-6B2 Valve in pickup position B not present,9,0.32
hu3|2026-07-11|night,hu3,handling,Gripper,1406-6B1 Valve in pickup position A not present,10,0.17
hu3|2026-07-11|night,hu3,handling,Fork,1210-2B1 Limit switch fault Fork A in working position,1,0.02
hu3|2026-07-11|night,hu3,handling,Fork,1211-2B1 Limit switch fault Fork B in working position,1,0.01
hu3|2026-07-12|day,hu3,handling,Gripper,1406-6B1 Valve in pickup position A not present,13,0.29
hu3|2026-07-12|day,hu3,handling,Gripper,1406-6B2 Valve in pickup position B not present,11,0.28
hu3|2026-07-12|day,hu3,handling,Piston,1082-5B1 Error vacuum switch push out piston A,1,0.02
hu3|2026-07-12|day,hu3,handling,Piston,1082-3B1 Limit switch fault Push out piston lowered,2,0.02
hu3|2026-07-12|day,hu3,handling,Cylinder,1159-11B1 Error Cylinder switch,1,0.08
hu3|2026-07-12|day,hu3,handling,Fork,1211-2B1 Limit switch fault Fork B in working position,4,0.07
hu3|2026-07-12|day,hu3,web,End of Reel,1151 End of reel,1,0.17
hu3|2026-07-12|day,hu3,web,End of Reel,1153 End of reel,1,0.16
hu3|2026-07-12|day,hu3,web,End of Reel,1158-5B1 All rolls empty - Please refill!,1,0.15
hu3|2026-07-12|day,hu3,web,End of Reel,1153 Prewarning end of reel,1,0.13
hu3|2026-07-12|day,hu3,web,End of Reel,1150 End of reel,1,0.08
hu3|2026-07-12|day,hu3,web,Splice,1158-6GQ1 Vacuum splice module not present,3,0.12
hu3|2026-07-12|day,hu3,web,Web Torn,1159-1B1 Web torn,1,0.06
hu3|2026-07-12|day,hu3,web,Web Torn,1153-1B1 Web torn,1,0.02
hu3|2026-07-12|day,hu3,pneumatic,Valve on Web,1074 Valve right inserted but not found - Check for valve on web,34,0.57
hu3|2026-07-12|day,hu3,pneumatic,Valve on Web,1074 Valve right out of area - Check for valve on web,2,0.06
hu3|2026-07-12|day,hu3,pneumatic,Valve on Web,1074 Valve left out of area - Check for valve on web,1,0.04
hu3|2026-07-12|day,hu3,pneumatic,Valve on Web,1074 Valve left inserted but not found - Check for valve on web,1,0.01
hu3|2026-07-12|day,hu3,pneumatic,Other,MSM-Valve: At least one station takes longer than maximum allowed,1,0.02
hu3|2026-07-12|day,hu3,pneumatic,Air Pressure,1A07-1B1 Main air valve basic machine pressure not present,1,0.33
hu3|2026-07-12|day,hu3,sealing,Sealing Head,1072-2B1 Limit switch fault Sealing head in working position,2,0.18
hu3|2026-07-12|day,hu3,sealing,Sealing Head,1410-1B1 Limit switch fault Sealing head A top in working position,1,0.01
hu3|2026-07-12|night,hu3,handling,Gripper,1406-6B1 Valve in pickup position A not present,17,0.38
hu3|2026-07-12|night,hu3,handling,Gripper,1406-6B2 Valve in pickup position B not present,7,0.1
hu3|2026-07-12|night,hu3,handling,Fork,1211-2B1 Limit switch fault Fork B in working position,5,0.03
hu3|2026-07-12|night,hu3,handling,Fork,1210-2B1 Limit switch fault Fork A in working position,3,0.02
hu3|2026-07-12|night,hu3,handling,Cylinder,1159-11B1 Error Cylinder switch,1,0.14
hu3|2026-07-12|night,hu3,pneumatic,Valve on Web,1074 Valve right inserted but not found - Check for valve on web,2,0.02
hu3|2026-07-12|night,hu3,pneumatic,Valve on Web,1074 Valve right out of area - Check for valve on web,2,0.02
hu3|2026-07-12|night,hu3,pneumatic,Air Pressure,1A07-1B1 Main air valve basic machine pressure not present,8,0.29
hu3|2026-07-12|night,hu3,pneumatic,Other,MSM-Valve: At least one station takes longer than the set cycle time allows,1,0.03
hu3|2026-07-12|night,hu3,pneumatic,Cooling,1061-15B1 Flow monitor flow rate not OK,1,0.01
hu3|2026-07-12|night,hu3,web,End of Reel,1153 End of reel,1,0.33
hu3|2026-07-12|night,hu3,web,End of Reel,1150 End of reel,2,0.24
hu3|2026-07-12|night,hu3,web,End of Reel,1151 End of reel,1,0.23
hu3|2026-07-12|night,hu3,web,End of Reel,1158-5B1 All rolls empty - Please refill!,2,0.19
hu3|2026-07-12|night,hu3,web,End of Reel,1152 End of reel,1,0.09
hu3|2026-07-12|night,hu3,web,Splice,1158-6GQ1 Vacuum splice module not present,3,0.09
hu3|2026-07-12|night,hu3,web,Splice,1159-6GQ1 Vacuum splice module not present,1,0.04
hu3|2026-07-12|night,hu3,web,Splice,1129-1B1 Last splice has not been detected,4,0.03
hu3|2026-07-12|night,hu3,web,Splice,1128-1B1 Last splice has not been detected,3,0.02
hu3|2026-07-12|night,hu3,web,Splice,1129-1B1 Consecutive error splice detection,1,0.01
hu3|2026-07-13|day,hu3,handling,Gripper,1406-6B2 Valve in pickup position B not present,10,0.86
hu3|2026-07-13|day,hu3,handling,Gripper,1406-6B1 Valve in pickup position A not present,13,0.4
hu3|2026-07-13|day,hu3,handling,Fork,1210-2B1 Limit switch fault Fork A in working position,3,0.35
hu3|2026-07-13|day,hu3,handling,Fork,1211-2B1 Limit switch fault Fork B in working position,4,0.23
hu3|2026-07-13|day,hu3,sealing,Sealing Head,1086-2M1 Horizontal axis has reached adjusted current limit,1,0.3
hu3|2026-07-13|day,hu3,sealing,Sealing Head,1020-2M1 Belt steel cut has reached adjusted current limit,1,0.06
hu3|2026-07-13|day,hu3,sealing,Sealing Head,1036-2B1 Limit switch fault Sealing head A in working position,1,0.04
hu3|2026-07-13|day,hu3,sealing,Sealing Head,1068-2B1 Limit switch fault Sealing head in working position,1,0.03
hu3|2026-07-13|day,hu3,sealing,Sealing Head,1076-1M1 Sealing head A has reached adjusted current limit,1,0.01
hu3|2026-07-13|day,hu3,sealing,Printer,1050-2K1 Hot printer A not ready for operation,1,0.11
hu3|2026-07-13|day,hu3,sealing,Knife,1038-13B1 Limit switch fault Knife top extended,3,0.08
hu3|2026-07-13|day,hu3,pneumatic,Air Pressure,1A07-1B1 Main air valve basic machine pressure not present,2,0.06
hu3|2026-07-13|day,hu3,pneumatic,Valve on Web,1074 Valve right inserted but not found - Check for valve on web,4,0.04
hu3|2026-07-13|day,hu3,web,Splice,1158-6GQ1 Vacuum splice module not present,2,0.22
hu3|2026-07-13|day,hu3,web,Splice,1129-1B1 Last splice has not been detected,1,0.02
hu3|2026-07-13|day,hu3,web,Splice,1128-1B1 Last splice has not been detected,1,0.01
hu3|2026-07-13|day,hu3,web,End of Reel,1150 End of reel,1,0.13
hu3|2026-07-13|night,hu3,sealing,Sealing Head,1086-1M1 Vertical axis has reached adjusted current limit,1,0.2
hu3|2026-07-13|night,hu3,sealing,Sealing Head,1152-1M1 unwinder has reached adjusted current limit,2,0.07
hu3|2026-07-13|night,hu3,sealing,Sealing Head,1151-1M1 unwinder has reached adjusted current limit,1,0.04
hu3|2026-07-13|night,hu3,sealing,Sealing Head,1086-2M1 Horizontal axis has reached adjusted current limit,1,0.04
hu3|2026-07-13|night,hu3,sealing,Knife,1038-13B1 Limit switch fault Knife top extended,3,0.09
hu3|2026-07-13|night,hu3,web,End of Reel,1158-5B1 All rolls empty - Please refill!,2,0.96
hu3|2026-07-13|night,hu3,web,End of Reel,1153 End of reel,1,0.1
hu3|2026-07-13|night,hu3,web,End of Reel,1151 End of reel,1,0.1
hu3|2026-07-13|night,hu3,web,End of Reel,1152 End of reel,1,0.09
hu3|2026-07-13|night,hu3,web,End of Reel,1300-2B1 End of reel,1,0.06
hu3|2026-07-13|night,hu3,web,Web Torn,1159-1B1 Web torn,2,0.13
hu3|2026-07-13|night,hu3,web,Web Torn,1158-1B1 Web torn,1,0.09
hu3|2026-07-13|night,hu3,web,Splice,1158-6GQ1 Vacuum splice module not present,2,0.09
hu3|2026-07-13|night,hu3,web,Splice,1128-1B1 Last splice has not been detected,3,0.02
hu3|2026-07-13|night,hu3,web,Splice,1159-6GQ1 Vacuum splice module not present,1,0.01
hu3|2026-07-13|night,hu3,web,Splice,1129-1B1 Last splice has not been detected,1,0.01
hu3|2026-07-13|night,hu3,handling,Gripper,1406-6B1 Valve in pickup position A not present,12,0.3
hu3|2026-07-13|night,hu3,handling,Gripper,1406-6B2 Valve in pickup position B not present,7,0.24
hu3|2026-07-13|night,hu3,handling,Fork,1211-2B1 Limit switch fault Fork B in working position,17,0.62
hu3|2026-07-13|night,hu3,handling,Fork,1210-2B1 Limit switch fault Fork A in working position,6,0.13
hu3|2026-07-13|night,hu3,handling,Cylinder,1159-11B1 Error Cylinder switch,1,0.01
hu3|2026-07-13|night,hu3,pneumatic,Valve on Web,1074 Valve right out of area - Check for valve on web,1,0.01
hu3|2026-07-13|night,hu3,pneumatic,Valve on Web,1074 Valve left inserted but not found - Check for valve on web,1,0.01
hu3|2026-07-13|night,hu3,pneumatic,Air Pressure,1A07-1B1 Main air valve basic machine pressure not present,2,1.13
hu3|2026-07-14|day,hu3,pneumatic,Air Pressure,1A07-1B1 Main air valve basic machine pressure not present,2,1.89
hu3|2026-07-14|day,hu3,pneumatic,Cooling,1022-11B2 Flow monitor site cooling flow rate not OK,1,0.16
hu3|2026-07-14|day,hu3,handling,Fork,1211-2B1 Limit switch fault Fork B in working position,9,0.31
hu3|2026-07-14|day,hu3,handling,Fork,1210-2B1 Limit switch fault Fork A in working position,2,0.05
hu3|2026-07-14|day,hu3,handling,Gripper,1406-6B1 Valve in pickup position A not present,12,0.83
hu3|2026-07-14|day,hu3,handling,Gripper,1406-6B2 Valve in pickup position B not present,2,0.08
hu3|2026-07-14|day,hu3,web,Web Torn,1150-1B1 Web torn,1,0.09
hu3|2026-07-14|day,hu3,web,End of Reel,1150 End of reel,1,0.15
hu3|2026-07-14|day,hu3,web,End of Reel,1155 End of reel,1,0.13
hu3|2026-07-14|day,hu3,web,End of Reel,1152 End of reel,1,0.1
hu3|2026-07-14|day,hu3,web,Other,The machine empty run is finished,1,1.35
hu3|2026-07-14|day,hu3,web,Other,"1084 Bad parts box is full, please empty!",1,0.14
hu3|2026-07-14|day,hu3,sealing,Other,The start of the machine is locked by the HMI,1,0.31
hu3|2026-07-14|night,hu3,web,Web Torn,1159-1B1 Web torn,1,0.07
hu3|2026-07-14|night,hu3,web,Splice,1159-6GQ1 Vacuum splice module not present,1,0.17
hu3|2026-07-14|night,hu3,web,Splice,1129-1B1 Last splice has not been detected,1,0.0
hu3|2026-07-14|night,hu3,web,End of Reel,1151 Prewarning end of reel,1,0.03
hu3|2026-07-14|night,hu3,pneumatic,Air Pressure,1A07-1B1 Main air valve basic machine pressure not present,1,0.03
hu3|2026-07-14|night,hu3,pneumatic,Valve on Web,1074 Valve right out of area - Check for valve on web,1,0.03
hu3|2026-07-14|night,hu3,sealing,Knife,1038-13B1 Limit switch fault Knife top extended,14,1.2
hu3|2026-07-14|night,hu3,sealing,Printer,1050-3K1 Hot printer B not ready for operation,1,0.39
hu3|2026-07-14|night,hu3,handling,Gripper,1406-6B1 Valve in pickup position A not present,2,0.05
hu3|2026-07-14|night,hu3,handling,Fork,1211-2B1 Limit switch fault Fork B in working position,2,0.17
hu3|2026-07-14|night,hu3,handling,Fork,1210-2B1 Limit switch fault Fork A in working position,1,0.12
ngp2|2026-05-29|day,ngp2,hydration,PMK / Media,PMK is empty (switch to operation mode production,2,0.12
ngp2|2026-05-29|day,ngp2,hydration,Catheter Reject,1030-11B1 or -5B1 Consecutive fault catheter presence unload lane 1,1,0.62
ngp2|2026-05-29|day,ngp2,hydration,Catheter Reject,"1100-13B10 Cathether detected at lane 10 (remove catheter, if free check sensor",1,0.03
ngp2|2026-05-29|day,ngp2,hydration,Catheter Reject,1100-13B1 Bad catheter not rejected at lane 1 (remove catheter,1,0.03
ngp2|2026-05-29|day,ngp2,hydration,Gripper,1100-8B3 Limit switch fault gripper tip lane 2 opened,1,0.04
ngp2|2026-05-29|day,ngp2,hydration,Gripper,1030-4B5 Limit switch fault Loading gripper funnel lane 9 closed,1,0.03
ngp2|2026-05-29|day,ngp2,hydration,Gripper,1100-8B7 Limit switch fault gripper tip lane 4 opened,1,0.02
ngp2|2026-05-29|day,ngp2,hydration,Limit Switch,1030-13B4 Limit switch fault Unload TIP lane 7 closed,16,0.87
ngp2|2026-05-29|day,ngp2,hydration,Limit Switch,1064-3B1 Limit switch fault TIP terminals outside extended,2,0.07
ngp2|2026-05-29|day,ngp2,hydration,Limit Switch,1010-13B2 Limit switch fault Unload TIP lane 4 closed,1,0.04
ngp2|2026-05-29|day,ngp2,hydration,Limit Switch,1064-2B3 Limit switch fault TIP terminals inside carrier right extended,2,0.03
ngp2|2026-05-29|day,ngp2,hydration,Limit Switch,1064-2B1 Limit switch fault TIP terminals inside carrier left extended,1,0.02
ngp2|2026-05-29|day,ngp2,hydration,Cap,1064 Consecutive fault (Check area for missing cap and sensor 8B1,3,0.12
ngp2|2026-05-29|day,ngp2,hydration,Cap,1052-5B1 Cap area not empty,1,0.04
ngp2|2026-05-29|day,ngp2,hydration,Cap,"1095 Error by cap reassemble, please check station 090",1,0.01
ngp2|2026-05-29|day,ngp2,hydration,Timing,1A03-1K1 MSM: At least one station takes longer than maximum allowed (general>diag hydration,4,0.67
ngp2|2026-05-29|day,ngp2,hydration,Other,1012-10M1 Axis has reached adjusted current limit,1,0.14
ngp2|2026-05-29|day,ngp2,hydration,Other,1140-2B2 Carrier at rear right side not empty,2,0.06
ngp2|2026-05-29|day,ngp2,hydration,Other,1031-10M1 Axis has reached adjusted current limit,1,0.02
ngp2|2026-05-29|day,ngp2,hydration,Other,1100 Prewarning waste bin full - empty bin and reset bin counter,1,0.02
ngp2|2026-05-29|day,ngp2,foil,Detection Fault,2070-1B2 Product detection fault after cutting lane 2,12,0.37
ngp2|2026-05-29|day,ngp2,foil,Detection Fault,2075-1B4 Reject fault lane 4 - Remove product after reject,1,0.15
ngp2|2026-05-29|day,ngp2,foil,Detection Fault,2075-1B5 Reject fault lane 5 - Remove product after reject,1,0.05
ngp2|2026-05-29|day,ngp2,foil,Detection Fault,2075-1B3 Reject fault lane 3 - Remove product after reject,3,0.05
ngp2|2026-05-29|day,ngp2,foil,Sealing Lane,2060 Please open the pack and remove catheter in sealing lane 2,7,0.2
ngp2|2026-05-29|day,ngp2,foil,Sealing Lane,2060 Please open the pack and remove catheter in sealing lane 4,4,0.09
ngp2|2026-05-29|day,ngp2,foil,Sealing Lane,2060 Please open the pack and remove catheter in sealing lane 1,2,0.06
ngp2|2026-05-29|day,ngp2,foil,Sealing Lane,2060 Please open the pack and remove catheter in sealing lane 3,2,0.05
ngp2|2026-05-29|day,ngp2,foil,Printer,"2035 Printer left, pre-warning low ribbon",4,1.27
ngp2|2026-05-29|day,ngp2,foil,Other,2A01-5M1 Waste extraction system container full or flap opened (5B1/5B2/5S1,1,0.22
ngp2|2026-05-29|day,ngp2,foil,Other,2B05-1K2 Guard not closed,1,0.15
ngp2|2026-05-29|day,ngp2,foil,Other,2A09 Communication Error to Client (Hydration,1,0.07
ngp2|2026-05-29|day,ngp2,foil,Other,2154-1M1 Prewarning end of reel,1,0.02
ngp2|2026-05-29|day,ngp2,foil,Labeler,"2045-5V1 Labeler right, fault or off(see labeler-display",1,0.12
ngp2|2026-05-29|day,ngp2,foil,Positioning,2073 Product not in correct position Lane 1 - Please check product/sensor,1,0.02
ngp2|2026-05-29|day,ngp2,schubert,Line Stop / Wait,Schubert - Downstream machine not ready,8,0.62
ngp2|2026-05-29|day,ngp2,schubert,Line Stop / Wait,Line stop - waiting for schubert,1,0.03
ngp2|2026-05-29|night,ngp2,foil,Detection Fault,2070-1B2 Product detection fault after cutting lane 2,12,0.38
ngp2|2026-05-29|night,ngp2,foil,Detection Fault,2075-1B2 Reject fault lane 2 - Remove product after reject,2,0.03
ngp2|2026-05-29|night,ngp2,foil,Detection Fault,2070-1B4 Product detection fault after cutting lane 4,1,0.02
ngp2|2026-05-29|night,ngp2,foil,Other,RC=3140,1,0.1
ngp2|2026-05-29|night,ngp2,foil,Other,2048 Consecutive error no pass message lane 1,2,0.05
ngp2|2026-05-29|night,ngp2,foil,Other,2048 Consecutive error no pass message lane 5,1,0.03
ngp2|2026-05-29|night,ngp2,foil,Printer,"2035 Printer left, pre-warning low ribbon",2,0.09
ngp2|2026-05-29|night,ngp2,foil,Printer,"2037 Printer right, not ready",1,0.08
ngp2|2026-05-29|night,ngp2,foil,Printer,"2037 Printer left, not ready",1,0.07
ngp2|2026-05-29|night,ngp2,foil,Printer,"2035 Printer left, not ready or job deviation detected",1,0.05
ngp2|2026-05-29|night,ngp2,foil,Printer,"2050 Printer left, not ready",1,0.04
ngp2|2026-05-29|night,ngp2,foil,Labeler,"2045-4B3 Labeler left, end of label tape",1,0.15
ngp2|2026-05-29|night,ngp2,foil,Positioning,2073 Product not in correct position Lane 2 - Please check product/sensor,2,0.04
ngp2|2026-05-29|night,ngp2,foil,Sealing Lane,2060 Please open the pack and remove catheter in sealing lane 2,8,0.25
ngp2|2026-05-29|night,ngp2,foil,Sealing Lane,2060 Please open the pack and remove catheter in sealing lane 4,4,0.16
ngp2|2026-05-29|night,ngp2,foil,Sealing Lane,2060 Please open the pack and remove catheter in sealing lane 3,1,0.02
ngp2|2026-05-29|night,ngp2,hydration,Limit Switch,1030-13B4 Limit switch fault Unload TIP lane 7 closed,28,1.74
ngp2|2026-05-29|night,ngp2,hydration,Limit Switch,1064-2B1 Limit switch fault TIP terminals inside carrier left extended,2,0.06
ngp2|2026-05-29|night,ngp2,hydration,Limit Switch,1090-2B1 Limit switch fault TIP terminals inside carrier left extended,1,0.02
ngp2|2026-05-29|night,ngp2,hydration,Other,1140-2B2 Carrier at rear right side not empty,5,0.23
ngp2|2026-05-29|night,ngp2,hydration,Other,1A03 Axis error - check fault message list,1,0.12
ngp2|2026-05-29|night,ngp2,hydration,Other,1031-10M1 Axis has reached adjusted current limit,2,0.09
ngp2|2026-05-29|night,ngp2,hydration,Other,1140-2B1 Carrier at rear left side not empty,1,0.05
ngp2|2026-05-29|night,ngp2,hydration,Other,1076/80-Kaon not ready,1,0.02
ngp2|2026-05-29|night,ngp2,hydration,Cap,1064 Consecutive fault (Check area for missing cap and sensor 8B1,6,0.39
ngp2|2026-05-29|night,ngp2,hydration,Cap,"1095 Error by cap reassemble, please check station 090",9,0.39
ngp2|2026-05-29|night,ngp2,hydration,Cap,1052-5B1 Cap area not empty,1,0.03
ngp2|2026-05-29|night,ngp2,hydration,Cap,1031-19B1 Consecutive fault camera cap not ok lane 9,1,0.02
ngp2|2026-05-29|night,ngp2,hydration,Catheter Reject,1100-13B6 Bad catheter not rejected at lane 6 (remove catheter,1,0.03
ngp2|2026-05-29|night,ngp2,hydration,Catheter Reject,1100-13B3 Bad catheter not rejected at lane 3 (remove catheter,1,0.03
ngp2|2026-05-29|night,ngp2,hydration,Catheter Reject,1100-13B7 Bad catheter not rejected at lane 7 (remove catheter,1,0.02
ngp2|2026-05-29|night,ngp2,hydration,Gripper,1100-8B6 Limit switch fault gripper funnel lane 3 opened,1,0.2
ngp2|2026-05-29|night,ngp2,hydration,Gripper,1100-8B8 Limit switch fault gripper funnel lane 4 opened,1,0.02
ngp2|2026-05-29|night,ngp2,hydration,PMK / Media,PMK is empty (switch to operation mode production,1,0.27
ngp2|2026-05-29|night,ngp2,schubert,Line Stop / Wait,Schubert - Downstream machine not ready,6,0.23
ngp2|2026-05-29|night,ngp2,schubert,Line Stop / Wait,Line stop - waiting for schubert,2,0.04
ngp2|2026-05-30|day,ngp2,hydration,PMK / Media,PMK is empty (switch to operation mode production,2,1.0
ngp2|2026-05-30|day,ngp2,hydration,Other,1110-1M1 Axis has reached adjusted current limit,1,0.32
ngp2|2026-05-30|day,ngp2,hydration,Other,1140-2B2 Carrier at rear right side not empty,4,0.16
ngp2|2026-05-30|day,ngp2,hydration,Other,1A03 Axis error - check fault message list,1,0.03
ngp2|2026-05-30|day,ngp2,hydration,Limit Switch,1030-13B1 Limit switch fault Unload TIP lane 1 closed,1,0.07
ngp2|2026-05-30|day,ngp2,hydration,Foam,1076 Foam cart purging in progress,1,0.02
ngp2|2026-05-30|day,ngp2,hydration,Catheter Reject,1010-5B3 Consecutive fault loader catheter absence lane 6,1,0.03
ngp2|2026-05-30|day,ngp2,hydration,Catheter Reject,1100-13B7 Bad catheter not rejected at lane 7 (remove catheter,1,0.03
ngp2|2026-05-30|day,ngp2,hydration,Catheter Reject,1100-13B6 Bad catheter not rejected at lane 6 (remove catheter,1,0.02
ngp2|2026-05-30|day,ngp2,hydration,Cap,1052-5B1 Cap area not empty,1,0.09
ngp2|2026-05-30|day,ngp2,hydration,Timing,1A03-1K1 MSM: At least one station takes longer than maximum allowed (general>diag hydration,1,0.02
ngp2|2026-05-30|day,ngp2,foil,Edge Trim,2068-1B4 Edge trim broken lane 4,1,0.09
ngp2|2026-05-30|day,ngp2,foil,Detection Fault,2070-1B2 Product detection fault after cutting lane 2,26,0.65
ngp2|2026-05-30|day,ngp2,foil,Detection Fault,2070-1B4 Product detection fault after cutting lane 4,3,0.12
ngp2|2026-05-30|day,ngp2,foil,Detection Fault,2075-1B3 Reject fault lane 3 - Remove product after reject,2,0.09
ngp2|2026-05-30|day,ngp2,foil,Detection Fault,2075-1B4 Reject fault lane 4 - Remove product after reject,1,0.02
ngp2|2026-05-30|day,ngp2,foil,Detection Fault,2075-1B2 Reject fault lane 2 - Remove product after reject,1,0.02
ngp2|2026-05-30|day,ngp2,foil,Sealing Lane,2060 Please open the pack and remove catheter in sealing lane 2,1,0.08
ngp2|2026-05-30|day,ngp2,foil,Sealing Lane,2060 Please open the pack and remove catheter in sealing lane 4,2,0.05
ngp2|2026-05-30|day,ngp2,foil,Sealing Lane,2060 Please open the pack and remove catheter in sealing lane 1,1,0.02
ngp2|2026-05-30|day,ngp2,foil,Labeler,"2045-5B4 Labeler right, label buffer empty (dancer at the top",1,0.19
ngp2|2026-05-30|day,ngp2,foil,Printer,"2037 Printer left, not ready",1,0.04
ngp2|2026-05-30|day,ngp2,foil,Printer,"2037 Printer right, not ready",1,0.04
ngp2|2026-05-30|day,ngp2,foil,Printer,"2035 Printer right, not ready or job deviation detected",1,0.04
ngp2|2026-05-30|day,ngp2,foil,Printer,"2035 Printer left, not ready or job deviation detected",1,0.03
ngp2|2026-05-30|day,ngp2,foil,Positioning,2073 Product not in correct position Lane 2 - Please check product/sensor,3,0.08
ngp2|2026-05-30|day,ngp2,foil,Positioning,2073 Product not in correct position Lane 5 - Please check product/sensor,2,0.04
ngp2|2026-05-30|day,ngp2,schubert,Line Stop / Wait,Schubert - Downstream machine not ready,26,1.45
ngp2|2026-05-30|day,ngp2,schubert,Line Stop / Wait,Line stop - waiting for schubert,5,0.21
ngp2|2026-05-30|night,ngp2,hydration,Timing,1A03-1K1 MSM: At least one station takes longer than maximum allowed (general>diag hydration,1,0.05
ngp2|2026-05-30|night,ngp2,hydration,Catheter Reject,1010-5B2 Consecutive fault loader catheter absence lane 4,1,0.06
ngp2|2026-05-30|night,ngp2,hydration,Limit Switch,1030-13B4 Limit switch fault Unload TIP lane 7 closed,2,0.07
ngp2|2026-05-30|night,ngp2,hydration,Limit Switch,1090-2B1 Limit switch fault TIP terminals inside carrier left extended,1,0.02
ngp2|2026-05-30|night,ngp2,hydration,PMK / Media,1A09 PMK in collision area,1,0.19
ngp2|2026-05-30|night,ngp2,hydration,PMK / Media,PMK is empty (switch to operation mode production,1,0.13
ngp2|2026-05-30|night,ngp2,hydration,Gripper,1100-8B7 Limit switch fault gripper tip lane 4 opened,1,0.21
ngp2|2026-05-30|night,ngp2,hydration,Gripper,1100-8B11 Limit switch fault gripper tip lane 6 closed,1,0.08
ngp2|2026-05-30|night,ngp2,hydration,Other,1140-2B2 Carrier at rear right side not empty,2,0.06
ngp2|2026-05-30|night,ngp2,schubert,Line Stop / Wait,Schubert - Downstream machine not ready,21,0.68
ngp2|2026-05-30|night,ngp2,schubert,Line Stop / Wait,Line stop - waiting for schubert,2,0.04
ngp2|2026-05-30|night,ngp2,foil,Detection Fault,2070-1B2 Product detection fault after cutting lane 2,37,1.47
ngp2|2026-05-30|night,ngp2,foil,Detection Fault,2070-1B1 Product detection fault after cutting lane 1,1,0.06
ngp2|2026-05-30|night,ngp2,foil,Detection Fault,2070-1B3 Product detection fault after cutting lane 3,2,0.05
ngp2|2026-05-30|night,ngp2,foil,Detection Fault,2075-1B1 Reject fault lane 1 - Remove product after reject,1,0.03
ngp2|2026-05-30|night,ngp2,foil,Detection Fault,2075-1B3 Reject fault lane 3 - Remove product after reject,1,0.02
ngp2|2026-05-30|night,ngp2,foil,Sealing Lane,2060 Please open the pack and remove catheter in sealing lane 3,4,0.13
ngp2|2026-05-30|night,ngp2,foil,Sealing Lane,2060 Please open the pack and remove catheter in sealing lane 4,2,0.03
ngp2|2026-05-30|night,ngp2,foil,Sealing Lane,2060 Please open the pack and remove catheter in sealing lane 1,1,0.03
ngp2|2026-05-30|night,ngp2,foil,Positioning,2073 Product not in correct position Lane 2 - Please check product/sensor,10,0.16
ngp2|2026-05-30|night,ngp2,foil,Positioning,2073 Product not in correct position Lane 1 - Please check product/sensor,1,0.01
ngp2|2026-05-30|night,ngp2,foil,Other,2041-2B1 Consecutive fault bad part,1,0.04
ngp2|2026-05-30|night,ngp2,foil,Other,2055 Dancer not reached (under sealing,1,0.04
ngp2|2026-05-30|night,ngp2,foil,Printer,2032 Printer print imprint,1,0.1
ngp2|2026-05-30|night,ngp2,foil,Printer,"2037 Printer left, not ready",1,0.03
ngp2|2026-05-30|night,ngp2,foil,Printer,"2035 Printer left, not ready or job deviation detected",1,0.03
ngp2|2026-05-30|night,ngp2,foil,Labeler,"2045-4V1 Labeler left, fault or off (see labeler-display",2,0.18
ngp2|2026-05-30|night,ngp2,foil,Labeler,"2045-7B1 Labeler left, waste tape not in suction unit",1,0.08
ngp2|2026-05-30|night,ngp2,foil,Labeler,"2045-5V1 Labeler right, fault or off(see labeler-display",1,0.08
ngp2|2026-05-30|night,ngp2,foil,Edge Trim,2068-1B3 Edge trim broken lane 3,1,0.03
ngp2|2026-05-31|day,ngp2,hydration,PMK / Media,PMK is empty (switch to operation mode production,1,0.01
ngp2|2026-05-31|day,ngp2,hydration,Gripper,1100-8B3 Limit switch fault gripper tip lane 2 closed,1,0.37
ngp2|2026-05-31|day,ngp2,hydration,Gripper,1031-10B2 Gripper TIP close end position closed reached,1,0.08
ngp2|2026-05-31|day,ngp2,hydration,Gripper,1100-8B10 Limit switch fault gripper funnel lane 5 opened,2,0.05
ngp2|2026-05-31|day,ngp2,hydration,Gripper,1100-8B15 Limit switch fault gripper tip lane 8 opened,1,0.04
ngp2|2026-05-31|day,ngp2,hydration,Gripper,1100-8B7 Limit switch fault gripper tip lane 4 opened,1,0.02
ngp2|2026-05-31|day,ngp2,hydration,Limit Switch,1030-13B4 Limit switch fault Unload TIP lane 7 closed,3,0.32
ngp2|2026-05-31|day,ngp2,hydration,Limit Switch,1010-13B1 Limit switch fault Unload TIP lane 2 closed,1,0.08
ngp2|2026-05-31|day,ngp2,hydration,Limit Switch,1030-13B3 Limit switch fault Unload TIP lane 5 closed,1,0.04
ngp2|2026-05-31|day,ngp2,hydration,Limit Switch,1090-2B3 Limit switch fault TIP terminals inside carrier right extended,1,0.03
ngp2|2026-05-31|day,ngp2,hydration,Cap,1052-5B1 Cap area not empty,1,0.03
ngp2|2026-05-31|day,ngp2,hydration,Catheter Reject,1100-13B10 Bad catheter not rejected at lane 10 (remove catheter,2,0.09
ngp2|2026-05-31|day,ngp2,hydration,Catheter Reject,"1100-13B2 Cathether detected at lane 2 (remove catheter, if free check sensor",2,0.06
ngp2|2026-05-31|day,ngp2,hydration,Catheter Reject,1100-13B3 Bad catheter not rejected at lane 3 (remove catheter,1,0.02
ngp2|2026-05-31|day,ngp2,hydration,Other,1080-2B1 Clamp inside carrier 1 extended end position not reached,1,0.05
ngp2|2026-05-31|day,ngp2,foil,Detection Fault,2070-1B2 Product detection fault after cutting lane 2,32,0.86
ngp2|2026-05-31|day,ngp2,foil,Detection Fault,2070-1B3 Product detection fault after cutting lane 3,10,0.3
ngp2|2026-05-31|day,ngp2,foil,Detection Fault,2075-1B4 Reject fault lane 4 - Remove product after reject,2,0.08
ngp2|2026-05-31|day,ngp2,foil,Detection Fault,2075-1B3 Reject fault lane 3 - Remove product after reject,3,0.05
ngp2|2026-05-31|day,ngp2,foil,Detection Fault,2075-1B2 Reject fault lane 2 - Remove product after reject,1,0.02
ngp2|2026-05-31|day,ngp2,foil,Sealing Lane,2060 Please open the pack and remove catheter in sealing lane 4,2,0.12
ngp2|2026-05-31|day,ngp2,foil,Sealing Lane,2060 Please open the pack and remove catheter in sealing lane 3,1,0.07
ngp2|2026-05-31|day,ngp2,foil,Sealing Lane,2060 Please open the pack and remove catheter in sealing lane 2,1,0.03
ngp2|2026-05-31|day,ngp2,foil,Sealing Lane,2060 Please open the pack and remove catheter in sealing lane 1,1,0.01
ngp2|2026-05-31|day,ngp2,foil,Positioning,2073 Product not in correct position Lane 2 - Please check product/sensor,5,0.17
ngp2|2026-05-31|day,ngp2,foil,Positioning,2073 Product not in correct position Lane 5 - Please check product/sensor,1,0.01
ngp2|2026-05-31|day,ngp2,foil,Labeler,"2045-4V1 Labeler left, fault or off (see labeler-display",3,0.22
ngp2|2026-05-31|day,ngp2,foil,Labeler,"2045-4B2 Labeler left, end of label tape, pre Warning",2,0.04
ngp2|2026-05-31|day,ngp2,foil,Labeler,"2045-7B1 Labeler left, waste tape not in suction unit",1,0.02
ngp2|2026-05-31|day,ngp2,foil,Printer,"2037 Printer right, not ready",1,0.1
ngp2|2026-05-31|day,ngp2,foil,Printer,"2037 Printer left, not ready",1,0.05
ngp2|2026-05-31|day,ngp2,foil,Printer,"2035 Printer left, not ready or job deviation detected",1,0.05
ngp2|2026-05-31|day,ngp2,foil,Printer,"2035 Printer right, not ready or job deviation detected",1,0.03
ngp2|2026-05-31|day,ngp2,foil,Other,2049-1B5 Consecutive fault lane 5,6,0.18
ngp2|2026-05-31|day,ngp2,foil,Other,2B05-1K2 Guard not closed,1,0.16
ngp2|2026-05-31|day,ngp2,foil,Other,2049-1B3 Consecutive fault lane 3,1,0.05
ngp2|2026-05-31|day,ngp2,foil,Edge Trim,2068-1B2 Edge trim broken lane 2,5,0.36
ngp2|2026-05-31|day,ngp2,foil,Edge Trim,2068-1B6 Edge trim broken lane 6,2,0.14
ngp2|2026-05-31|day,ngp2,schubert,Line Stop / Wait,Schubert - Downstream machine not ready,12,0.93
ngp2|2026-05-31|day,ngp2,schubert,Line Stop / Wait,Line stop - waiting for schubert,2,0.04
ngp2|2026-05-31|night,ngp2,schubert,Line Stop / Wait,Schubert - Downstream machine not ready,17,0.49
ngp2|2026-05-31|night,ngp2,schubert,Line Stop / Wait,Line stop - waiting for schubert,5,0.12
ngp2|2026-05-31|night,ngp2,foil,Printer,"2037 Printer left, not ready",1,0.29
ngp2|2026-05-31|night,ngp2,foil,Printer,"2050 Printer right, pre-warning low ribbon",4,0.14
ngp2|2026-05-31|night,ngp2,foil,Printer,"2035 Printer left, pre-warning low ribbon",3,0.07
ngp2|2026-05-31|night,ngp2,foil,Printer,"2037 Printer right, pre-warning low ribbon",1,0.04
ngp2|2026-05-31|night,ngp2,foil,Printer,"2035 Printer right, not ready or job deviation detected",1,0.03
ngp2|2026-05-31|night,ngp2,foil,Detection Fault,2070-1B2 Product detection fault after cutting lane 2,31,0.73
ngp2|2026-05-31|night,ngp2,foil,Detection Fault,2070-1B3 Product detection fault after cutting lane 3,1,0.09
ngp2|2026-05-31|night,ngp2,foil,Detection Fault,2070-1B4 Product detection fault after cutting lane 4,1,0.03
ngp2|2026-05-31|night,ngp2,foil,Detection Fault,2075-1B3 Reject fault lane 3 - Remove product after reject,1,0.01
ngp2|2026-05-31|night,ngp2,foil,Labeler,"2045-5B4 Labeler right, label buffer empty (dancer at the top",1,0.23
ngp2|2026-05-31|night,ngp2,foil,Labeler,"2045-4V1 Labeler left, fault or off (see labeler-display",1,0.07
ngp2|2026-05-31|night,ngp2,foil,Labeler,"2045-7B2 Labeler right, waste tape not in suction unit",1,0.03
ngp2|2026-05-31|night,ngp2,foil,Other,2049-1B5 Consecutive fault lane 5,2,0.06
ngp2|2026-05-31|night,ngp2,foil,Other,2049-1B3 Consecutive fault lane 3,1,0.02
ngp2|2026-05-31|night,ngp2,foil,Edge Trim,2068-1B6 Edge trim broken lane 6,1,0.03
ngp2|2026-05-31|night,ngp2,foil,Sealing Lane,2060 Please open the pack and remove catheter in sealing lane 4,4,0.06
ngp2|2026-05-31|night,ngp2,foil,Sealing Lane,2060 Please open the pack and remove catheter in sealing lane 5,1,0.02
ngp2|2026-05-31|night,ngp2,foil,Sealing Lane,2060 Please open the pack and remove catheter in sealing lane 1,1,0.02
ngp2|2026-05-31|night,ngp2,foil,Sealing Lane,2060 Please open the pack and remove catheter in sealing lane 3,1,0.01
ngp2|2026-05-31|night,ngp2,foil,Positioning,2073 Product not in correct position Lane 2 - Please check product/sensor,7,0.14
ngp2|2026-05-31|night,ngp2,foil,Positioning,2073 Product not in correct position Lane 1 - Please check product/sensor,1,0.04
ngp2|2026-05-31|night,ngp2,foil,Positioning,2073 Product not in correct position Lane 3 - Please check product/sensor,1,0.02
ngp2|2026-05-31|night,ngp2,hydration,Gripper,1100-8B8 Limit switch fault gripper funnel lane 4 opened,1,0.02
ngp2|2026-05-31|night,ngp2,hydration,Gripper,1100-8B10 Limit switch fault gripper funnel lane 5 opened,1,0.02
ngp2|2026-05-31|night,ngp2,hydration,Gripper,1100-8B12 Limit switch fault gripper funnel lane 6 opened,1,0.02
ngp2|2026-05-31|night,ngp2,hydration,Gripper,1100-8B3 Limit switch fault gripper tip lane 2 opened,1,0.02
ngp2|2026-05-31|night,ngp2,hydration,Gripper,1100-8B18 Limit switch fault gripper funnel lane 9 opened,1,0.02
ngp2|2026-05-31|night,ngp2,hydration,Catheter Reject,1100-13B5 Good catheter not detected at lane 5,3,0.06
ngp2|2026-05-31|night,ngp2,hydration,Other,1076/80-Kaon not ready,1,0.3
ngp2|2026-05-31|night,ngp2,hydration,Other,1001-1M1 Axis has reached adjusted current limit,1,0.01
ngp2|2026-05-31|night,ngp2,hydration,Limit Switch,1030-13B3 Limit switch fault Unload TIP lane 5 closed,1,0.03
ngp2|2026-05-31|night,ngp2,hydration,Limit Switch,1090-3B1 Limit switch fault TIP terminals outside extended,1,0.02
ngp2|2026-05-31|night,ngp2,hydration,Limit Switch,1090-2B1 Limit switch fault TIP terminals inside carrier left extended,1,0.02
ngp2|2026-05-31|night,ngp2,hydration,PMK / Media,PMK is empty (switch to operation mode production,1,0.25
ngp2|2026-06-01|day,ngp2,hydration,PMK / Media,PMK is empty (switch to operation mode production,1,0.04
ngp2|2026-06-01|day,ngp2,hydration,Gripper,1031-10B2 Gripper TIP close end position closed reached,3,0.23
ngp2|2026-06-01|day,ngp2,hydration,Gripper,1100-8B10 Limit switch fault gripper funnel lane 5 opened,1,0.13
ngp2|2026-06-01|day,ngp2,hydration,Gripper,1100-8B6 Limit switch fault gripper funnel lane 3 opened,2,0.05
ngp2|2026-06-01|day,ngp2,hydration,Gripper,1100-8B11 Limit switch fault gripper tip lane 6 opened,2,0.04
ngp2|2026-06-01|day,ngp2,hydration,Gripper,1100-8B4 Limit switch fault gripper funnel lane 2 opened,1,0.02
ngp2|2026-06-01|day,ngp2,hydration,Limit Switch,1064-2B3 Limit switch fault TIP terminals inside carrier right extended,3,0.06
ngp2|2026-06-01|day,ngp2,hydration,Limit Switch,1064-2B1 Limit switch fault TIP terminals inside carrier left extended,2,0.04
ngp2|2026-06-01|day,ngp2,hydration,Limit Switch,1090-2B3 Limit switch fault TIP terminals inside carrier right extended,1,0.02
ngp2|2026-06-01|day,ngp2,hydration,Limit Switch,1090-2B1 Limit switch fault TIP terminals inside carrier left extended,1,0.02
ngp2|2026-06-01|day,ngp2,hydration,Catheter Reject,"1100-13B5 Cathether detected at lane 5 (remove catheter, if free check sensor",1,0.07
ngp2|2026-06-01|day,ngp2,hydration,Catheter Reject,1100-13B3 Bad catheter not rejected at lane 3 (remove catheter,2,0.05
ngp2|2026-06-01|day,ngp2,hydration,Catheter Reject,1100-13B5 Good catheter not detected at lane 5,1,0.02
ngp2|2026-06-01|day,ngp2,hydration,Catheter Reject,1100-13B7 Bad catheter not rejected at lane 7 (remove catheter,1,0.02
ngp2|2026-06-01|day,ngp2,hydration,Other,1100 Prewarning waste bin full - empty bin and reset bin counter,2,0.04
ngp2|2026-06-01|day,ngp2,schubert,Line Stop / Wait,Schubert - Downstream machine not ready,19,0.7
ngp2|2026-06-01|day,ngp2,schubert,Line Stop / Wait,Line stop - waiting for schubert,3,0.1
ngp2|2026-06-01|day,ngp2,foil,Detection Fault,2070-1B2 Product detection fault after cutting lane 2,15,0.58
ngp2|2026-06-01|day,ngp2,foil,Positioning,2073 Product not in correct position Lane 2 - Please check product/sensor,2,0.03
ngp2|2026-06-01|day,ngp2,foil,Positioning,2073 Product not in correct position Lane 4 - Please check product/sensor,1,0.01
ngp2|2026-06-01|day,ngp2,foil,Other,2154-1M1 End of reel,1,0.07
ngp2|2026-06-01|day,ngp2,foil,Other,2152-1M1 Prewarning end of reel,1,0.05
ngp2|2026-06-01|day,ngp2,foil,Sealing Lane,2060 Please open the pack and remove catheter in sealing lane 4,4,0.1
ngp2|2026-06-01|day,ngp2,foil,Sealing Lane,2060 Please open the pack and remove catheter in sealing lane 3,2,0.04
ngp2|2026-06-01|day,ngp2,foil,Printer,"2035 Printer right, not ready or job deviation detected",1,0.04
ngp2|2026-06-01|day,ngp2,foil,Printer,"2035 Printer left, not ready or job deviation detected",1,0.04
ngp2|2026-06-01|day,ngp2,foil,Printer,"2035 Printer right, pre-warning low ribbon",1,0.02
ngp2|2026-06-01|day,ngp2,foil,Edge Trim,2068-1B6 Edge trim broken lane 6,2,0.38
ngp2|2026-06-01|day,ngp2,foil,Labeler,"2045-5B4 Labeler right, label buffer empty (dancer at the top",1,0.1
ngp2|2026-06-01|night,ngp2,schubert,Line Stop / Wait,Schubert - Downstream machine not ready,20,0.85
ngp2|2026-06-01|night,ngp2,schubert,Line Stop / Wait,Line stop - waiting for schubert,4,0.11
ngp2|2026-06-01|night,ngp2,hydration,Timing,1A03-1K1 MSM: At least one station takes longer than maximum allowed (general>diag hydration,1,0.01
ngp2|2026-06-01|night,ngp2,hydration,Catheter Reject,1100-13B7 Bad catheter not rejected at lane 7 (remove catheter,2,0.04
ngp2|2026-06-01|night,ngp2,hydration,Catheter Reject,"1100-13B5 Cathether detected at lane 5 (remove catheter, if free check sensor",1,0.04
ngp2|2026-06-01|night,ngp2,hydration,Catheter Reject,1100-13B3 Bad catheter not rejected at lane 3 (remove catheter,2,0.04
ngp2|2026-06-01|night,ngp2,hydration,Catheter Reject,"1100-13B3 Cathether detected at lane 3 (remove catheter, if free check sensor",1,0.03
ngp2|2026-06-01|night,ngp2,hydration,Catheter Reject,1100-13B5 Bad catheter not rejected at lane 5 (remove catheter,1,0.02
ngp2|2026-06-01|night,ngp2,hydration,Gripper,1010-7B1 Limit switch fault Gripper rake opened,9,1.54
ngp2|2026-06-01|night,ngp2,hydration,Gripper,1100-8B1 Limit switch fault gripper tip lane 1 opened,1,0.05
ngp2|2026-06-01|night,ngp2,hydration,Gripper,1100-8B9 Limit switch fault gripper tip lane 5 opened,1,0.04
ngp2|2026-06-01|night,ngp2,hydration,Gripper,1100-8B12 Limit switch fault gripper funnel lane 6 opened,1,0.03
ngp2|2026-06-01|night,ngp2,hydration,Gripper,1100-8B7 Limit switch fault gripper tip lane 4 opened,1,0.02
ngp2|2026-06-01|night,ngp2,hydration,Other,1100-7M1 Axis has reached adjusted current limit,1,0.3
ngp2|2026-06-01|night,ngp2,hydration,Limit Switch,1010-13B3 Limit switch fault Unload TIP lane 6 closed,1,0.19
ngp2|2026-06-01|night,ngp2,hydration,Limit Switch,1090-2B3 Limit switch fault TIP terminals inside carrier right extended,2,0.18
ngp2|2026-06-01|night,ngp2,hydration,Limit Switch,1064-2B1 Limit switch fault TIP terminals inside carrier left extended,3,0.11
ngp2|2026-06-01|night,ngp2,hydration,Limit Switch,1090-3B1 Limit switch fault TIP terminals outside extended,2,0.05
ngp2|2026-06-01|night,ngp2,hydration,Limit Switch,1010-13B2 Limit switch fault Unload TIP lane 4 closed,1,0.02
ngp2|2026-06-01|night,ngp2,hydration,Cap,1052-5B1 Cap area not empty,1,0.02
ngp2|2026-06-01|night,ngp2,hydration,PMK / Media,PMK is empty (switch to operation mode production,1,0.17
ngp2|2026-06-01|night,ngp2,hydration,PMK / Media,1A09 Communication Error to Server (PMK,1,0.02
ngp2|2026-06-01|night,ngp2,foil,Sealing Lane,2060 Please open the pack and remove catheter in sealing lane 4,4,0.11
ngp2|2026-06-01|night,ngp2,foil,Sealing Lane,2060 Please open the pack and remove catheter in sealing lane 2,3,0.08
ngp2|2026-06-01|night,ngp2,foil,Sealing Lane,2060 Please open the pack and remove catheter in sealing lane 5,1,0.04
ngp2|2026-06-01|night,ngp2,foil,Sealing Lane,2060 Please open the pack and remove catheter in sealing lane 3,1,0.03
ngp2|2026-06-01|night,ngp2,foil,Positioning,2073 Product not in correct position Lane 2 - Please check product/sensor,4,0.06
ngp2|2026-06-01|night,ngp2,foil,Positioning,2073 Product not in correct position Lane 4 - Please check product/sensor,1,0.02
ngp2|2026-06-01|night,ngp2,foil,Detection Fault,2070-1B2 Product detection fault after cutting lane 2,17,0.44
ngp2|2026-06-01|night,ngp2,foil,Detection Fault,2075-1B5 Reject fault lane 5 - Remove product after reject,1,0.02
ngp2|2026-06-01|night,ngp2,foil,Printer,"2037 Printer left, not ready",1,0.06
ngp2|2026-06-01|night,ngp2,foil,Printer,"2037 Printer right, not ready",1,0.05
ngp2|2026-06-01|night,ngp2,foil,Printer,"2050 Printer left, not ready",1,0.04
ngp2|2026-06-01|night,ngp2,foil,Printer,"2035 Printer left, pre-warning low ribbon",1,0.03
ngp2|2026-06-01|night,ngp2,foil,Printer,"2035 Printer left, not ready or job deviation detected",1,0.03
ngp2|2026-06-01|night,ngp2,foil,Other,2049-1B5 Consecutive fault lane 5,3,0.08
ngp2|2026-06-01|night,ngp2,foil,Other,2A01-5M1 Waste extraction system container full or flap opened (5B1/5B2/5S1,1,0.07
ngp2|2026-06-01|night,ngp2,foil,Other,2154-1M1 End of reel,1,0.02
ngp2|2026-06-01|night,ngp2,foil,Labeler,"2045-4B1 Labeler left, swivel moving (Dispensing edge",1,0.03
ngp2|2026-06-02|day,ngp2,schubert,Line Stop / Wait,Schubert - Downstream machine not ready,12,0.36
ngp2|2026-06-02|day,ngp2,schubert,Line Stop / Wait,Line stop - waiting for schubert,4,0.24
ngp2|2026-06-02|day,ngp2,hydration,Gripper,1100-8B10 Limit switch fault gripper funnel lane 5 opened,2,0.05
ngp2|2026-06-02|day,ngp2,hydration,Gripper,1100-8B6 Limit switch fault gripper funnel lane 3 opened,1,0.02
ngp2|2026-06-02|day,ngp2,hydration,Gripper,1100-8B18 Limit switch fault gripper funnel lane 9 opened,1,0.02
ngp2|2026-06-02|day,ngp2,hydration,Gripper,1100-8B5 Limit switch fault gripper tip lane 3 closed,1,0.02
ngp2|2026-06-02|day,ngp2,hydration,Gripper,1100-8B12 Limit switch fault gripper funnel lane 6 opened,1,0.02
ngp2|2026-06-02|day,ngp2,hydration,Catheter Reject,1100-13B2 Bad catheter not rejected at lane 2 (remove catheter,3,0.06
ngp2|2026-06-02|day,ngp2,hydration,Catheter Reject,1100-13B4 Bad catheter not rejected at lane 4 (remove catheter,2,0.05
ngp2|2026-06-02|day,ngp2,hydration,Catheter Reject,1100-13B3 Bad catheter not rejected at lane 3 (remove catheter,2,0.04
ngp2|2026-06-02|day,ngp2,hydration,Catheter Reject,"1100-13B3 Cathether detected at lane 3 (remove catheter, if free check sensor",1,0.03
ngp2|2026-06-02|day,ngp2,hydration,Catheter Reject,1100-13B9 Bad catheter not rejected at lane 9 (remove catheter,1,0.02
ngp2|2026-06-02|day,ngp2,hydration,Cap,1031-16B1 Consecutive fault camera cap not ok lane 3,1,0.05
ngp2|2026-06-02|day,ngp2,hydration,Cap,"1095 Error by cap reassemble, please check station 090",2,0.04
ngp2|2026-06-02|day,ngp2,hydration,Cap,1012-16B1 Consecutive fault camera cap not ok lane 4,1,0.04
ngp2|2026-06-02|day,ngp2,hydration,Cap,1052-5B1 Cap area not empty,1,0.03
ngp2|2026-06-02|day,ngp2,hydration,Limit Switch,1064-2B1 Limit switch fault TIP terminals inside carrier left extended,1,0.02
ngp2|2026-06-02|day,ngp2,hydration,Other,1A03 Axis FB: Motion or parameter error - check fault message list,2,0.29
ngp2|2026-06-02|day,ngp2,hydration,Other,1080-2B1 Clamp inside carrier 1 extended end position not reached,1,0.03
ngp2|2026-06-02|day,ngp2,hydration,Other,1100 Waste bin full - empty bin and reset bin counter,1,0.02
ngp2|2026-06-02|day,ngp2,hydration,PMK / Media,PMK is empty (switch to operation mode production,1,0.81
ngp2|2026-06-02|day,ngp2,hydration,PMK / Media,1A09 Communication Error to Server (PMK,1,0.13
ngp2|2026-06-02|day,ngp2,foil,Sealing Lane,2060 Please open the pack and remove catheter in sealing lane 4,14,0.34
ngp2|2026-06-02|day,ngp2,foil,Sealing Lane,2060 Please open the pack and remove catheter in sealing lane 5,1,0.02
ngp2|2026-06-02|day,ngp2,foil,Sealing Lane,2060 Please open the pack and remove catheter in sealing lane 1,1,0.02
ngp2|2026-06-02|day,ngp2,foil,Sealing Lane,2060 Please open the pack and remove catheter in sealing lane 3,1,0.02
ngp2|2026-06-02|day,ngp2,foil,Detection Fault,2070-1B2 Product detection fault after cutting lane 2,9,0.35
ngp2|2026-06-02|day,ngp2,foil,Detection Fault,2075-1B5 Reject fault lane 5 - Remove product after reject,1,0.02
ngp2|2026-06-02|day,ngp2,foil,Printer,"2035 Printer right, not ready or job deviation detected",1,0.21
ngp2|2026-06-02|day,ngp2,foil,Printer,"2035 Printer left, pre-warning low ribbon",2,0.13
ngp2|2026-06-02|day,ngp2,foil,Printer,"2035 Printer left, not ready or job deviation detected",1,0.04
ngp2|2026-06-02|day,ngp2,foil,Labeler,"2045-7B1 Labeler left, waste tape not in suction unit",3,0.18
ngp2|2026-06-02|day,ngp2,foil,Labeler,"2045-4B1 Labeler left, swivel moving (Dispensing edge",1,0.1
ngp2|2026-06-02|day,ngp2,foil,Labeler,"2045-4V1 Labeler left, fault or off (see labeler-display",1,0.09
ngp2|2026-06-02|day,ngp2,foil,Other,2041-2B1 Consecutive fault bad part,3,0.09
ngp2|2026-06-02|day,ngp2,foil,Positioning,2073 Product not in correct position Lane 5 - Please check product/sensor,1,0.02
ngp2|2026-06-02|night,ngp2,foil,Detection Fault,2070-1B2 Product detection fault after cutting lane 2,19,0.73
ngp2|2026-06-02|night,ngp2,foil,Detection Fault,2070-1B5 Product detection fault after cutting lane 5,1,0.14
ngp2|2026-06-02|night,ngp2,foil,Detection Fault,2075-1B1 Reject fault lane 1 - Remove product after reject,3,0.06
ngp2|2026-06-02|night,ngp2,foil,Detection Fault,2075-1B4 Reject fault lane 4 - Remove product after reject,1,0.05
ngp2|2026-06-02|night,ngp2,foil,Detection Fault,2075-1B3 Reject fault lane 3 - Remove product after reject,1,0.02
ngp2|2026-06-02|night,ngp2,foil,Printer,"2037 Printer left, not ready",1,0.09
ngp2|2026-06-02|night,ngp2,foil,Printer,"2035 Printer right, pre-warning low ribbon",2,0.09
ngp2|2026-06-02|night,ngp2,foil,Printer,"2035 Printer left, pre-warning low ribbon",2,0.06
ngp2|2026-06-02|night,ngp2,foil,Printer,"2037 Printer right, not ready",1,0.05
ngp2|2026-06-02|night,ngp2,foil,Printer,"2035 Printer right, not ready or job deviation detected",1,0.04
ngp2|2026-06-02|night,ngp2,foil,Labeler,"2045-7B1 Labeler left, waste tape not in suction unit",7,0.35
ngp2|2026-06-02|night,ngp2,foil,Labeler,"2045-5B4 Labeler right, label buffer empty (dancer at the top",1,0.17
ngp2|2026-06-02|night,ngp2,foil,Labeler,"2045-4V1 Labeler left, fault or off (see labeler-display",2,0.14
ngp2|2026-06-02|night,ngp2,foil,Positioning,2073 Product not in correct position Lane 2 - Please check product/sensor,1,0.02
ngp2|2026-06-02|night,ngp2,foil,Other,2Axx Axis FB: Motion or parameter error - check fault message list,1,0.1
ngp2|2026-06-02|night,ngp2,foil,Other,2039-1B1 Check print mark sensor,1,0.07
ngp2|2026-06-02|night,ngp2,foil,Other,2154-1M1 Prewarning end of reel,1,0.03
ngp2|2026-06-02|night,ngp2,foil,Other,2049-1B3 Consecutive fault lane 3,1,0.02
ngp2|2026-06-02|night,ngp2,foil,Other,2041-2B1 Consecutive fault bad part,1,0.02
ngp2|2026-06-02|night,ngp2,foil,Sealing Lane,2060 Please open the pack and remove catheter in sealing lane 4,2,0.05
ngp2|2026-06-02|night,ngp2,foil,Sealing Lane,2060 Please open the pack and remove catheter in sealing lane 2,3,0.05
ngp2|2026-06-02|night,ngp2,foil,Sealing Lane,2060 Please open the pack and remove catheter in sealing lane 3,2,0.04
ngp2|2026-06-02|night,ngp2,hydration,Limit Switch,1030-13B3 Limit switch fault Unload TIP lane 5 closed,1,0.06
ngp2|2026-06-02|night,ngp2,hydration,Limit Switch,1030-13B4 Limit switch fault Unload TIP lane 7 closed,1,0.06
ngp2|2026-06-02|night,ngp2,hydration,Limit Switch,1010-13B3 Limit switch fault Unload TIP lane 6 closed,1,0.03
ngp2|2026-06-02|night,ngp2,hydration,Limit Switch,1090-2B1 Limit switch fault TIP terminals inside carrier left extended,1,0.02
ngp2|2026-06-02|night,ngp2,hydration,Gripper,1031-10B2 Gripper TIP close end position closed reached,1,0.08
ngp2|2026-06-02|night,ngp2,hydration,Gripper,1100-8B8 Limit switch fault gripper funnel lane 4 opened,3,0.08
ngp2|2026-06-02|night,ngp2,hydration,Gripper,1100-8B20 Limit switch fault gripper funnel lane 10 opened,1,0.06
ngp2|2026-06-02|night,ngp2,hydration,Gripper,1100-8B11 Limit switch fault gripper tip lane 6 opened,1,0.05
ngp2|2026-06-02|night,ngp2,hydration,Gripper,1100-8B7 Limit switch fault gripper tip lane 4 opened,2,0.04
ngp2|2026-06-02|night,ngp2,hydration,Catheter Reject,"1100-13B2 Cathether detected at lane 2 (remove catheter, if free check sensor",2,0.05
ngp2|2026-06-02|night,ngp2,hydration,Catheter Reject,1010-5B3 Consecutive fault loader catheter absence lane 6,1,0.05
ngp2|2026-06-02|night,ngp2,hydration,Catheter Reject,"1100-13B9 Cathether detected at lane 9 (remove catheter, if free check sensor",1,0.03
ngp2|2026-06-02|night,ngp2,hydration,Catheter Reject,1100-13B6 Bad catheter not rejected at lane 6 (remove catheter,1,0.03
ngp2|2026-06-02|night,ngp2,hydration,Catheter Reject,1100-13B3 Bad catheter not rejected at lane 3 (remove catheter,1,0.02
ngp2|2026-06-02|night,ngp2,hydration,Timing,1A03-1K1 MSM: At least one station takes longer than maximum allowed (general>diag hydration,1,0.01
ngp2|2026-06-02|night,ngp2,hydration,Cap,1052-5B1 Cap area not empty,1,0.02
ngp2|2026-06-02|night,ngp2,hydration,PMK / Media,PMK is empty (switch to operation mode production,1,0.22
ngp2|2026-06-02|night,ngp2,schubert,Line Stop / Wait,Schubert - Downstream machine not ready,17,0.81
ngp2|2026-06-02|night,ngp2,schubert,Line Stop / Wait,Line stop - waiting for schubert,3,0.09
ngp2|2026-06-03|day,ngp2,hydration,PMK / Media,PMK is empty (switch to operation mode production,1,0.07
ngp2|2026-06-03|day,ngp2,hydration,Timing,1A03-1K1 MSM: At least one station takes longer than maximum allowed (general>diag hydration,1,0.04
ngp2|2026-06-03|day,ngp2,hydration,Gripper,1100-8B8 Limit switch fault gripper funnel lane 4 opened,2,0.12
ngp2|2026-06-03|day,ngp2,hydration,Gripper,1100-8B17 Limit switch fault gripper tip lane 9 opened,1,0.12
ngp2|2026-06-03|day,ngp2,hydration,Gripper,1090-5B1 Limit switch fault Gripper cover left extended,3,0.06
ngp2|2026-06-03|day,ngp2,hydration,Gripper,1030-4B5 Limit switch fault Loading gripper funnel lane 9 closed,1,0.06
ngp2|2026-06-03|day,ngp2,hydration,Gripper,1010-7B1 Limit switch fault Gripper rake opened,1,0.03
ngp2|2026-06-03|day,ngp2,hydration,Limit Switch,1010-13B4 Limit switch fault Unload TIP lane 8 closed,1,0.03
ngp2|2026-06-03|day,ngp2,hydration,Limit Switch,1064-2B3 Limit switch fault TIP terminals inside carrier right extended,1,0.03
ngp2|2026-06-03|day,ngp2,hydration,Limit Switch,1064-3B1 Limit switch fault TIP terminals outside extended,1,0.02
ngp2|2026-06-03|day,ngp2,hydration,Catheter Reject,"1100-13B3 Cathether detected at lane 3 (remove catheter, if free check sensor",2,0.07
ngp2|2026-06-03|day,ngp2,hydration,Catheter Reject,"1100-13B1 Cathether detected at lane 1 (remove catheter, if free check sensor",1,0.02
ngp2|2026-06-03|day,ngp2,hydration,Catheter Reject,"1100-13B2 Cathether detected at lane 2 (remove catheter, if free check sensor",1,0.02
ngp2|2026-06-03|day,ngp2,foil,Other,2Axx Axis FB: Motion or parameter error - check fault message list,1,0.05
ngp2|2026-06-03|day,ngp2,foil,Other,2049-1B5 Consecutive fault lane 5,2,0.05
ngp2|2026-06-03|day,ngp2,foil,Other,2154-1M1 End of reel,1,0.03
ngp2|2026-06-03|day,ngp2,foil,Other,2152-1M1 End of reel,1,0.02
ngp2|2026-06-03|day,ngp2,foil,Other,2049-1B1 Consecutive fault lane 1,1,0.02
ngp2|2026-06-03|day,ngp2,foil,Detection Fault,2070-1B2 Product detection fault after cutting lane 2,7,0.4
ngp2|2026-06-03|day,ngp2,foil,Detection Fault,2075-1B1 Reject fault lane 1 - Remove product after reject,6,0.15
ngp2|2026-06-03|day,ngp2,foil,Detection Fault,2075-1B3 Reject fault lane 3 - Remove product after reject,1,0.01
ngp2|2026-06-03|day,ngp2,foil,Positioning,2073 Product not in correct position Lane 2 - Please check product/sensor,5,0.13
ngp2|2026-06-03|day,ngp2,foil,Labeler,"2045-4V1 Labeler left, fault or off (see labeler-display",3,0.31
ngp2|2026-06-03|day,ngp2,foil,Labeler,"2045-5B3 Labeler right, end of label tape",1,0.14
ngp2|2026-06-03|day,ngp2,foil,Printer,"2037 Printer left, not ready",1,0.08
ngp2|2026-06-03|day,ngp2,foil,Printer,"2035 Printer left, not ready or job deviation detected",1,0.07
ngp2|2026-06-03|day,ngp2,foil,Printer,"2050 Printer left, not ready",2,0.07
ngp2|2026-06-03|day,ngp2,foil,Printer,"2035 Printer right, not ready or job deviation detected",1,0.06
ngp2|2026-06-03|day,ngp2,foil,Printer,"2035 Printer right, pre-warning low ribbon",1,0.06
ngp2|2026-06-03|day,ngp2,foil,Sealing Lane,2060 Please open the pack and remove catheter in sealing lane 4,7,0.2
ngp2|2026-06-03|day,ngp2,foil,Sealing Lane,2060 Please open the pack and remove catheter in sealing lane 2,2,0.03
ngp2|2026-06-03|day,ngp2,schubert,Line Stop / Wait,Schubert - Downstream machine not ready,19,0.51
ngp2|2026-06-03|day,ngp2,schubert,Line Stop / Wait,Line stop - waiting for schubert,6,0.44
ngp2|2026-06-03|night,ngp2,schubert,Line Stop / Wait,Schubert - Downstream machine not ready,12,0.63
ngp2|2026-06-03|night,ngp2,schubert,Line Stop / Wait,Line stop - waiting for schubert,2,0.05
ngp2|2026-06-03|night,ngp2,hydration,Other,1100-7M1 Axis has reached adjusted current limit,1,0.2
ngp2|2026-06-03|night,ngp2,hydration,Other,1076/80-Kaon not ready,1,0.07
ngp2|2026-06-03|night,ngp2,hydration,Other,1140-2B2 Carrier at rear right side not empty,1,0.03
ngp2|2026-06-03|night,ngp2,hydration,Cap,"1095 Error by cap reassemble, please check station 090",1,0.02
ngp2|2026-06-03|night,ngp2,hydration,Catheter Reject,1100-13B10 Bad catheter not rejected at lane 10 (remove catheter,1,0.06
ngp2|2026-06-03|night,ngp2,hydration,Catheter Reject,1010-5B4 Consecutive fault loader catheter absence lane 8,1,0.04
ngp2|2026-06-03|night,ngp2,hydration,Catheter Reject,"1100-13B2 Cathether detected at lane 2 (remove catheter, if free check sensor",1,0.02
ngp2|2026-06-03|night,ngp2,hydration,Catheter Reject,"1100-13B5 Cathether detected at lane 5 (remove catheter, if free check sensor",1,0.02
ngp2|2026-06-03|night,ngp2,hydration,Catheter Reject,1100-13B3 Bad catheter not rejected at lane 3 (remove catheter,1,0.02
ngp2|2026-06-03|night,ngp2,hydration,Gripper,1090-5B1 Limit switch fault Gripper cover left extended,7,0.14
ngp2|2026-06-03|night,ngp2,hydration,Gripper,1100-8B17 Limit switch fault gripper tip lane 9 opened,2,0.04
ngp2|2026-06-03|night,ngp2,hydration,Limit Switch,1090-2B3 Limit switch fault TIP terminals inside carrier right extended,1,0.04
ngp2|2026-06-03|night,ngp2,hydration,Limit Switch,1090-2B1 Limit switch fault TIP terminals inside carrier left extended,2,0.03
ngp2|2026-06-03|night,ngp2,hydration,PMK / Media,PMK is empty (switch to operation mode production,1,0.17
ngp2|2026-06-03|night,ngp2,foil,Other,2049-1B5 Consecutive fault lane 5,3,0.3
ngp2|2026-06-03|night,ngp2,foil,Other,RC=1183,1,0.18
ngp2|2026-06-03|night,ngp2,foil,Other,2A09 Communication Error to Client (Hydration,1,0.09
ngp2|2026-06-03|night,ngp2,foil,Other,2057 Sequence control stopped,1,0.02
ngp2|2026-06-03|night,ngp2,foil,Other,2049-1B1 Consecutive fault lane 1,1,0.02
ngp2|2026-06-03|night,ngp2,foil,Detection Fault,2070-1B2 Product detection fault after cutting lane 2,8,0.25
ngp2|2026-06-03|night,ngp2,foil,Detection Fault,2070-1B3 Product detection fault after cutting lane 3,1,0.03
ngp2|2026-06-03|night,ngp2,foil,Detection Fault,2075-1B3 Reject fault lane 3 - Remove product after reject,1,0.02
ngp2|2026-06-03|night,ngp2,foil,Sealing Lane,2060 Please open the pack and remove catheter in sealing lane 4,8,0.21
ngp2|2026-06-03|night,ngp2,foil,Sealing Lane,2060 Please open the pack and remove catheter in sealing lane 5,3,0.08
ngp2|2026-06-03|night,ngp2,foil,Sealing Lane,2060 Please open the pack and remove catheter in sealing lane 2,2,0.03
ngp2|2026-06-03|night,ngp2,foil,Sealing Lane,2060 Please open the pack and remove catheter in sealing lane 1,1,0.02
ngp2|2026-06-03|night,ngp2,foil,Printer,"2037 Printer left, not ready",2,0.44
ngp2|2026-06-03|night,ngp2,foil,Printer,"2037 Printer right, not ready",1,0.06
ngp2|2026-06-03|night,ngp2,foil,Positioning,2073 Product not in correct position Lane 5 - Please check product/sensor,1,0.02
ngp2|2026-06-03|night,ngp2,foil,Positioning,2073 Product not in correct position Lane 2 - Please check product/sensor,1,0.01
ngp2|2026-06-03|night,ngp2,foil,Labeler,"2045-4V1 Labeler left, fault or off (see labeler-display",1,0.09
ngp2|2026-06-03|night,ngp2,foil,Labeler,"2045-7B1 Labeler left, waste tape not in suction unit",1,0.06
ngp2|2026-06-03|night,ngp2,foil,Labeler,"2045-4B1 Labeler left, swivel moving (Dispensing edge",1,0.05
ngp2|2026-06-03|night,ngp2,foil,Labeler,"2045-4B2 Labeler left, end of label tape, pre Warning",1,0.01
ngp2|2026-06-04|day,ngp2,hydration,PMK / Media,PMK is empty (switch to operation mode production,1,0.04
ngp2|2026-06-04|day,ngp2,hydration,Gripper,1100-8B6 Limit switch fault gripper funnel lane 3 opened,4,0.55
ngp2|2026-06-04|day,ngp2,hydration,Gripper,1090-5B1 Limit switch fault Gripper cover left extended,1,0.16
ngp2|2026-06-04|day,ngp2,hydration,Gripper,1100-8B7 Limit switch fault gripper tip lane 4 opened,3,0.07
ngp2|2026-06-04|day,ngp2,hydration,Gripper,1100-8B14 Limit switch fault gripper funnel lane 7 opened,2,0.04
ngp2|2026-06-04|day,ngp2,hydration,Gripper,1030-4B5 Limit switch fault Loading gripper funnel lane 9 closed,1,0.03
ngp2|2026-06-04|day,ngp2,hydration,Catheter Reject,1100-13B1 Bad catheter not rejected at lane 1 (remove catheter,1,0.06
ngp2|2026-06-04|day,ngp2,hydration,Catheter Reject,"1100-13B3 Cathether detected at lane 3 (remove catheter, if free check sensor",1,0.04
ngp2|2026-06-04|day,ngp2,hydration,Catheter Reject,1100-13B7 Bad catheter not rejected at lane 7 (remove catheter,1,0.03
ngp2|2026-06-04|day,ngp2,hydration,Catheter Reject,"1100-13B1 Cathether detected at lane 1 (remove catheter, if free check sensor",1,0.03
ngp2|2026-06-04|day,ngp2,hydration,Catheter Reject,1010-5B1 Consecutive fault loader catheter absence lane 2,1,0.02
ngp2|2026-06-04|day,ngp2,hydration,Limit Switch,1010-13B3 Limit switch fault Unload TIP lane 6 closed,2,0.13
ngp2|2026-06-04|day,ngp2,hydration,Limit Switch,1064-2B1 Limit switch fault TIP terminals inside carrier left extended,2,0.1
ngp2|2026-06-04|day,ngp2,hydration,Limit Switch,1090-3B1 Limit switch fault TIP terminals outside extended,1,0.04
ngp2|2026-06-04|day,ngp2,hydration,Limit Switch,1010-13B5 Limit switch fault Unload TIP lane 10 closed,1,0.04
ngp2|2026-06-04|day,ngp2,hydration,Limit Switch,1064-2B3 Limit switch fault TIP terminals inside carrier right extended,2,0.04
ngp2|2026-06-04|day,ngp2,hydration,Cap,1064 Consecutive fault (Check area for missing cap and sensor 8B1,1,0.06
ngp2|2026-06-04|day,ngp2,hydration,Cap,1012-18B1 Consecutive fault camera cap not ok lane 8,1,0.03
ngp2|2026-06-04|day,ngp2,foil,Other,2A09 Communication Error to Client (Hydration,1,0.09
ngp2|2026-06-04|day,ngp2,foil,Other,2041-2B1 Consecutive fault bad part,2,0.02
ngp2|2026-06-04|day,ngp2,foil,Detection Fault,2070-1B2 Product detection fault after cutting lane 2,3,0.09
ngp2|2026-06-04|day,ngp2,foil,Detection Fault,2070-1B4 Product detection fault after cutting lane 4,1,0.03
ngp2|2026-06-04|day,ngp2,foil,Printer,"2035 Printer left, pre-warning low ribbon",3,0.44
ngp2|2026-06-04|day,ngp2,foil,Printer,"2037 Printer right, not ready",1,0.11
ngp2|2026-06-04|day,ngp2,foil,Printer,"2037 Printer left, not ready",1,0.05
ngp2|2026-06-04|day,ngp2,foil,Printer,"2035 Printer right, not ready or job deviation detected",1,0.04
ngp2|2026-06-04|day,ngp2,foil,Printer,"2035 Printer left, not ready or job deviation detected",1,0.04
ngp2|2026-06-04|day,ngp2,foil,Labeler,"2045-5B4 Labeler right, label buffer empty (dancer at the top",1,0.09
ngp2|2026-06-04|day,ngp2,foil,Positioning,2073 Product not in correct position Lane 5 - Please check product/sensor,1,0.02
ngp2|2026-06-04|day,ngp2,foil,Sealing Lane,2060 Please open the pack and remove catheter in sealing lane 4,4,0.14
ngp2|2026-06-04|day,ngp2,foil,Sealing Lane,2060 Please open the pack and remove catheter in sealing lane 1,1,0.04
ngp2|2026-06-04|day,ngp2,foil,Sealing Lane,2060 Please open the pack and remove catheter in sealing lane 3,1,0.02
ngp2|2026-06-04|day,ngp2,schubert,Line Stop / Wait,Schubert - Downstream machine not ready,17,1.02
ngp2|2026-06-04|day,ngp2,schubert,Line Stop / Wait,Line stop - waiting for schubert,1,0.52
ngp2|2026-06-04|night,ngp2,schubert,Line Stop / Wait,Schubert - Downstream machine not ready,9,0.22
ngp2|2026-06-04|night,ngp2,schubert,Line Stop / Wait,Line stop - waiting for schubert,5,0.1
ngp2|2026-06-04|night,ngp2,hydration,Cap,"1095 Error by cap reassemble, please check station 090",1,0.08
ngp2|2026-06-04|night,ngp2,hydration,Cap,1031-17B1 Consecutive fault camera cap not ok lane 5,2,0.04
ngp2|2026-06-04|night,ngp2,hydration,Cap,1064 Consecutive fault (Check area for missing cap and sensor 8B1,1,0.03
ngp2|2026-06-04|night,ngp2,hydration,Limit Switch,1030-13B4 Limit switch fault Unload TIP lane 7 closed,5,0.16
ngp2|2026-06-04|night,ngp2,hydration,Limit Switch,1064-2B3 Limit switch fault TIP terminals inside carrier right extended,3,0.06
ngp2|2026-06-04|night,ngp2,hydration,Limit Switch,1064-2B1 Limit switch fault TIP terminals inside carrier left extended,1,0.01
ngp2|2026-06-04|night,ngp2,hydration,Limit Switch,1090-2B1 Limit switch fault TIP terminals inside carrier left extended,1,0.01
ngp2|2026-06-04|night,ngp2,hydration,Gripper,1100-8B7 Limit switch fault gripper tip lane 4 opened,1,0.04
ngp2|2026-06-04|night,ngp2,hydration,Gripper,1100-8B10 Limit switch fault gripper funnel lane 5 opened,2,0.04
ngp2|2026-06-04|night,ngp2,hydration,Gripper,1100-8B15 Limit switch fault gripper tip lane 8 closed,1,0.03
ngp2|2026-06-04|night,ngp2,hydration,Gripper,1100-8B6 Limit switch fault gripper funnel lane 3 opened,1,0.03
ngp2|2026-06-04|night,ngp2,hydration,Gripper,1030-4B5 Limit switch fault Loading gripper funnel lane 9 closed,1,0.02
ngp2|2026-06-04|night,ngp2,hydration,Catheter Reject,"1100-13B7 Cathether detected at lane 7 (remove catheter, if free check sensor",1,0.06
ngp2|2026-06-04|night,ngp2,hydration,Catheter Reject,"1100-13B2 Cathether detected at lane 2 (remove catheter, if free check sensor",2,0.04
ngp2|2026-06-04|night,ngp2,hydration,Catheter Reject,1100-13B1 Bad catheter not rejected at lane 1 (remove catheter,2,0.04
ngp2|2026-06-04|night,ngp2,hydration,Catheter Reject,"1100-13B6 Cathether detected at lane 6 (remove catheter, if free check sensor",1,0.02
ngp2|2026-06-04|night,ngp2,hydration,Catheter Reject,"1100-13B3 Cathether detected at lane 3 (remove catheter, if free check sensor",1,0.02
ngp2|2026-06-04|night,ngp2,hydration,Other,1076/80-Kaon not ready,1,0.02
ngp2|2026-06-04|night,ngp2,hydration,PMK / Media,PMK is empty (switch to operation mode production,1,0.17
ngp2|2026-06-04|night,ngp2,foil,Sealing Lane,2060 Please open the pack and remove catheter in sealing lane 4,8,0.15
ngp2|2026-06-04|night,ngp2,foil,Sealing Lane,2060 Please open the pack and remove catheter in sealing lane 2,4,0.07
ngp2|2026-06-04|night,ngp2,foil,Sealing Lane,2060 Please open the pack and remove catheter in sealing lane 1,2,0.03
ngp2|2026-06-04|night,ngp2,foil,Sealing Lane,2060 Please open the pack and remove catheter in sealing lane 3,1,0.02
ngp2|2026-06-04|night,ngp2,foil,Other,2032 Consecutive fault print mark not ok,2,0.16
ngp2|2026-06-04|night,ngp2,foil,Other,2057 Consecutive fault (printmark,2,0.04
ngp2|2026-06-04|night,ngp2,foil,Other,2152-1M1 End of reel,1,0.03
ngp2|2026-06-04|night,ngp2,foil,Other,2B05-1K2 Guard not closed,1,0.03
ngp2|2026-06-04|night,ngp2,foil,Other,2041-2B1 Consecutive fault bad part,1,0.02
ngp2|2026-06-04|night,ngp2,foil,Positioning,2073 Product not in correct position Lane 4 - Please check product/sensor,1,0.02
ngp2|2026-06-04|night,ngp2,foil,Positioning,2073 Product not in correct position Lane 5 - Please check product/sensor,1,0.01
ngp2|2026-06-04|night,ngp2,foil,Printer,"2037 Printer right, not ready",1,0.06
ngp2|2026-06-04|night,ngp2,foil,Printer,"2035 Printer left, not ready or job deviation detected",2,0.06
ngp2|2026-06-04|night,ngp2,foil,Printer,"2037 Printer left, not ready",1,0.03
ngp2|2026-06-04|night,ngp2,foil,Printer,"2035 Printer right, not ready or job deviation detected",1,0.03
ngp2|2026-06-04|night,ngp2,foil,Printer,"2035 Printer left, pre-warning low ribbon",1,0.01
ngp2|2026-06-04|night,ngp2,foil,Labeler,"2045-4B2 Labeler left, end of label tape, pre Warning",2,0.11
ngp2|2026-06-04|night,ngp2,foil,Labeler,"2045-5B4 Labeler right, label buffer empty (dancer at the top",1,0.1
ngp2|2026-06-04|night,ngp2,foil,Detection Fault,2070-1B2 Product detection fault after cutting lane 2,2,0.04
ngp2|2026-06-13|day,ngp2,hydration,Other,1A03 Axis error - check fault message list,1,3.05
ngp2|2026-06-13|day,ngp2,hydration,Other,1A03 Axis FB: Motion or parameter error - check fault message list,3,0.41
ngp2|2026-06-13|day,ngp2,hydration,Cap,1031-19B1 Consecutive fault camera cap not ok lane 9,1,0.03
ngp2|2026-06-13|day,ngp2,hydration,Limit Switch,1064-2B3 Limit switch fault TIP terminals inside carrier right extended,3,0.08
ngp2|2026-06-13|day,ngp2,hydration,Gripper,1031-10B2 Gripper TIP close end position closed reached,1,0.05
ngp2|2026-06-13|day,ngp2,hydration,Gripper,1031-11B1 Gripper TIP top lower end position bottom reached,1,0.04
ngp2|2026-06-13|day,ngp2,hydration,Gripper,1100-8B11 Limit switch fault gripper tip lane 6 opened,1,0.02
ngp2|2026-06-13|day,ngp2,hydration,PMK / Media,1A09 PMK in collision area,1,0.17
ngp2|2026-06-13|day,ngp2,foil,Detection Fault,2070-1B2 Product detection fault after cutting lane 2,2,0.06
ngp2|2026-06-13|day,ngp2,foil,Detection Fault,2083-1B5 Reject fault lane 5 - remove product after rework reject,1,0.05
ngp2|2026-06-13|day,ngp2,foil,Detection Fault,2075-1B4 Reject fault lane 4 - Remove product after reject,1,0.03
ngp2|2026-06-13|day,ngp2,foil,Other,2041-2B1 Consecutive fault bad part,4,0.13
ngp2|2026-06-13|day,ngp2,foil,Other,2049-1B5 Consecutive fault lane 5,4,0.11
ngp2|2026-06-13|day,ngp2,foil,Other,2152-1M1 End of reel,1,0.02
ngp2|2026-06-13|day,ngp2,foil,Sealing Lane,2060 Please open the pack and remove catheter in sealing lane 2,4,0.11
ngp2|2026-06-13|day,ngp2,foil,Sealing Lane,2060 Please open the pack and remove catheter in sealing lane 4,5,0.09
ngp2|2026-06-13|day,ngp2,foil,Sealing Lane,2060 Please open the pack and remove catheter in sealing lane 3,1,0.01
ngp2|2026-06-13|day,ngp2,foil,Printer,"2035 Printer left, not ready or job deviation detected",1,1.09
ngp2|2026-06-13|day,ngp2,foil,Printer,"2037 Printer right, not ready",1,0.57
ngp2|2026-06-13|day,ngp2,foil,Printer,"2037 Printer right, pre-warning low ribbon",1,0.02
ngp2|2026-06-13|day,ngp2,foil,Positioning,2073 Product not in correct position Lane 4 - Please check product/sensor,1,0.02
ngp2|2026-06-13|day,ngp2,foil,Positioning,2073 Product not in correct position Lane 1 - Please check product/sensor,1,0.01
ngp2|2026-06-13|day,ngp2,foil,Edge Trim,2068-1B1 Edge trim broken lane 1,1,0.05
ngp2|2026-06-13|day,ngp2,schubert,Line Stop / Wait,Schubert - Downstream machine not ready,6,0.24
ngp2|2026-06-13|night,ngp2,foil,Detection Fault,2070-1B2 Product detection fault after cutting lane 2,6,0.25
ngp2|2026-06-13|night,ngp2,foil,Detection Fault,2075-1B1 Reject fault lane 1 - Remove product after reject,2,0.08
ngp2|2026-06-13|night,ngp2,foil,Other,2049-1B5 Consecutive fault lane 5,5,0.54
ngp2|2026-06-13|night,ngp2,foil,Other,2048 Consecutive error no pass message lane 5,1,0.35
ngp2|2026-06-13|night,ngp2,foil,Other,2041-2B1 Consecutive fault bad part,2,0.13
ngp2|2026-06-13|night,ngp2,foil,Other,2048 Consecutive error no pass message lane 3,3,0.09
ngp2|2026-06-13|night,ngp2,foil,Other,2049-1B3 Consecutive fault lane 3,2,0.05
ngp2|2026-06-13|night,ngp2,foil,Positioning,2073 Product not in correct position Lane 2 - Please check product/sensor,1,0.02
ngp2|2026-06-13|night,ngp2,foil,Labeler,"2045-4V1 Labeler left, fault or off (see labeler-display",3,0.39
ngp2|2026-06-13|night,ngp2,foil,Labeler,"2045-7B1 Labeler left, waste tape not in suction unit",6,0.38
ngp2|2026-06-13|night,ngp2,foil,Labeler,"2045-5B4 Labeler right, label buffer empty (dancer at the top",1,0.09
ngp2|2026-06-13|night,ngp2,foil,Sealing Lane,2060 Please open the pack and remove catheter in sealing lane 1,2,0.24
ngp2|2026-06-13|night,ngp2,foil,Sealing Lane,2060 Please open the pack and remove catheter in sealing lane 4,8,0.24
ngp2|2026-06-13|night,ngp2,foil,Sealing Lane,2060 Please open the pack and remove catheter in sealing lane 2,5,0.12
ngp2|2026-06-13|night,ngp2,foil,Printer,"2050 Printer left, not ready",1,0.1
ngp2|2026-06-13|night,ngp2,foil,Printer,"2037 Printer left, not ready",1,0.06
ngp2|2026-06-13|night,ngp2,foil,Printer,"2035 Printer right, not ready or job deviation detected",1,0.04
ngp2|2026-06-13|night,ngp2,foil,Edge Trim,2068-1B6 Edge trim broken lane 6,1,0.1
ngp2|2026-06-13|night,ngp2,schubert,Line Stop / Wait,Schubert - Downstream machine not ready,11,0.39
ngp2|2026-06-13|night,ngp2,schubert,Line Stop / Wait,Line stop - waiting for schubert,1,0.22
ngp2|2026-06-13|night,ngp2,hydration,Limit Switch,1064-2B3 Limit switch fault TIP terminals inside carrier right extended,5,0.14
ngp2|2026-06-13|night,ngp2,hydration,Limit Switch,1090-2B3 Limit switch fault TIP terminals inside carrier right extended,1,0.03
ngp2|2026-06-13|night,ngp2,hydration,Cap,1052-5B1 Cap area not empty,3,0.07
ngp2|2026-06-13|night,ngp2,hydration,Catheter Reject,1030-5B2 Consecutive fault loader catheter absence lane 3,1,0.05
ngp2|2026-06-13|night,ngp2,hydration,PMK / Media,PMK is empty (switch to operation mode production,1,0.62
ngp2|2026-06-14|day,ngp2,hydration,PMK / Media,PMK is empty (switch to operation mode production,1,0.18
ngp2|2026-06-14|day,ngp2,hydration,Catheter Reject,1100-13B2 Bad catheter not rejected at lane 2 (remove catheter,6,0.27
ngp2|2026-06-14|day,ngp2,hydration,Catheter Reject,1100-13B5 Bad catheter not rejected at lane 5 (remove catheter,2,0.15
ngp2|2026-06-14|day,ngp2,hydration,Catheter Reject,1100-13B4 Bad catheter not rejected at lane 4 (remove catheter,5,0.13
ngp2|2026-06-14|day,ngp2,hydration,Catheter Reject,1100-13B10 Bad catheter not rejected at lane 10 (remove catheter,3,0.08
ngp2|2026-06-14|day,ngp2,hydration,Catheter Reject,1100-13B7 Bad catheter not rejected at lane 7 (remove catheter,2,0.08
ngp2|2026-06-14|day,ngp2,hydration,Gripper,1100-8B3 Limit switch fault gripper tip lane 2 closed,1,0.11
ngp2|2026-06-14|day,ngp2,hydration,Gripper,1100-8B7 Limit switch fault gripper tip lane 4 opened,2,0.04
ngp2|2026-06-14|day,ngp2,hydration,Gripper,1100-8B17 Limit switch fault gripper tip lane 9 opened,1,0.03
ngp2|2026-06-14|day,ngp2,hydration,Gripper,1030-4B4 Limit switch fault Loading gripper funnel lane 7 closed,1,0.03
ngp2|2026-06-14|day,ngp2,hydration,Gripper,1030-10B3 Limit switch fault Unload gripper funnel lane 5 closed,1,0.02
ngp2|2026-06-14|day,ngp2,hydration,Other,1080 Consecutive fault Level not reached,3,0.17
ngp2|2026-06-14|day,ngp2,hydration,Other,1140-2B2 Carrier at rear right side not empty,2,0.1
ngp2|2026-06-14|day,ngp2,hydration,Other,1080-2B3 Clamp inside carrier 2 extended end position not reached,1,0.03
ngp2|2026-06-14|day,ngp2,hydration,Other,1001-1M1 Axis has reached adjusted current limit,1,0.03
ngp2|2026-06-14|day,ngp2,hydration,Other,1100 Prewarning waste bin full - empty bin and reset bin counter,1,0.03
ngp2|2026-06-14|day,ngp2,hydration,Cover,1140-1B2 Cover holder right not empty,3,0.13
ngp2|2026-06-14|day,ngp2,hydration,Cover,1140-1B1 Cover holder left not empty,1,0.08
ngp2|2026-06-14|day,ngp2,hydration,Cap,1052-5B1 Cap area not empty,12,0.33
ngp2|2026-06-14|day,ngp2,hydration,Cap,"1095 Error by cap reassemble, please check station 090",4,0.24
ngp2|2026-06-14|day,ngp2,hydration,Cap,1064 Consecutive fault (Check area for missing cap and sensor 8B1,2,0.14
ngp2|2026-06-14|day,ngp2,hydration,Limit Switch,1064-2B3 Limit switch fault TIP terminals inside carrier right extended,6,0.27
ngp2|2026-06-14|day,ngp2,hydration,Limit Switch,1030-13B2 Limit switch fault Unload TIP lane 3 closed,3,0.1
ngp2|2026-06-14|day,ngp2,hydration,Limit Switch,1064-3B1 Limit switch fault TIP terminals outside extended,2,0.04
ngp2|2026-06-14|day,ngp2,hydration,Timing,1A03-1K1 MSM: At least one station takes longer than maximum allowed (general>diag hydration,1,0.05
ngp2|2026-06-14|day,ngp2,foil,Other,2049-1B3 Consecutive fault lane 3,5,0.15
ngp2|2026-06-14|day,ngp2,foil,Other,2041-2B1 Consecutive fault bad part,3,0.07
ngp2|2026-06-14|day,ngp2,foil,Other,2049-1B1 Consecutive fault lane 1,1,0.02
ngp2|2026-06-14|day,ngp2,foil,Edge Trim,2068-1B1 Edge trim broken lane 1,2,0.07
ngp2|2026-06-14|day,ngp2,foil,Detection Fault,2070-1B2 Product detection fault after cutting lane 2,9,0.3
ngp2|2026-06-14|day,ngp2,foil,Detection Fault,2075-1B3 Reject fault lane 3 - Remove product after reject,8,0.2
ngp2|2026-06-14|day,ngp2,foil,Detection Fault,2075-1B1 Reject fault lane 1 - Remove product after reject,2,0.06
ngp2|2026-06-14|day,ngp2,foil,Detection Fault,2070-1B1 Product detection fault after cutting lane 1,1,0.02
ngp2|2026-06-14|day,ngp2,foil,Sealing Lane,2060 Please open the pack and remove catheter in sealing lane 2,8,0.15
ngp2|2026-06-14|day,ngp2,foil,Sealing Lane,2060 Please open the pack and remove catheter in sealing lane 1,1,0.05
ngp2|2026-06-14|day,ngp2,foil,Sealing Lane,2060 Please open the pack and remove catheter in sealing lane 4,1,0.03
ngp2|2026-06-14|day,ngp2,foil,Labeler,"2045-5B4 Labeler right, label buffer empty (dancer at the top",1,0.16
ngp2|2026-06-14|day,ngp2,foil,Labeler,"2045-4V1 Labeler left, fault or off (see labeler-display",1,0.11
ngp2|2026-06-14|day,ngp2,foil,Labeler,"2045-7B2 Labeler right, waste tape not in suction unit",2,0.04
ngp2|2026-06-14|day,ngp2,foil,Labeler,"2045-5B1 Labeler right, swivel moving (Dispensing edge",1,0.03
ngp2|2026-06-14|day,ngp2,foil,Labeler,"2045-4B2 Labeler left, end of label tape, pre Warning",1,0.02
ngp2|2026-06-14|day,ngp2,foil,Printer,"2037 Printer left, not ready",1,0.07
ngp2|2026-06-14|day,ngp2,foil,Printer,"2037 Printer right, not ready",1,0.04
ngp2|2026-06-14|day,ngp2,foil,Printer,"2035 Printer left, pre-warning low ribbon",1,0.03
ngp2|2026-06-14|day,ngp2,foil,Printer,"2035 Printer left, not ready or job deviation detected",1,0.03
ngp2|2026-06-14|day,ngp2,foil,Printer,"2035 Printer right, pre-warning low ribbon",1,0.02
ngp2|2026-06-14|day,ngp2,foil,Positioning,2073 Product not in correct position Lane 2 - Please check product/sensor,1,0.02
ngp2|2026-06-14|day,ngp2,schubert,Line Stop / Wait,Schubert - Downstream machine not ready,7,0.37
ngp2|2026-06-14|day,ngp2,schubert,Line Stop / Wait,Line stop - waiting for schubert,1,0.04
ngp2|2026-06-14|night,ngp2,hydration,Cap,1052-5B1 Cap area not empty,15,0.68
ngp2|2026-06-14|night,ngp2,hydration,Cap,1031-16B1 Consecutive fault camera cap not ok lane 3,1,0.06
ngp2|2026-06-14|night,ngp2,hydration,Cap,"1095 Error by cap reassemble, please check station 090",1,0.02
ngp2|2026-06-14|night,ngp2,hydration,Other,1A03 Axis FB: Motion or parameter error - check fault message list,1,0.15
ngp2|2026-06-14|night,ngp2,hydration,Other,1140-2B1 Carrier at rear left side not empty,1,0.13
ngp2|2026-06-14|night,ngp2,hydration,Other,1031-10M1 Axis has reached adjusted current limit,1,0.12
ngp2|2026-06-14|night,ngp2,hydration,Other,1080 Consecutive fault Level not reached,1,0.05
ngp2|2026-06-14|night,ngp2,hydration,Other,1140-2B2 Carrier at rear right side not empty,1,0.03
ngp2|2026-06-14|night,ngp2,hydration,Catheter Reject,1100-13B6 Bad catheter not rejected at lane 6 (remove catheter,3,0.1
ngp2|2026-06-14|night,ngp2,hydration,Catheter Reject,1100-13B7 Bad catheter not rejected at lane 7 (remove catheter,3,0.09
ngp2|2026-06-14|night,ngp2,hydration,Catheter Reject,1030-5B3 Consecutive fault loader catheter absence lane 5,1,0.08
ngp2|2026-06-14|night,ngp2,hydration,Catheter Reject,1100-13B9 Bad catheter not rejected at lane 9 (remove catheter,2,0.06
ngp2|2026-06-14|night,ngp2,hydration,Catheter Reject,1100-13B8 Bad catheter not rejected at lane 8 (remove catheter,1,0.06
ngp2|2026-06-14|night,ngp2,hydration,Limit Switch,1090-2B1 Limit switch fault TIP terminals inside carrier left extended,2,0.1
ngp2|2026-06-14|night,ngp2,hydration,Limit Switch,1030-13B3 Limit switch fault Unload TIP lane 5 closed,1,0.04
ngp2|2026-06-14|night,ngp2,hydration,Limit Switch,1090-2B3 Limit switch fault TIP terminals inside carrier right extended,1,0.03
ngp2|2026-06-14|night,ngp2,hydration,Limit Switch,1090-3B1 Limit switch fault TIP terminals outside extended,1,0.03
ngp2|2026-06-14|night,ngp2,hydration,Limit Switch,1064-3B1 Limit switch fault TIP terminals outside extended,1,0.03
ngp2|2026-06-14|night,ngp2,hydration,Gripper,1090-5B1 Limit switch fault Gripper cover left extended,1,0.08
ngp2|2026-06-14|night,ngp2,hydration,Gripper,1010-4B1 Limit switch fault Loading gripper funnel lane 2 closed,1,0.05
ngp2|2026-06-14|night,ngp2,hydration,Gripper,1064-7B1 Limit switch fault Gripper cover left opened,1,0.03
ngp2|2026-06-14|night,ngp2,hydration,Gripper,1030-4B1 Limit switch fault Loading gripper funnel lane 1 closed,1,0.03
ngp2|2026-06-14|night,ngp2,hydration,PMK / Media,PMK is empty (switch to operation mode production,1,0.19
ngp2|2026-06-14|night,ngp2,foil,Detection Fault,2070-1B2 Product detection fault after cutting lane 2,26,1.3
ngp2|2026-06-14|night,ngp2,foil,Detection Fault,2075-1B3 Reject fault lane 3 - Remove product after reject,3,0.09
ngp2|2026-06-14|night,ngp2,foil,Detection Fault,2075-1B1 Reject fault lane 1 - Remove product after reject,3,0.06
ngp2|2026-06-14|night,ngp2,foil,Detection Fault,2075-1B4 Reject fault lane 4 - Remove product after reject,1,0.02
ngp2|2026-06-14|night,ngp2,foil,Detection Fault,2070-1B5 Product detection fault after cutting lane 5,1,0.02
ngp2|2026-06-14|night,ngp2,foil,Other,2049-1B2 Consecutive fault lane 2,4,0.21
ngp2|2026-06-14|night,ngp2,foil,Other,2A01-5M1 Waste extraction system container full or flap opened (5B1/5B2/5S1,1,0.16
ngp2|2026-06-14|night,ngp2,foil,Other,2087-1B3 Slug detected lane 3,1,0.04
ngp2|2026-06-14|night,ngp2,foil,Other,2049-1B3 Consecutive fault lane 3,1,0.03
ngp2|2026-06-14|night,ngp2,foil,Other,2049-1B1 Consecutive fault lane 1,1,0.02
ngp2|2026-06-14|night,ngp2,foil,Positioning,2073 Product not in correct position Lane 4 - Please check product/sensor,1,0.07
ngp2|2026-06-14|night,ngp2,foil,Positioning,2073 Product not in correct position Lane 2 - Please check product/sensor,2,0.04
ngp2|2026-06-14|night,ngp2,foil,Positioning,2073 Product not in correct position Lane 1 - Please check product/sensor,1,0.03
ngp2|2026-06-14|night,ngp2,foil,Labeler,"2045-4V1 Labeler left, fault or off (see labeler-display",1,0.13
ngp2|2026-06-14|night,ngp2,foil,Labeler,"2045-4B2 Labeler left, end of label tape, pre Warning",1,0.02
ngp2|2026-06-14|night,ngp2,foil,Printer,"2037 Printer left, not ready",1,0.09
ngp2|2026-06-14|night,ngp2,foil,Printer,"2037 Printer right, not ready",1,0.06
ngp2|2026-06-14|night,ngp2,foil,Printer,"2035 Printer left, not ready or job deviation detected",1,0.04
ngp2|2026-06-14|night,ngp2,foil,Printer,"2035 Printer left, pre-warning low ribbon",1,0.03
ngp2|2026-06-14|night,ngp2,foil,Sealing Lane,2060 Please open the pack and remove catheter in sealing lane 1,2,0.05
ngp2|2026-06-14|night,ngp2,foil,Sealing Lane,2060 Please open the pack and remove catheter in sealing lane 2,2,0.04
ngp2|2026-06-14|night,ngp2,foil,Sealing Lane,2060 Please open the pack and remove catheter in sealing lane 3,1,0.02
ngp2|2026-06-14|night,ngp2,schubert,Line Stop / Wait,Schubert - Downstream machine not ready,12,0.35
ngp2|2026-06-15|day,ngp2,hydration,PMK / Media,PMK is empty (switch to operation mode production,1,0.0
ngp2|2026-06-15|day,ngp2,hydration,Other,1031-10M1 Axis has reached adjusted current limit,3,0.18
ngp2|2026-06-15|day,ngp2,hydration,Other,1001-1M1 Axis has reached adjusted current limit,1,0.05
ngp2|2026-06-15|day,ngp2,hydration,Other,1031-16B1 Consecutive fault camera light level not ok lane 3,1,0.05
ngp2|2026-06-15|day,ngp2,hydration,Other,1140-2B2 Carrier at rear right side not empty,1,0.03
ngp2|2026-06-15|day,ngp2,hydration,Cap,1052-5B1 Cap area not empty,14,0.53
ngp2|2026-06-15|day,ngp2,hydration,Cap,1064 Consecutive fault (Check area for missing cap and sensor 8B1,1,0.06
ngp2|2026-06-15|day,ngp2,hydration,Catheter Reject,1010-5B4 Consecutive fault loader catheter absence lane 8,1,0.02
ngp2|2026-06-15|day,ngp2,hydration,Gripper,1030-4B5 Limit switch fault Loading gripper funnel lane 9 closed,1,0.23
ngp2|2026-06-15|day,ngp2,hydration,Gripper,1030-4B4 Limit switch fault Loading gripper funnel lane 7 closed,1,0.06
ngp2|2026-06-15|day,ngp2,hydration,Gripper,1030-10B3 Limit switch fault Unload gripper funnel lane 5 closed,1,0.06
ngp2|2026-06-15|day,ngp2,hydration,Gripper,1010-4B5 Limit switch fault Loading gripper funnel lane 10 closed,1,0.03
ngp2|2026-06-15|day,ngp2,hydration,Gripper,1100-8B15 Limit switch fault gripper tip lane 8 opened,1,0.02
ngp2|2026-06-15|day,ngp2,hydration,Limit Switch,1064-2B3 Limit switch fault TIP terminals inside carrier right extended,2,0.04
ngp2|2026-06-15|day,ngp2,hydration,Limit Switch,1030-13B4 Limit switch fault Unload TIP lane 7 closed,1,0.03
ngp2|2026-06-15|day,ngp2,hydration,Timing,1A03-1K1 MSM: At least one station takes longer than maximum allowed (general>diag hydration,2,0.07
ngp2|2026-06-15|day,ngp2,foil,Detection Fault,2070-1B2 Product detection fault after cutting lane 2,32,1.2
ngp2|2026-06-15|day,ngp2,foil,Detection Fault,2070-1B1 Product detection fault after cutting lane 1,1,0.04
ngp2|2026-06-15|day,ngp2,foil,Other,2049-1B2 Consecutive fault lane 2,6,0.3
ngp2|2026-06-15|day,ngp2,foil,Other,2049-1B3 Consecutive fault lane 3,4,0.24
ngp2|2026-06-15|day,ngp2,foil,Other,2154-1M1 End of reel,1,0.05
ngp2|2026-06-15|day,ngp2,foil,Other,2152-1M1 End of reel,1,0.05
ngp2|2026-06-15|day,ngp2,foil,Other,2152-1M1 Prewarning end of reel,1,0.02
ngp2|2026-06-15|day,ngp2,foil,Labeler,"2045-5B4 Labeler right, label buffer empty (dancer at the top",1,0.11
ngp2|2026-06-15|day,ngp2,foil,Labeler,"2045-4V1 Labeler left, fault or off (see labeler-display",1,0.09
ngp2|2026-06-15|day,ngp2,foil,Labeler,"2045-7B1 Labeler left, waste tape not in suction unit",1,0.06
ngp2|2026-06-15|day,ngp2,foil,Sealing Lane,2060 Please open the pack and remove catheter in sealing lane 2,7,0.15
ngp2|2026-06-15|day,ngp2,foil,Printer,"2035 Printer left, not ready or job deviation detected",1,0.04
ngp2|2026-06-15|day,ngp2,foil,Printer,"2037 Printer left, not ready",1,0.04
ngp2|2026-06-15|day,ngp2,foil,Printer,"2035 Printer right, not ready or job deviation detected",1,0.03
ngp2|2026-06-15|day,ngp2,foil,Positioning,2073 Product not in correct position Lane 2 - Please check product/sensor,2,0.03
ngp2|2026-06-15|day,ngp2,foil,Positioning,2073 Product not in correct position Lane 5 - Please check product/sensor,1,0.03
ngp2|2026-06-15|day,ngp2,schubert,Line Stop / Wait,Schubert - Downstream machine not ready,12,0.32
ngp2|2026-06-15|day,ngp2,schubert,Line Stop / Wait,Line stop - waiting for schubert,1,0.02
ngp2|2026-06-15|night,ngp2,hydration,Gripper,1064-7B1 Limit switch fault Gripper cover left opened,1,0.06
ngp2|2026-06-15|night,ngp2,hydration,Gripper,1030-4B4 Limit switch fault Loading gripper funnel lane 7 closed,1,0.03
ngp2|2026-06-15|night,ngp2,hydration,Gripper,1010-4B5 Limit switch fault Loading gripper funnel lane 10 closed,1,0.03
ngp2|2026-06-15|night,ngp2,hydration,Gripper,1100-8B1 Limit switch fault gripper tip lane 1 opened,1,0.03
ngp2|2026-06-15|night,ngp2,hydration,Gripper,1031-10B1 Gripper TIP close end position opened reached,1,0.02
ngp2|2026-06-15|night,ngp2,hydration,Cap,1052-5B1 Cap area not empty,11,0.42
ngp2|2026-06-15|night,ngp2,hydration,Cap,1031-15B1 Consecutive fault camera cap not ok lane 1,1,0.02
ngp2|2026-06-15|night,ngp2,hydration,Catheter Reject,1100-13B5 Good catheter not detected at lane 5,1,0.22
ngp2|2026-06-15|night,ngp2,hydration,Catheter Reject,1100-13B8 Bad catheter not rejected at lane 8 (remove catheter,3,0.08
ngp2|2026-06-15|night,ngp2,hydration,Catheter Reject,1100-13B2 Bad catheter not rejected at lane 2 (remove catheter,1,0.02
ngp2|2026-06-15|night,ngp2,hydration,Catheter Reject,"1100-13B1 Cathether detected at lane 1 (remove catheter, if free check sensor",1,0.02
ngp2|2026-06-15|night,ngp2,hydration,Catheter Reject,1100-13B5 Bad catheter not rejected at lane 5 (remove catheter,1,0.02
ngp2|2026-06-15|night,ngp2,hydration,Limit Switch,1030-13B2 Limit switch fault Unload TIP lane 3 closed,1,0.02
ngp2|2026-06-15|night,ngp2,hydration,Other,1031-10M1 Axis has reached adjusted current limit,3,0.29
ngp2|2026-06-15|night,ngp2,hydration,Timing,1A03-1K1 MSM: At least one station takes longer than maximum allowed (general>diag hydration,1,0.14
ngp2|2026-06-15|night,ngp2,hydration,PMK / Media,PMK is empty (switch to operation mode production,1,0.48
ngp2|2026-06-15|night,ngp2,schubert,Line Stop / Wait,Schubert - Downstream machine not ready,10,0.35
ngp2|2026-06-15|night,ngp2,schubert,Line Stop / Wait,Line stop - waiting for schubert,4,0.13
ngp2|2026-06-15|night,ngp2,foil,Other,2111-1T1 Consecutive fault web guiding out of range,6,0.24
ngp2|2026-06-15|night,ngp2,foil,Other,2048 Consecutive error no pass message lane 2,2,0.23
ngp2|2026-06-15|night,ngp2,foil,Other,2B05-1K2 Guard not closed,2,0.09
ngp2|2026-06-15|night,ngp2,foil,Other,2041-2B1 Consecutive fault bad part,1,0.02
ngp2|2026-06-15|night,ngp2,foil,Other,2154-1M1 End of reel,1,0.02
ngp2|2026-06-15|night,ngp2,foil,Sealing Lane,2060 Please open the pack and remove catheter in sealing lane 1,2,0.05
ngp2|2026-06-15|night,ngp2,foil,Sealing Lane,2060 Please open the pack and remove catheter in sealing lane 2,2,0.04
ngp2|2026-06-15|night,ngp2,foil,Sealing Lane,2060 Please open the pack and remove catheter in sealing lane 4,2,0.03
ngp2|2026-06-15|night,ngp2,foil,Sealing Lane,2060 Please open the pack and remove catheter in sealing lane 5,1,0.02
ngp2|2026-06-15|night,ngp2,foil,Detection Fault,2070-1B2 Product detection fault after cutting lane 2,36,1.21
ngp2|2026-06-15|night,ngp2,foil,Detection Fault,2070-1B1 Product detection fault after cutting lane 1,1,0.02
ngp2|2026-06-15|night,ngp2,foil,Detection Fault,2075-1B2 Reject fault lane 2 - Remove product after reject,1,0.02
ngp2|2026-06-15|night,ngp2,foil,Printer,"2035 Printer left, pre-warning low ribbon",4,0.12
ngp2|2026-06-15|night,ngp2,foil,Printer,2032 Printer print imprint,1,0.11
ngp2|2026-06-15|night,ngp2,foil,Printer,"2035 Printer left, not ready or job deviation detected",1,0.09
ngp2|2026-06-15|night,ngp2,foil,Printer,"2037 Printer left, not ready",1,0.07
ngp2|2026-06-15|night,ngp2,foil,Printer,"2037 Printer right, pre-warning low ribbon",1,0.07
ngp2|2026-06-15|night,ngp2,foil,Positioning,2073 Product not in correct position Lane 2 - Please check product/sensor,5,0.12
ngp2|2026-06-15|night,ngp2,foil,Positioning,2073 Product not in correct position Lane 5 - Please check product/sensor,1,0.02
ngp2|2026-06-15|night,ngp2,foil,Positioning,2073 Product not in correct position Lane 3 - Please check product/sensor,1,0.01
ngp2|2026-06-15|night,ngp2,foil,Labeler,"2045-7B1 Labeler left, waste tape not in suction unit",5,0.29
ngp2|2026-06-15|night,ngp2,foil,Labeler,"2045-4V1 Labeler left, fault or off (see labeler-display",1,0.18
ngp2|2026-06-15|night,ngp2,foil,Labeler,"2045-5B4 Labeler right, label buffer empty (dancer at the top",1,0.12
ngp2|2026-06-15|night,ngp2,foil,Labeler,"2045-4B3 Labeler left, end of label tape",1,0.03
ngp2|2026-06-16|day,ngp2,hydration,PMK / Media,PMK is empty (switch to operation mode production,1,0.04
ngp2|2026-06-16|day,ngp2,hydration,Cap,1052-5B1 Cap area not empty,27,0.89
ngp2|2026-06-16|day,ngp2,hydration,Cap,1031-18B1 Consecutive fault camera cap not ok lane 7,4,0.21
ngp2|2026-06-16|day,ngp2,hydration,Cap,1012-19B1 Consecutive fault camera cap not ok lane 10,4,0.09
ngp2|2026-06-16|day,ngp2,hydration,Cap,1064 Consecutive fault (Check area for missing cap and sensor 8B1,3,0.08
ngp2|2026-06-16|day,ngp2,hydration,Catheter Reject,1100-13B7 Bad catheter not rejected at lane 7 (remove catheter,1,0.06
ngp2|2026-06-16|day,ngp2,hydration,Catheter Reject,1030-11B4 or -5B4 Consecutive fault catheter presence unload lane 7,1,0.04
ngp2|2026-06-16|day,ngp2,hydration,Catheter Reject,"1100-13B10 Cathether detected at lane 10 (remove catheter, if free check sensor",1,0.02
ngp2|2026-06-16|day,ngp2,hydration,Catheter Reject,1100-13B10 Bad catheter not rejected at lane 10 (remove catheter,1,0.02
ngp2|2026-06-16|day,ngp2,hydration,Other,1012-10M1 Axis has reached adjusted current limit,3,0.71
ngp2|2026-06-16|day,ngp2,hydration,Other,1031-10M1 Axis has reached adjusted current limit,4,0.23
ngp2|2026-06-16|day,ngp2,hydration,Other,1140-2B2 Carrier at rear right side not empty,1,0.04
ngp2|2026-06-16|day,ngp2,hydration,Other,1A03 Axis FB: Motion or parameter error - check fault message list,1,0.03
ngp2|2026-06-16|day,ngp2,hydration,Gripper,1030-10B4 Limit switch fault Unload gripper funnel lane 7 closed,3,0.09
ngp2|2026-06-16|day,ngp2,hydration,Gripper,1100-8B19 Limit switch fault gripper tip lane 10 closed,1,0.09
ngp2|2026-06-16|day,ngp2,hydration,Gripper,1100-8B5 Limit switch fault gripper tip lane 3 closed,1,0.08
ngp2|2026-06-16|day,ngp2,hydration,Gripper,1100-8B7 Limit switch fault gripper tip lane 4 closed,1,0.08
ngp2|2026-06-16|day,ngp2,hydration,Gripper,1010-4B5 Limit switch fault Loading gripper funnel lane 10 closed,1,0.06
ngp2|2026-06-16|day,ngp2,hydration,Timing,1A03-1K1 MSM: At least one station takes longer than maximum allowed (general>diag hydration,3,0.61
ngp2|2026-06-16|day,ngp2,hydration,Limit Switch,1064-2B1 Limit switch fault TIP terminals inside carrier left extended,4,0.22
ngp2|2026-06-16|day,ngp2,hydration,Limit Switch,1064-3B1 Limit switch fault TIP terminals outside extended,2,0.06
ngp2|2026-06-16|day,ngp2,hydration,Limit Switch,1030-13B5 Limit switch fault Unload TIP lane 9 closed,1,0.02
ngp2|2026-06-16|day,ngp2,hydration,Cover,1140-1B1 Cover holder left not empty,2,0.08
ngp2|2026-06-16|day,ngp2,foil,Detection Fault,2070-1B2 Product detection fault after cutting lane 2,16,0.48
ngp2|2026-06-16|day,ngp2,foil,Detection Fault,2075-1B4 Reject fault lane 4 - Remove product after reject,1,0.02
ngp2|2026-06-16|day,ngp2,foil,Positioning,2073 Product not in correct position Lane 2 - Please check product/sensor,8,0.41
ngp2|2026-06-16|day,ngp2,foil,Other,2B05-1K2 Guard not closed,3,0.41
ngp2|2026-06-16|day,ngp2,foil,Other,2A01-5M1 Waste extraction system container full or flap opened (5B1/5B2/5S1,1,0.06
ngp2|2026-06-16|day,ngp2,foil,Other,2152-1M1 End of reel,1,0.03
ngp2|2026-06-16|day,ngp2,foil,Other,2049-1B4 Consecutive fault lane 4,1,0.02
ngp2|2026-06-16|day,ngp2,foil,Other,2032 Consecutive fault print mark not ok,1,0.02
ngp2|2026-06-16|day,ngp2,foil,Printer,"2037 Printer left, not ready",1,0.05
ngp2|2026-06-16|day,ngp2,foil,Printer,"2035 Printer left, pre-warning low ribbon",2,0.05
ngp2|2026-06-16|day,ngp2,foil,Printer,"2035 Printer left, not ready or job deviation detected",1,0.04
ngp2|2026-06-16|day,ngp2,foil,Edge Trim,2068-1B3 Edge trim broken lane 3,2,0.09
ngp2|2026-06-16|day,ngp2,foil,Edge Trim,2068-1B6 Edge trim broken lane 6,1,0.05
ngp2|2026-06-16|day,ngp2,foil,Labeler,"2045-4V1 Labeler left, fault or off (see labeler-display",1,0.2
ngp2|2026-06-16|day,ngp2,schubert,Line Stop / Wait,Schubert - Downstream machine not ready,16,0.84
ngp2|2026-06-16|day,ngp2,schubert,Line Stop / Wait,Line stop - waiting for schubert,1,0.03
ngp2|2026-06-16|night,ngp2,foil,Other,2049-1B3 Consecutive fault lane 3,2,0.1
ngp2|2026-06-16|night,ngp2,foil,Other,2049-1B4 Consecutive fault lane 4,1,0.04
ngp2|2026-06-16|night,ngp2,foil,Other,2049-1B2 Consecutive fault lane 2,1,0.02
ngp2|2026-06-16|night,ngp2,foil,Other,2049-1B5 Consecutive fault lane 5,1,0.02
ngp2|2026-06-16|night,ngp2,foil,Printer,"2037 Printer left, not ready",1,0.27
ngp2|2026-06-16|night,ngp2,foil,Printer,"2035 Printer left, pre-warning low ribbon",4,0.1
ngp2|2026-06-16|night,ngp2,foil,Printer,"2035 Printer right, not ready or job deviation detected",1,0.07
ngp2|2026-06-16|night,ngp2,foil,Printer,"2037 Printer right, not ready",1,0.05
ngp2|2026-06-16|night,ngp2,foil,Printer,"2035 Printer left, not ready or job deviation detected",1,0.04
ngp2|2026-06-16|night,ngp2,foil,Detection Fault,2075-1B3 Reject fault lane 3 - Remove product after reject,1,0.02
ngp2|2026-06-16|night,ngp2,foil,Edge Trim,2068-1B1 Edge trim broken lane 1,2,0.28
ngp2|2026-06-16|night,ngp2,foil,Labeler,"2045-4V1 Labeler left, fault or off (see labeler-display",2,0.31
ngp2|2026-06-16|night,ngp2,foil,Labeler,"2045-7B1 Labeler left, waste tape not in suction unit",2,0.13
ngp2|2026-06-16|night,ngp2,foil,Labeler,"2045-5B4 Labeler right, label buffer empty (dancer at the top",1,0.13
ngp2|2026-06-16|night,ngp2,foil,Labeler,"2045-7B2 Labeler right, waste tape not in suction unit",1,0.02
ngp2|2026-06-16|night,ngp2,foil,Positioning,2045-1M1 Manual axis positioning is active,1,0.01
ngp2|2026-06-16|night,ngp2,foil,Sealing Lane,2060 Please open the pack and remove catheter in sealing lane 4,1,0.03
ngp2|2026-06-16|night,ngp2,hydration,Cap,1052-5B1 Cap area not empty,30,0.83
ngp2|2026-06-16|night,ngp2,hydration,Cap,1031-15B1 Consecutive fault camera cap not ok lane 1,1,0.04
ngp2|2026-06-16|night,ngp2,hydration,Cap,1031-17B1 Consecutive fault camera cap not ok lane 5,1,0.03
ngp2|2026-06-16|night,ngp2,hydration,Gripper,1100-8B1 Limit switch fault gripper tip lane 1 opened,2,0.19
ngp2|2026-06-16|night,ngp2,hydration,Gripper,1030-4B4 Limit switch fault Loading gripper funnel lane 7 closed,2,0.08
ngp2|2026-06-16|night,ngp2,hydration,Gripper,1030-10B4 Limit switch fault Unload gripper funnel lane 7 closed,2,0.07
ngp2|2026-06-16|night,ngp2,hydration,Gripper,1100-8B2 Limit switch fault gripper funnel lane 1 opened,1,0.02
ngp2|2026-06-16|night,ngp2,hydration,Gripper,1010-4B1 Limit switch fault Loading gripper funnel lane 2 closed,1,0.02
ngp2|2026-06-16|night,ngp2,hydration,Catheter Reject,1100-13B10 Bad catheter not rejected at lane 10 (remove catheter,3,0.07
ngp2|2026-06-16|night,ngp2,hydration,Catheter Reject,"1100-13B10 Cathether detected at lane 10 (remove catheter, if free check sensor",2,0.04
ngp2|2026-06-16|night,ngp2,hydration,Catheter Reject,1100-13B5 Good catheter not detected at lane 5,1,0.02
ngp2|2026-06-16|night,ngp2,hydration,Catheter Reject,1100-13B6 Bad catheter not rejected at lane 6 (remove catheter,1,0.02
ngp2|2026-06-16|night,ngp2,hydration,Catheter Reject,1100-13B7 Bad catheter not rejected at lane 7 (remove catheter,1,0.02
ngp2|2026-06-16|night,ngp2,hydration,Other,1031-10M1 Axis has reached adjusted current limit,4,0.12
ngp2|2026-06-16|night,ngp2,hydration,Other,1A03 Axis error - check fault message list,1,0.04
ngp2|2026-06-16|night,ngp2,hydration,Other,1140-2B2 Carrier at rear right side not empty,1,0.03
ngp2|2026-06-16|night,ngp2,hydration,Other,1001-1M1 Axis has reached adjusted current limit,1,0.02
ngp2|2026-06-16|night,ngp2,hydration,Limit Switch,1064-2B1 Limit switch fault TIP terminals inside carrier left extended,3,0.06
ngp2|2026-06-16|night,ngp2,hydration,Limit Switch,1064-2B3 Limit switch fault TIP terminals inside carrier right extended,2,0.05
ngp2|2026-06-16|night,ngp2,hydration,Limit Switch,1064-3B1 Limit switch fault TIP terminals outside extended,2,0.05
ngp2|2026-06-16|night,ngp2,hydration,Limit Switch,1090-2B1 Limit switch fault TIP terminals inside carrier left extended,2,0.04
ngp2|2026-06-16|night,ngp2,hydration,Limit Switch,1030-13B3 Limit switch fault Unload TIP lane 5 closed,1,0.03
ngp2|2026-06-16|night,ngp2,hydration,Timing,1A03-1K1 MSM: At least one station takes longer than maximum allowed (general>diag hydration,1,0.04
ngp2|2026-06-16|night,ngp2,hydration,PMK / Media,PMK is empty (switch to operation mode production,1,0.27
ngp2|2026-06-16|night,ngp2,schubert,Line Stop / Wait,Schubert - Downstream machine not ready,13,0.92
ngp2|2026-06-17|day,ngp2,hydration,PMK / Media,PMK is empty (switch to operation mode production,2,0.38
ngp2|2026-06-17|day,ngp2,hydration,Gripper,"1031-13B2 Limit switch fault Gripper cover retracted lane 1, 3, 5, 7, 9",1,0.11
ngp2|2026-06-17|day,ngp2,hydration,Gripper,1030-4B4 Limit switch fault Loading gripper funnel lane 7 closed,1,0.08
ngp2|2026-06-17|day,ngp2,hydration,Gripper,1030-4B5 Limit switch fault Loading gripper funnel lane 9 closed,1,0.06
ngp2|2026-06-17|day,ngp2,hydration,Gripper,1100-8B7 Limit switch fault gripper tip lane 4 opened,1,0.05
ngp2|2026-06-17|day,ngp2,hydration,Gripper,1030-4B1 Limit switch fault Loading gripper funnel lane 1 closed,2,0.04
ngp2|2026-06-17|day,ngp2,hydration,Catheter Reject,"1100-13B4 Cathether detected at lane 4 (remove catheter, if free check sensor",1,0.28
ngp2|2026-06-17|day,ngp2,hydration,Catheter Reject,1100-13B6 Bad catheter not rejected at lane 6 (remove catheter,1,0.02
ngp2|2026-06-17|day,ngp2,hydration,Catheter Reject,"1100-13B3 Cathether detected at lane 3 (remove catheter, if free check sensor",1,0.02
ngp2|2026-06-17|day,ngp2,hydration,Catheter Reject,1100-13B10 Bad catheter not rejected at lane 10 (remove catheter,1,0.01
ngp2|2026-06-17|day,ngp2,hydration,Cap,1052-5B1 Cap area not empty,18,0.5
ngp2|2026-06-17|day,ngp2,hydration,Cap,1064 Consecutive fault (Check area for missing cap and sensor 8B1,2,0.06
ngp2|2026-06-17|day,ngp2,hydration,Limit Switch,1090-2B1 Limit switch fault TIP terminals inside carrier left extended,7,0.16
ngp2|2026-06-17|day,ngp2,hydration,Limit Switch,1064-3B1 Limit switch fault TIP terminals outside extended,3,0.08
ngp2|2026-06-17|day,ngp2,hydration,Limit Switch,1064-2B3 Limit switch fault TIP terminals inside carrier right extended,1,0.03
ngp2|2026-06-17|day,ngp2,hydration,Limit Switch,1030-13B2 Limit switch fault Unload TIP lane 3 closed,1,0.02
ngp2|2026-06-17|day,ngp2,hydration,Limit Switch,1030-13B4 Limit switch fault Unload TIP lane 7 closed,1,0.02
ngp2|2026-06-17|day,ngp2,hydration,Timing,1A03-1K1 MSM: At least one station takes longer than maximum allowed (general>diag hydration,3,1.38
ngp2|2026-06-17|day,ngp2,hydration,Other,1031-10M1 Axis has reached adjusted current limit,1,0.16
ngp2|2026-06-17|day,ngp2,hydration,Other,1012-10M1 Axis has reached adjusted current limit,1,0.04
ngp2|2026-06-17|day,ngp2,foil,Printer,"2050 Printer left, not ready",2,0.12
ngp2|2026-06-17|day,ngp2,foil,Printer,"2035 Printer left, not ready or job deviation detected",1,0.05
ngp2|2026-06-17|day,ngp2,foil,Printer,"2035 Printer right, not ready or job deviation detected",1,0.03
ngp2|2026-06-17|day,ngp2,foil,Printer,"2035 Printer left, pre-warning low ribbon",2,0.03
ngp2|2026-06-17|day,ngp2,foil,Sealing Lane,2060 Please open the pack and remove catheter in sealing lane 1,1,0.03
ngp2|2026-06-17|day,ngp2,foil,Sealing Lane,2060 Please open the pack and remove catheter in sealing lane 2,1,0.01
ngp2|2026-06-17|day,ngp2,foil,Detection Fault,2070-1B4 Product detection fault after cutting lane 4,1,0.02
ngp2|2026-06-17|day,ngp2,foil,Other,2048 Consecutive error no pass message lane 4,2,0.35
ngp2|2026-06-17|day,ngp2,foil,Other,2048 Consecutive error no pass message lane 2,1,0.02
ngp2|2026-06-17|day,ngp2,foil,Labeler,"2045-7B1 Labeler left, waste tape not in suction unit",4,0.36
ngp2|2026-06-17|day,ngp2,foil,Labeler,"2045-7B2 Labeler right, waste tape not in suction unit",2,0.09
ngp2|2026-06-17|day,ngp2,foil,Labeler,"2045-4V1 Labeler left, fault or off (see labeler-display",1,0.08
ngp2|2026-06-17|day,ngp2,foil,Labeler,"2045-4B2 Labeler left, end of label tape, pre Warning",1,0.02
ngp2|2026-06-17|day,ngp2,schubert,Line Stop / Wait,Schubert - Downstream machine not ready,6,0.17
ngp2|2026-06-17|day,ngp2,schubert,Line Stop / Wait,Line stop - waiting for schubert,1,0.04
ngp2|2026-06-17|night,ngp2,foil,Labeler,"2045-7B1 Labeler left, waste tape not in suction unit",15,0.77
ngp2|2026-06-17|night,ngp2,foil,Labeler,"2045-4V1 Labeler left, fault or off (see labeler-display",2,0.49
ngp2|2026-06-17|night,ngp2,foil,Other,2154-1M1 Direction error,1,0.16
ngp2|2026-06-17|night,ngp2,foil,Other,2109-1T1 Consecutive fault web guiding out of range,1,0.08
ngp2|2026-06-17|night,ngp2,foil,Other,2B05-1K2 Guard not closed,1,0.07
ngp2|2026-06-17|night,ngp2,foil,Other,2111-1T1 Consecutive fault web guiding out of range,1,0.04
ngp2|2026-06-17|night,ngp2,foil,Other,2152-1M1 End of reel,1,0.03
ngp2|2026-06-17|night,ngp2,foil,Sealing Lane,2060 Please open the pack and remove catheter in sealing lane 2,8,0.32
ngp2|2026-06-17|night,ngp2,foil,Sealing Lane,2060 Please open the pack and remove catheter in sealing lane 4,5,0.16
ngp2|2026-06-17|night,ngp2,foil,Sealing Lane,2060 Please open the pack and remove catheter in sealing lane 1,3,0.06
ngp2|2026-06-17|night,ngp2,foil,Sealing Lane,2060 Please open the pack and remove catheter in sealing lane 5,1,0.02
ngp2|2026-06-17|night,ngp2,foil,Sealing Lane,2060 Please open the pack and remove catheter in sealing lane 3,1,0.02
ngp2|2026-06-17|night,ngp2,foil,Printer,"2035 Printer left, pre-warning low ribbon",6,0.36
ngp2|2026-06-17|night,ngp2,foil,Printer,"2037 Printer left, not ready",2,0.11
ngp2|2026-06-17|night,ngp2,foil,Printer,"2035 Printer left, not ready or job deviation detected",1,0.03
ngp2|2026-06-17|night,ngp2,foil,Printer,"2037 Printer left, pre-warning low ribbon",1,0.01
ngp2|2026-06-17|night,ngp2,foil,Positioning,2073 Product not in correct position Lane 3 - Please check product/sensor,1,0.1
ngp2|2026-06-17|night,ngp2,foil,Edge Trim,2068-1B3 Edge trim broken lane 3,2,0.05
ngp2|2026-06-17|night,ngp2,foil,Edge Trim,2068-1B6 Edge trim broken lane 6,1,0.03
ngp2|2026-06-17|night,ngp2,hydration,Cap,1052-5B1 Cap area not empty,16,0.8
ngp2|2026-06-17|night,ngp2,hydration,Cap,1031-16B1 Consecutive fault camera cap not ok lane 3,2,0.12
ngp2|2026-06-17|night,ngp2,hydration,Cap,1064 Consecutive fault (Check area for missing cap and sensor 8B1,1,0.04
ngp2|2026-06-17|night,ngp2,hydration,Cap,"1095 Error by cap reassemble, please check station 090",1,0.02
ngp2|2026-06-17|night,ngp2,hydration,Gripper,1100-8B8 Limit switch fault gripper funnel lane 4 opened,5,0.2
ngp2|2026-06-17|night,ngp2,hydration,Gripper,1030-4B1 Limit switch fault Loading gripper funnel lane 1 closed,1,0.08
ngp2|2026-06-17|night,ngp2,hydration,Gripper,1031-10B2 Gripper TIP close end position closed reached,1,0.04
ngp2|2026-06-17|night,ngp2,hydration,Gripper,1030-4B4 Limit switch fault Loading gripper funnel lane 7 closed,1,0.03
ngp2|2026-06-17|night,ngp2,hydration,Gripper,1100-8B3 Limit switch fault gripper tip lane 2 opened,1,0.02
ngp2|2026-06-17|night,ngp2,hydration,Limit Switch,1030-13B3 Limit switch fault Unload TIP lane 5 closed,3,0.07
ngp2|2026-06-17|night,ngp2,hydration,Limit Switch,1090-2B3 Limit switch fault TIP terminals inside carrier right extended,1,0.06
ngp2|2026-06-17|night,ngp2,hydration,Limit Switch,1064-2B1 Limit switch fault TIP terminals inside carrier left extended,1,0.04
ngp2|2026-06-17|night,ngp2,hydration,Other,1031-10M1 Axis has reached adjusted current limit,1,0.03
ngp2|2026-06-17|night,ngp2,hydration,Other,1140-2B1 Carrier at rear left side not empty,1,0.03
ngp2|2026-06-17|night,ngp2,hydration,Other,1001-1M1 Axis has reached adjusted current limit,1,0.03
ngp2|2026-06-17|night,ngp2,hydration,Catheter Reject,1100-13B10 Bad catheter not rejected at lane 10 (remove catheter,1,0.06
ngp2|2026-06-17|night,ngp2,hydration,Catheter Reject,"1100-13B2 Cathether detected at lane 2 (remove catheter, if free check sensor",1,0.03
ngp2|2026-06-17|night,ngp2,hydration,Catheter Reject,1100-13B7 Bad catheter not rejected at lane 7 (remove catheter,1,0.02
ngp2|2026-06-17|night,ngp2,hydration,Catheter Reject,1100-13B3 Bad catheter not rejected at lane 3 (remove catheter,1,0.02
ngp2|2026-06-17|night,ngp2,hydration,Catheter Reject,1100-13B5 Bad catheter not rejected at lane 5 (remove catheter,1,0.02
ngp2|2026-06-17|night,ngp2,hydration,Timing,1A03-1K1 MSM: At least one station takes longer than maximum allowed (general>diag hydration,2,0.09
ngp2|2026-06-17|night,ngp2,schubert,Line Stop / Wait,Schubert - Downstream machine not ready,26,0.86
ngp2|2026-06-17|night,ngp2,schubert,Line Stop / Wait,Line stop - waiting for schubert,4,0.12
ngp2|2026-06-18|day,ngp2,schubert,Line Stop / Wait,Schubert - Downstream machine not ready,18,0.65
ngp2|2026-06-18|day,ngp2,schubert,Line Stop / Wait,Line stop - waiting for schubert,7,0.2
ngp2|2026-06-18|day,ngp2,hydration,Limit Switch,1010-13B3 Limit switch fault Unload TIP lane 6 closed,1,0.03
ngp2|2026-06-18|day,ngp2,hydration,Limit Switch,1030-13B2 Limit switch fault Unload TIP lane 3 closed,1,0.02
ngp2|2026-06-18|day,ngp2,hydration,Limit Switch,1090-2B3 Limit switch fault TIP terminals inside carrier right extended,1,0.01
ngp2|2026-06-18|day,ngp2,hydration,Gripper,1030-4B5 Limit switch fault Loading gripper funnel lane 9 closed,2,0.16
ngp2|2026-06-18|day,ngp2,hydration,Gripper,1100-8B7 Limit switch fault gripper tip lane 4 opened,2,0.04
ngp2|2026-06-18|day,ngp2,hydration,Gripper,1100-8B8 Limit switch fault gripper funnel lane 4 opened,2,0.04
ngp2|2026-06-18|day,ngp2,hydration,Gripper,1090-7B3 Limit switch fault Gripper cover right opened,2,0.04
ngp2|2026-06-18|day,ngp2,hydration,Gripper,1100-8B4 Limit switch fault gripper funnel lane 2 opened,1,0.04
ngp2|2026-06-18|day,ngp2,hydration,Other,1100 Prewarning waste bin full - empty bin and reset bin counter,1,0.03
ngp2|2026-06-18|day,ngp2,hydration,Cap,1052-5B1 Cap area not empty,12,0.41
ngp2|2026-06-18|day,ngp2,hydration,Cap,1031-17B1 Consecutive fault camera cap not ok lane 5,3,0.29
ngp2|2026-06-18|day,ngp2,hydration,Cap,1064 Consecutive fault (Check area for missing cap and sensor 8B1,1,0.05
ngp2|2026-06-18|day,ngp2,hydration,Cap,1012-19B1 Consecutive fault camera cap not ok lane 10,1,0.04
ngp2|2026-06-18|day,ngp2,hydration,Cap,1031-16B1 Consecutive fault camera cap not ok lane 3,1,0.04
ngp2|2026-06-18|day,ngp2,hydration,Catheter Reject,"1100-13B1 Cathether detected at lane 1 (remove catheter, if free check sensor",1,1.18
ngp2|2026-06-18|day,ngp2,hydration,Catheter Reject,1100-13B10 Bad catheter not rejected at lane 10 (remove catheter,2,0.04
ngp2|2026-06-18|day,ngp2,hydration,Catheter Reject,1100-13B9 Bad catheter not rejected at lane 9 (remove catheter,2,0.03
ngp2|2026-06-18|day,ngp2,hydration,Catheter Reject,1010-5B3 Consecutive fault loader catheter absence lane 6,1,0.03
ngp2|2026-06-18|day,ngp2,hydration,Catheter Reject,1100-13B5 Bad catheter not rejected at lane 5 (remove catheter,1,0.02
ngp2|2026-06-18|day,ngp2,hydration,PMK / Media,1A09 PMK in collision area,1,0.07
ngp2|2026-06-18|day,ngp2,foil,Labeler,"2045-5B4 Labeler right, label buffer empty (dancer at the top",1,0.12
ngp2|2026-06-18|day,ngp2,foil,Labeler,"2045-7B1 Labeler left, waste tape not in suction unit",1,0.04
ngp2|2026-06-18|day,ngp2,foil,Edge Trim,2068-1B3 Edge trim broken lane 3,2,0.08
ngp2|2026-06-18|day,ngp2,foil,Edge Trim,2068-1B1 Edge trim broken lane 1,1,0.05
ngp2|2026-06-18|day,ngp2,foil,Printer,"2035 Printer right, not ready or job deviation detected",1,0.11
ngp2|2026-06-18|day,ngp2,foil,Printer,"2037 Printer right, not ready",1,0.09
ngp2|2026-06-18|day,ngp2,foil,Printer,"2035 Printer left, not ready or job deviation detected",1,0.03
ngp2|2026-06-18|day,ngp2,foil,Printer,"2035 Printer left, pre-warning low ribbon",1,0.03
ngp2|2026-06-18|day,ngp2,foil,Other,2057 Consecutive fault (printmark,2,0.5
ngp2|2026-06-18|day,ngp2,foil,Other,2A01-5M1 Waste extraction system container full or flap opened (5B1/5B2/5S1,1,0.07
ngp2|2026-06-18|day,ngp2,foil,Other,2039-1B1 Check print mark sensor,1,0.05
ngp2|2026-06-18|day,ngp2,foil,Other,2152-1M1 End of reel,1,0.04
ngp2|2026-06-18|day,ngp2,foil,Other,2154-1M1 End of reel,1,0.02
ngp2|2026-06-18|day,ngp2,foil,Sealing Lane,2060 Please open the pack and remove catheter in sealing lane 2,4,0.09
ngp2|2026-06-18|day,ngp2,foil,Sealing Lane,2060 Please open the pack and remove catheter in sealing lane 4,2,0.05
ngp2|2026-06-18|day,ngp2,foil,Sealing Lane,2060 Please open the pack and remove catheter in sealing lane 1,1,0.02
ngp2|2026-06-18|day,ngp2,foil,Sealing Lane,2060 Please open the pack and remove catheter in sealing lane 3,1,0.01
ngp2|2026-06-18|day,ngp2,foil,Detection Fault,2070-1B2 Product detection fault after cutting lane 2,4,0.29
ngp2|2026-06-18|day,ngp2,foil,Detection Fault,2075-1B1 Reject fault lane 1 - Remove product after reject,2,0.07
ngp2|2026-06-18|day,ngp2,foil,Positioning,2073 Product not in correct position Lane 5 - Please check product/sensor,1,0.05
ngp2|2026-06-18|night,ngp2,hydration,Cap,1052-5B1 Cap area not empty,12,0.44
ngp2|2026-06-18|night,ngp2,hydration,Cap,1031-18B1 Consecutive fault camera cap not ok lane 7,2,0.1
ngp2|2026-06-18|night,ngp2,hydration,Cap,1064 Consecutive fault (Check area for missing cap and sensor 8B1,1,0.1
ngp2|2026-06-18|night,ngp2,hydration,Cap,1012-19B1 Consecutive fault camera cap not ok lane 10,2,0.06
ngp2|2026-06-18|night,ngp2,hydration,Cap,"1095 Error by cap reassemble, please check station 090",1,0.02
ngp2|2026-06-18|night,ngp2,hydration,Catheter Reject,1100-13B1 Bad catheter not rejected at lane 1 (remove catheter,2,0.05
ngp2|2026-06-18|night,ngp2,hydration,Catheter Reject,1030-5B5 Consecutive fault loader catheter absence lane 9,1,0.05
ngp2|2026-06-18|night,ngp2,hydration,Catheter Reject,1100-13B10 Bad catheter not rejected at lane 10 (remove catheter,1,0.03
ngp2|2026-06-18|night,ngp2,hydration,Catheter Reject,1100-13B7 Bad catheter not rejected at lane 7 (remove catheter,1,0.03
ngp2|2026-06-18|night,ngp2,hydration,Catheter Reject,1100-13B8 Bad catheter not rejected at lane 8 (remove catheter,1,0.03
ngp2|2026-06-18|night,ngp2,hydration,Timing,1A03-1K1 MSM: At least one station takes longer than maximum allowed (general>diag hydration,3,0.14
ngp2|2026-06-18|night,ngp2,hydration,Gripper,1100-8B7 Limit switch fault gripper tip lane 4 opened,1,0.13
ngp2|2026-06-18|night,ngp2,hydration,Gripper,1030-4B4 Limit switch fault Loading gripper funnel lane 7 closed,3,0.11
ngp2|2026-06-18|night,ngp2,hydration,Gripper,1100-8B8 Limit switch fault gripper funnel lane 4 opened,2,0.08
ngp2|2026-06-18|night,ngp2,hydration,Gripper,1100-8B16 Limit switch fault gripper funnel lane 8 opened,2,0.06
ngp2|2026-06-18|night,ngp2,hydration,Gripper,1030-4B5 Limit switch fault Loading gripper funnel lane 9 closed,1,0.05
ngp2|2026-06-18|night,ngp2,hydration,Other,1031-10M1 Axis has reached adjusted current limit,2,0.07
ngp2|2026-06-18|night,ngp2,hydration,Other,1031-16B1 Consecutive fault camera light level not ok lane 3,1,0.03
ngp2|2026-06-18|night,ngp2,hydration,Other,1001-1M1 Axis has reached adjusted current limit,1,0.02
ngp2|2026-06-18|night,ngp2,hydration,Limit Switch,1090-2B1 Limit switch fault TIP terminals inside carrier left extended,14,0.31
ngp2|2026-06-18|night,ngp2,hydration,Limit Switch,1030-13B3 Limit switch fault Unload TIP lane 5 closed,1,0.05
ngp2|2026-06-18|night,ngp2,hydration,Limit Switch,1030-13B1 Limit switch fault Unload TIP lane 1 closed,1,0.04
ngp2|2026-06-18|night,ngp2,hydration,Limit Switch,1064-3B1 Limit switch fault TIP terminals outside extended,1,0.03
ngp2|2026-06-18|night,ngp2,hydration,Limit Switch,1064-2B1 Limit switch fault TIP terminals inside carrier left extended,1,0.02
ngp2|2026-06-18|night,ngp2,hydration,PMK / Media,PMK is empty (switch to operation mode production,1,0.22
ngp2|2026-06-18|night,ngp2,schubert,Line Stop / Wait,Schubert - Downstream machine not ready,24,0.7
ngp2|2026-06-18|night,ngp2,schubert,Line Stop / Wait,Line stop - waiting for schubert,5,0.28
ngp2|2026-06-18|night,ngp2,foil,Printer,"2037 Printer left, not ready",2,0.15
ngp2|2026-06-18|night,ngp2,foil,Printer,"2037 Printer right, not ready",1,0.06
ngp2|2026-06-18|night,ngp2,foil,Printer,"2037 Printer right, pre-warning low ribbon",2,0.04
ngp2|2026-06-18|night,ngp2,foil,Printer,"2035 Printer left, not ready or job deviation detected",1,0.04
ngp2|2026-06-18|night,ngp2,foil,Printer,"2035 Printer right, not ready or job deviation detected",1,0.04
ngp2|2026-06-18|night,ngp2,foil,Other,2049-1B4 Consecutive fault lane 4,3,0.07
ngp2|2026-06-18|night,ngp2,foil,Other,2154-1M1 End of reel,1,0.05
ngp2|2026-06-18|night,ngp2,foil,Other,2049-1B3 Consecutive fault lane 3,1,0.04
ngp2|2026-06-18|night,ngp2,foil,Sealing Lane,2060 Please open the pack and remove catheter in sealing lane 2,6,0.21
ngp2|2026-06-18|night,ngp2,foil,Sealing Lane,2060 Please open the pack and remove catheter in sealing lane 4,2,0.1
ngp2|2026-06-18|night,ngp2,foil,Sealing Lane,2060 Please open the pack and remove catheter in sealing lane 3,1,0.02
ngp2|2026-06-19|day,ngp2,hydration,PMK / Media,PMK is empty (switch to operation mode production,1,0.06
ngp2|2026-06-19|day,ngp2,hydration,Cap,1052-5B1 Cap area not empty,9,0.39
ngp2|2026-06-19|day,ngp2,hydration,Cap,1064 Consecutive fault (Check area for missing cap and sensor 8B1,2,0.14
ngp2|2026-06-19|day,ngp2,hydration,Cap,1012-19B1 Consecutive fault camera cap not ok lane 10,2,0.09
ngp2|2026-06-19|day,ngp2,hydration,Cap,1031-16B1 Consecutive fault camera cap not ok lane 3,3,0.08
ngp2|2026-06-19|day,ngp2,hydration,Cap,1012-15B1 Consecutive fault camera cap not ok lane 2,1,0.03
ngp2|2026-06-19|day,ngp2,hydration,Other,1031-10M1 Axis has reached adjusted current limit,1,0.03
ngp2|2026-06-19|day,ngp2,hydration,Timing,1A03-1K1 MSM: At least one station takes longer than maximum allowed (general>diag hydration,1,0.03
ngp2|2026-06-19|day,ngp2,hydration,Limit Switch,1030-13B1 Limit switch fault Unload TIP lane 1 closed,3,0.48
ngp2|2026-06-19|day,ngp2,hydration,Limit Switch,1030-13B3 Limit switch fault Unload TIP lane 5 closed,4,0.17
ngp2|2026-06-19|day,ngp2,hydration,Limit Switch,1064-2B3 Limit switch fault TIP terminals inside carrier right extended,4,0.09
ngp2|2026-06-19|day,ngp2,hydration,Limit Switch,1090-3B1 Limit switch fault TIP terminals outside extended,1,0.08
ngp2|2026-06-19|day,ngp2,hydration,Limit Switch,1064-2B1 Limit switch fault TIP terminals inside carrier left extended,1,0.07
ngp2|2026-06-19|day,ngp2,hydration,Gripper,1030-4B4 Limit switch fault Loading gripper funnel lane 7 closed,3,0.19
ngp2|2026-06-19|day,ngp2,hydration,Gripper,1100-8B5 Limit switch fault gripper tip lane 3 closed,1,0.09
ngp2|2026-06-19|day,ngp2,hydration,Gripper,1100-8B15 Limit switch fault gripper tip lane 8 closed,1,0.06
ngp2|2026-06-19|day,ngp2,hydration,Gripper,1100-8B11 Limit switch fault gripper tip lane 6 opened,2,0.05
ngp2|2026-06-19|day,ngp2,hydration,Gripper,1100-8B9 Limit switch fault gripper tip lane 5 opened,1,0.05
ngp2|2026-06-19|day,ngp2,hydration,Catheter Reject,1010-5B2 Consecutive fault loader catheter absence lane 4,2,0.13
ngp2|2026-06-19|day,ngp2,hydration,Catheter Reject,"1100-13B4 Cathether detected at lane 4 (remove catheter, if free check sensor",1,0.05
ngp2|2026-06-19|day,ngp2,hydration,Catheter Reject,"1100-13B6 Cathether detected at lane 6 (remove catheter, if free check sensor",1,0.03
ngp2|2026-06-19|day,ngp2,foil,Other,2B05-1K2 Guard not closed,1,0.05
ngp2|2026-06-19|day,ngp2,foil,Other,2041-2B1 Consecutive fault bad part,1,0.01
ngp2|2026-06-19|day,ngp2,foil,Sealing Lane,2060 Please open the pack and remove catheter in sealing lane 2,2,0.07
ngp2|2026-06-19|day,ngp2,foil,Sealing Lane,2060 Please open the pack and remove catheter in sealing lane 1,1,0.03
ngp2|2026-06-19|day,ngp2,foil,Sealing Lane,2060 Please open the pack and remove catheter in sealing lane 4,1,0.03
ngp2|2026-06-19|day,ngp2,foil,Labeler,"2045-5B4 Labeler right, label buffer empty (dancer at the top",1,0.19
ngp2|2026-06-19|day,ngp2,foil,Labeler,"2045-4V1 Labeler left, fault or off (see labeler-display",1,0.11
ngp2|2026-06-19|day,ngp2,foil,Detection Fault,2070-1B3 Product detection fault after cutting lane 3,1,0.04
ngp2|2026-06-19|day,ngp2,foil,Detection Fault,2070-1B5 Product detection fault after cutting lane 5,1,0.03
ngp2|2026-06-19|day,ngp2,foil,Detection Fault,2075-1B5 Reject fault lane 5 - Remove product after reject,1,0.02
ngp2|2026-06-19|day,ngp2,foil,Printer,"2035 Printer left, pre-warning low ribbon",1,0.11
ngp2|2026-06-19|day,ngp2,foil,Printer,"2035 Printer left, not ready or job deviation detected",1,0.04
ngp2|2026-06-19|day,ngp2,foil,Edge Trim,2068-1B6 Edge trim broken lane 6,1,0.02
ngp2|2026-06-19|day,ngp2,schubert,Line Stop / Wait,Schubert - Downstream machine not ready,33,1.74
ngp2|2026-06-19|day,ngp2,schubert,Line Stop / Wait,Line stop - waiting for schubert,3,0.08
ngp2|2026-06-19|night,ngp2,schubert,Line Stop / Wait,Schubert - Downstream machine not ready,23,1.37
ngp2|2026-06-19|night,ngp2,schubert,Line Stop / Wait,Line stop - waiting for schubert,3,0.23
ngp2|2026-06-19|night,ngp2,hydration,Limit Switch,1090-2B1 Limit switch fault TIP terminals inside carrier left extended,14,0.88
ngp2|2026-06-19|night,ngp2,hydration,Limit Switch,1030-13B3 Limit switch fault Unload TIP lane 5 closed,1,0.03
ngp2|2026-06-19|night,ngp2,hydration,Limit Switch,1030-13B2 Limit switch fault Unload TIP lane 3 closed,1,0.02
ngp2|2026-06-19|night,ngp2,hydration,Cap,1052-5B1 Cap area not empty,9,0.33
ngp2|2026-06-19|night,ngp2,hydration,Cap,1031-18B1 Consecutive fault camera cap not ok lane 7,1,0.03
ngp2|2026-06-19|night,ngp2,hydration,Cap,"1095 Error by cap reassemble, please check station 090",1,0.02
ngp2|2026-06-19|night,ngp2,hydration,Other,1031-10M1 Axis has reached adjusted current limit,1,0.09
ngp2|2026-06-19|night,ngp2,hydration,Other,1100 Waste bin full - empty bin and reset bin counter,1,0.01
ngp2|2026-06-19|night,ngp2,hydration,Timing,1A03-1K1 MSM: At least one station takes longer than maximum allowed (general>diag hydration,2,0.19
ngp2|2026-06-19|night,ngp2,hydration,Gripper,1100-8B15 Limit switch fault gripper tip lane 8 closed,1,0.08
ngp2|2026-06-19|night,ngp2,hydration,Gripper,1064-7B1 Limit switch fault Gripper cover left opened,1,0.06
ngp2|2026-06-19|night,ngp2,hydration,Gripper,"1031-13B2 Limit switch fault Gripper cover retracted lane 1, 3, 5, 7, 9",1,0.03
ngp2|2026-06-19|night,ngp2,hydration,Gripper,1100-8B9 Limit switch fault gripper tip lane 5 opened,1,0.02
ngp2|2026-06-19|night,ngp2,hydration,Gripper,1100-8B3 Limit switch fault gripper tip lane 2 opened,1,0.02
ngp2|2026-06-19|night,ngp2,hydration,Catheter Reject,1030-5B2 Consecutive fault loader catheter absence lane 3,1,0.04
ngp2|2026-06-19|night,ngp2,hydration,PMK / Media,PMK is empty (switch to operation mode production,1,0.2
ngp2|2026-06-19|night,ngp2,foil,Detection Fault,2070-1B2 Product detection fault after cutting lane 2,1,0.02
ngp2|2026-06-19|night,ngp2,foil,Printer,"2035 Printer left, pre-warning low ribbon",1,0.14
ngp2|2026-06-19|night,ngp2,foil,Printer,"2037 Printer right, not ready",1,0.14
ngp2|2026-06-19|night,ngp2,foil,Printer,"2035 Printer left, not ready or job deviation detected",1,0.05
ngp2|2026-06-19|night,ngp2,foil,Printer,"2037 Printer left, not ready",1,0.05
ngp2|2026-06-19|night,ngp2,foil,Printer,"2037 Printer right, pre-warning low ribbon",1,0.01
ngp2|2026-06-19|night,ngp2,foil,Edge Trim,2068-1B6 Edge trim broken lane 6,1,0.02
ngp2|2026-06-19|night,ngp2,foil,Sealing Lane,2060 Please open the pack and remove catheter in sealing lane 3,1,0.02
ngp2|2026-06-19|night,ngp2,foil,Sealing Lane,2060 Please open the pack and remove catheter in sealing lane 1,1,0.02
ngp2|2026-06-19|night,ngp2,foil,Sealing Lane,2060 Please open the pack and remove catheter in sealing lane 2,1,0.01
ngp2|2026-06-19|night,ngp2,foil,Labeler,"2045-5B4 Labeler right, label buffer empty (dancer at the top",1,0.14
ngp2|2026-06-19|night,ngp2,foil,Other,2039-1B1 Check print mark sensor,1,0.02
ngp2|2026-07-08|day,ngp2,hydration,PMK / Media,PMK is empty (switch to operation mode production,1,0.02
ngp2|2026-07-08|day,ngp2,hydration,Cap,1052-5B1 Cap area not empty,15,0.89
ngp2|2026-07-08|day,ngp2,hydration,Cap,"1095 Error by cap reassemble, please check station 090",3,0.21
ngp2|2026-07-08|day,ngp2,hydration,Gripper,"1031-13B2 Limit switch fault Gripper cover retracted lane 1, 3, 5, 7, 9",2,0.45
ngp2|2026-07-08|day,ngp2,hydration,Gripper,1100-8B3 Limit switch fault gripper tip lane 2 opened,1,0.05
ngp2|2026-07-08|day,ngp2,hydration,Gripper,1100-8B8 Limit switch fault gripper funnel lane 4 opened,2,0.05
ngp2|2026-07-08|day,ngp2,hydration,Gripper,1100-8B7 Limit switch fault gripper tip lane 4 opened,1,0.04
ngp2|2026-07-08|day,ngp2,hydration,Gripper,1100-8B11 Limit switch fault gripper tip lane 6 opened,1,0.02
ngp2|2026-07-08|day,ngp2,hydration,Catheter Reject,"1100-Catheter not present (remove catheter, if all TIPS/CAPS present check sensor 14B1->10",2,0.04
ngp2|2026-07-08|day,ngp2,hydration,Limit Switch,1090-3B1 Limit switch fault TIP terminals outside extended,1,0.13
ngp2|2026-07-08|day,ngp2,hydration,Limit Switch,1064-2B3 Limit switch fault TIP terminals inside carrier right extended,3,0.08
ngp2|2026-07-08|day,ngp2,hydration,Limit Switch,1090-2B3 Limit switch fault TIP terminals inside carrier right extended,2,0.04
ngp2|2026-07-08|day,ngp2,hydration,Limit Switch,1064-2B1 Limit switch fault TIP terminals inside carrier left extended,1,0.03
ngp2|2026-07-08|day,ngp2,hydration,Other,1A03 Axis FB: Motion or parameter error - check fault message list,3,0.2
ngp2|2026-07-08|day,ngp2,hydration,Other,1090-4M1 Axis has reached adjusted current limit,1,0.1
ngp2|2026-07-08|day,ngp2,hydration,Other,1080-2B3 Clamp inside carrier 2 extended end position not reached,1,0.04
ngp2|2026-07-08|day,ngp2,hydration,Other,1031-10M1 Axis has reached adjusted current limit,1,0.03
ngp2|2026-07-08|day,ngp2,hydration,Cover,1140-1B2 Cover holder right not empty,2,0.06
ngp2|2026-07-08|day,ngp2,hydration,Timing,1A03-1K1 MSM: At least one station takes longer than maximum allowed (general>diag hydration,1,0.07
ngp2|2026-07-08|day,ngp2,schubert,Line Stop / Wait,Schubert - Downstream machine not ready,6,0.31
ngp2|2026-07-08|day,ngp2,schubert,Line Stop / Wait,Line stop - waiting for schubert,2,0.16
ngp2|2026-07-08|day,ngp2,foil,Sealing Lane,2060 Please open the pack and remove catheter in sealing lane 3,19,0.85
ngp2|2026-07-08|day,ngp2,foil,Sealing Lane,2060 Please open the pack and remove catheter in sealing lane 1,23,0.66
ngp2|2026-07-08|day,ngp2,foil,Sealing Lane,2060 Please open the pack and remove catheter in sealing lane 5,13,0.63
ngp2|2026-07-08|day,ngp2,foil,Sealing Lane,2060 Please open the pack and remove catheter in sealing lane 4,4,0.23
ngp2|2026-07-08|day,ngp2,foil,Sealing Lane,2060 Please open the pack and remove catheter in sealing lane 2,2,0.16
ngp2|2026-07-08|day,ngp2,foil,Other,2039-1B1 Check print mark sensor,4,0.14
ngp2|2026-07-08|day,ngp2,foil,Other,2041-1B2 Check print mark sensor,3,0.09
ngp2|2026-07-08|day,ngp2,foil,Other,2041-2B1 Consecutive fault bad part,2,0.05
ngp2|2026-07-08|day,ngp2,foil,Other,2029-3B1 Check print mark sensor,2,0.05
ngp2|2026-07-08|day,ngp2,foil,Detection Fault,2070-1B1 Product detection fault after cutting lane 1,17,0.64
ngp2|2026-07-08|day,ngp2,foil,Detection Fault,2070-1B5 Product detection fault after cutting lane 5,2,0.13
ngp2|2026-07-08|day,ngp2,foil,Detection Fault,2070-1B2 Product detection fault after cutting lane 2,3,0.07
ngp2|2026-07-08|day,ngp2,foil,Detection Fault,2075-1B5 Reject fault lane 5 - Remove product after reject,1,0.05
ngp2|2026-07-08|day,ngp2,foil,Detection Fault,2075-1B1 Reject fault lane 1 - Remove product after reject,1,0.03
ngp2|2026-07-08|day,ngp2,foil,Edge Trim,2068-1B6 Edge trim broken lane 6,1,0.07
ngp2|2026-07-08|day,ngp2,foil,Edge Trim,2068-1B5 Edge trim broken lane 5,1,0.04
ngp2|2026-07-08|day,ngp2,foil,Positioning,2073 Product not in correct position Lane 5 - Please check product/sensor,3,0.1
ngp2|2026-07-08|day,ngp2,foil,Positioning,2073 Product not in correct position Lane 1 - Please check product/sensor,1,0.01
ngp2|2026-07-08|day,ngp2,foil,Positioning,2073 Product not in correct position Lane 2 - Please check product/sensor,1,0.01
ngp2|2026-07-08|day,ngp2,foil,Printer,"2050 Printer left, not ready",3,0.15
ngp2|2026-07-08|day,ngp2,foil,Printer,"2037 Printer left, not ready",1,0.05
ngp2|2026-07-08|day,ngp2,foil,Printer,"2050 Printer left, pre-warning low ribbon",1,0.05
ngp2|2026-07-08|night,ngp2,foil,Printer,"2050 Printer left, not ready",1,0.27
ngp2|2026-07-08|night,ngp2,foil,Printer,"2035 Printer right, not ready or job deviation detected",1,0.11
ngp2|2026-07-08|night,ngp2,foil,Printer,"2035 Printer left, not ready or job deviation detected",1,0.1
ngp2|2026-07-08|night,ngp2,foil,Printer,"2037 Printer right, not ready",1,0.08
ngp2|2026-07-08|night,ngp2,foil,Printer,"2035 Printer right, pre-warning low ribbon",1,0.07
ngp2|2026-07-08|night,ngp2,foil,Detection Fault,2070-1B5 Product detection fault after cutting lane 5,5,3.52
ngp2|2026-07-08|night,ngp2,foil,Detection Fault,2070-1B1 Product detection fault after cutting lane 1,2,0.22
ngp2|2026-07-08|night,ngp2,foil,Detection Fault,2075-1B5 Reject fault lane 5 - Remove product after reject,5,0.16
ngp2|2026-07-08|night,ngp2,foil,Detection Fault,2070-1B3 Product detection fault after cutting lane 3,1,0.11
ngp2|2026-07-08|night,ngp2,foil,Detection Fault,2070-1B4 Product detection fault after cutting lane 4,1,0.03
ngp2|2026-07-08|night,ngp2,foil,Labeler,"2045-4B2 Labeler left, end of label tape, pre Warning",1,0.02
ngp2|2026-07-08|night,ngp2,foil,Sealing Lane,2060 Please open the pack and remove catheter in sealing lane 1,10,0.5
ngp2|2026-07-08|night,ngp2,foil,Sealing Lane,2060 Please open the pack and remove catheter in sealing lane 3,6,0.27
ngp2|2026-07-08|night,ngp2,foil,Sealing Lane,2060 Please open the pack and remove catheter in sealing lane 5,1,0.02
ngp2|2026-07-08|night,ngp2,foil,Edge Trim,2068-1B1 Edge trim broken lane 1,1,0.08
ngp2|2026-07-08|night,ngp2,foil,Edge Trim,2068-1B3 Edge trim broken lane 3,1,0.03
ngp2|2026-07-08|night,ngp2,foil,Positioning,2073 Product not in correct position Lane 5 - Please check product/sensor,1,0.03
ngp2|2026-07-08|night,ngp2,foil,Other,2041-2B1 Consecutive fault bad part,13,0.47
ngp2|2026-07-08|night,ngp2,hydration,Catheter Reject,"1100-Catheter not present (remove catheter, if all TIPS/CAPS present check sensor 14B1->10",3,0.06
ngp2|2026-07-08|night,ngp2,hydration,Catheter Reject,"1100-13B1 Cathether detected at lane 1 (remove catheter, if free check sensor",1,0.04
ngp2|2026-07-08|night,ngp2,hydration,Catheter Reject,1080-9B1 Catheter separate end position not reached,1,0.02
ngp2|2026-07-08|night,ngp2,hydration,Catheter Reject,1100-13B9 Bad catheter not rejected at lane 9 (remove catheter,1,0.02
ngp2|2026-07-08|night,ngp2,hydration,Gripper,1100-8B6 Limit switch fault gripper funnel lane 3 opened,1,0.25
ngp2|2026-07-08|night,ngp2,hydration,Gripper,1100-8B1 Limit switch fault gripper tip lane 1 opened,6,0.13
ngp2|2026-07-08|night,ngp2,hydration,Gripper,1100-8B10 Limit switch fault gripper funnel lane 5 closed,1,0.11
ngp2|2026-07-08|night,ngp2,hydration,Gripper,1100-8B8 Limit switch fault gripper funnel lane 4 opened,1,0.08
ngp2|2026-07-08|night,ngp2,hydration,Gripper,1100-8B2 Limit switch fault gripper funnel lane 1 opened,2,0.07
ngp2|2026-07-08|night,ngp2,hydration,Cap,1052-5B1 Cap area not empty,9,0.31
ngp2|2026-07-08|night,ngp2,hydration,Cap,1064 Consecutive fault (Check area for missing cap and sensor 8B1,2,0.14
ngp2|2026-07-08|night,ngp2,hydration,Other,1076/80-Kaon not ready,1,0.04
ngp2|2026-07-08|night,ngp2,hydration,Other,1A03 Axis FB: Motion or parameter error - check fault message list,1,0.02
ngp2|2026-07-08|night,ngp2,hydration,Limit Switch,1090-2B1 Limit switch fault TIP terminals inside carrier left extended,1,0.02
ngp2|2026-07-08|night,ngp2,hydration,Limit Switch,1090-2B3 Limit switch fault TIP terminals inside carrier right extended,1,0.02
ngp2|2026-07-08|night,ngp2,schubert,Line Stop / Wait,Schubert - Downstream machine not ready,8,0.39
ngp2|2026-07-09|day,ngp2,foil,Detection Fault,2070-1B5 Product detection fault after cutting lane 5,3,7.31
ngp2|2026-07-09|day,ngp2,foil,Detection Fault,2070-1B1 Product detection fault after cutting lane 1,3,0.32
ngp2|2026-07-09|day,ngp2,foil,Detection Fault,2075-1B5 Reject fault lane 5 - Remove product after reject,4,0.07
ngp2|2026-07-09|day,ngp2,foil,Detection Fault,2075-1B1 Reject fault lane 1 - Remove product after reject,2,0.06
ngp2|2026-07-09|day,ngp2,foil,Detection Fault,2075-1B4 Reject fault lane 4 - Remove product after reject,1,0.02
ngp2|2026-07-09|day,ngp2,foil,Positioning,2073 Product not in correct position Lane 5 - Please check product/sensor,3,0.07
ngp2|2026-07-09|day,ngp2,foil,Positioning,2073 Product not in correct position Lane 1 - Please check product/sensor,1,0.01
ngp2|2026-07-09|day,ngp2,foil,Edge Trim,2068-1B6 Edge trim broken lane 6,1,0.14
ngp2|2026-07-09|day,ngp2,foil,Other,2041-1B2 Check print mark sensor,1,0.05
ngp2|2026-07-09|day,ngp2,foil,Other,2105-1T1 Consecutive fault web guiding out of range,1,0.03
ngp2|2026-07-09|day,ngp2,foil,Other,2067-5B1 Check print mark sensor,1,0.02
ngp2|2026-07-09|day,ngp2,foil,Other,2041-2B1 Consecutive fault bad part,1,0.02
ngp2|2026-07-09|day,ngp2,foil,Other,2154-1M1 Prewarning end of reel,1,0.02
ngp2|2026-07-09|day,ngp2,foil,Sealing Lane,2060 Please open the pack and remove catheter in sealing lane 1,6,0.24
ngp2|2026-07-09|day,ngp2,foil,Sealing Lane,2060 Please open the pack and remove catheter in sealing lane 3,2,0.03
ngp2|2026-07-09|day,ngp2,foil,Sealing Lane,2060 Please open the pack and remove catheter in sealing lane 4,1,0.02
ngp2|2026-07-09|day,ngp2,foil,Printer,"2050 Printer right, pre-warning low ribbon",3,0.08
ngp2|2026-07-09|day,ngp2,foil,Printer,"2037 Printer left, not ready",1,0.06
ngp2|2026-07-09|day,ngp2,hydration,Cap,1031-15B1 Consecutive fault camera cap not ok lane 1,2,1.05
ngp2|2026-07-09|day,ngp2,hydration,Cap,1052-5B1 Cap area not empty,14,0.36
ngp2|2026-07-09|day,ngp2,hydration,Cap,1031-19B1 Consecutive fault camera cap not ok lane 9,1,0.07
ngp2|2026-07-09|day,ngp2,hydration,Cap,"1095 Error by cap reassemble, please check station 090",1,0.02
ngp2|2026-07-09|day,ngp2,hydration,Gripper,1100-8B8 Limit switch fault gripper funnel lane 4 opened,1,0.09
ngp2|2026-07-09|day,ngp2,hydration,Gripper,1010-10B3 Limit switch fault Unload gripper funnel lane 6 closed,1,0.04
ngp2|2026-07-09|day,ngp2,hydration,Gripper,1090-7B3 Limit switch fault Gripper cover right opened,2,0.03
ngp2|2026-07-09|day,ngp2,hydration,Gripper,1100-8B6 Limit switch fault gripper funnel lane 3 opened,1,0.03
ngp2|2026-07-09|day,ngp2,hydration,Gripper,1100-8B14 Limit switch fault gripper funnel lane 7 opened,1,0.02
ngp2|2026-07-09|day,ngp2,hydration,Limit Switch,1064-2B3 Limit switch fault TIP terminals inside carrier right extended,5,0.13
ngp2|2026-07-09|day,ngp2,hydration,Limit Switch,1090-2B3 Limit switch fault TIP terminals inside carrier right extended,2,0.06
ngp2|2026-07-09|day,ngp2,hydration,Limit Switch,1064-3B1 Limit switch fault TIP terminals outside extended,1,0.02
ngp2|2026-07-09|day,ngp2,hydration,Limit Switch,1064-2B1 Limit switch fault TIP terminals inside carrier left extended,1,0.02
ngp2|2026-07-09|day,ngp2,hydration,Timing,1A03-1K1 MSM: At least one station takes longer than maximum allowed (general>diag hydration,1,0.01
ngp2|2026-07-09|day,ngp2,hydration,Catheter Reject,"1100-Catheter not present (remove catheter, if all TIPS/CAPS present check sensor 14B1->10",2,0.05
ngp2|2026-07-09|day,ngp2,hydration,Catheter Reject,1010-5B4 Consecutive fault loader catheter absence lane 8,1,0.03
ngp2|2026-07-09|day,ngp2,hydration,Catheter Reject,1100-13B6 Bad catheter not rejected at lane 6 (remove catheter,1,0.03
ngp2|2026-07-09|day,ngp2,hydration,Other,1080-2B1 Clamp inside carrier 1 extended end position not reached,1,0.01
ngp2|2026-07-09|day,ngp2,schubert,Line Stop / Wait,Schubert - Downstream machine not ready,2,0.09
ngp2|2026-07-09|night,ngp2,hydration,Cap,1052-5B1 Cap area not empty,8,0.28
ngp2|2026-07-09|night,ngp2,hydration,Cap,"1095 Error by cap reassemble, please check station 090",1,0.02
ngp2|2026-07-09|night,ngp2,hydration,Limit Switch,1064-2B3 Limit switch fault TIP terminals inside carrier right extended,4,0.09
ngp2|2026-07-09|night,ngp2,hydration,Limit Switch,1064-2B1 Limit switch fault TIP terminals inside carrier left extended,2,0.04
ngp2|2026-07-09|night,ngp2,hydration,Limit Switch,1090-3B1 Limit switch fault TIP terminals outside extended,1,0.02
ngp2|2026-07-09|night,ngp2,hydration,Limit Switch,1090-2B1 Limit switch fault TIP terminals inside carrier left extended,1,0.02
ngp2|2026-07-09|night,ngp2,hydration,Other,1A03 Axis FB: Motion or parameter error - check fault message list,2,0.15
ngp2|2026-07-09|night,ngp2,hydration,Other,1080-2B3 Clamp inside carrier 2 extended end position not reached,2,0.05
ngp2|2026-07-09|night,ngp2,hydration,Other,1080-2B1 Clamp inside carrier 1 extended end position not reached,2,0.04
ngp2|2026-07-09|night,ngp2,hydration,Other,1001-1M1 Axis has reached adjusted current limit,1,0.02
ngp2|2026-07-09|night,ngp2,hydration,Catheter Reject,1010-11B3 or -5B3 Consecutive fault catheter presence unload lane 6,2,0.9
ngp2|2026-07-09|night,ngp2,hydration,Catheter Reject,"1100-Catheter not present (remove catheter, if all TIPS/CAPS present check sensor 14B1->10",6,0.14
ngp2|2026-07-09|night,ngp2,hydration,Gripper,1010-10B3 Limit switch fault Unload gripper funnel lane 6 closed,16,0.7
ngp2|2026-07-09|night,ngp2,hydration,Gripper,1031-10B2 Gripper TIP close end position closed reached,3,0.34
ngp2|2026-07-09|night,ngp2,hydration,Gripper,1030-4B1 Limit switch fault Loading gripper funnel lane 1 closed,1,0.04
ngp2|2026-07-09|night,ngp2,hydration,Gripper,1090-7B1 Limit switch fault Gripper cover left opened,2,0.03
ngp2|2026-07-09|night,ngp2,hydration,Gripper,1100-8B5 Limit switch fault gripper tip lane 3 opened,1,0.03
ngp2|2026-07-09|night,ngp2,hydration,Cover,1140-1B2 Cover holder right not empty,1,0.03
ngp2|2026-07-09|night,ngp2,foil,Detection Fault,2070-1B5 Product detection fault after cutting lane 5,12,0.57
ngp2|2026-07-09|night,ngp2,foil,Detection Fault,2070-1B2 Product detection fault after cutting lane 2,3,0.14
ngp2|2026-07-09|night,ngp2,foil,Detection Fault,2075-1B5 Reject fault lane 5 - Remove product after reject,5,0.1
ngp2|2026-07-09|night,ngp2,foil,Detection Fault,2070-1B3 Product detection fault after cutting lane 3,2,0.09
ngp2|2026-07-09|night,ngp2,foil,Detection Fault,2075-1B3 Reject fault lane 3 - Remove product after reject,2,0.06
ngp2|2026-07-09|night,ngp2,foil,Sealing Lane,2060 Please open the pack and remove catheter in sealing lane 3,31,0.79
ngp2|2026-07-09|night,ngp2,foil,Sealing Lane,2060 Please open the pack and remove catheter in sealing lane 2,7,0.21
ngp2|2026-07-09|night,ngp2,foil,Sealing Lane,2060 Please open the pack and remove catheter in sealing lane 1,5,0.14
ngp2|2026-07-09|night,ngp2,foil,Sealing Lane,2060 Please open the pack and remove catheter in sealing lane 5,2,0.07
ngp2|2026-07-09|night,ngp2,foil,Sealing Lane,2060 Please open the pack and remove catheter in sealing lane 4,2,0.04
ngp2|2026-07-09|night,ngp2,foil,Positioning,2073 Product not in correct position Lane 3 - Please check product/sensor,2,0.03
ngp2|2026-07-09|night,ngp2,foil,Positioning,2073 Product not in correct position Lane 5 - Please check product/sensor,1,0.01
ngp2|2026-07-09|night,ngp2,foil,Edge Trim,2068-1B5 Edge trim broken lane 5,3,0.71
ngp2|2026-07-09|night,ngp2,foil,Edge Trim,2068-1B4 Edge trim broken lane 4,7,0.43
ngp2|2026-07-09|night,ngp2,foil,Edge Trim,2068-1B1 Edge trim broken lane 1,1,0.23
ngp2|2026-07-09|night,ngp2,foil,Edge Trim,2068-1B3 Edge trim broken lane 3,5,0.14
ngp2|2026-07-09|night,ngp2,foil,Edge Trim,2068-1B6 Edge trim broken lane 6,1,0.03
ngp2|2026-07-09|night,ngp2,foil,Other,2Axx Axis error - check fault message list,2,0.37
ngp2|2026-07-09|night,ngp2,foil,Other,2055 Dancer not reached (under sealing,3,0.11
ngp2|2026-07-09|night,ngp2,foil,Other,2087-1B3 Slug detected lane 3,1,0.03
ngp2|2026-07-09|night,ngp2,foil,Other,2049-1B1 Consecutive fault lane 1,1,0.02
ngp2|2026-07-09|night,ngp2,foil,Other,2152-1M1 Prewarning end of reel,1,0.02
ngp2|2026-07-09|night,ngp2,foil,Labeler,"2045-4V1 Labeler left, fault or off (see labeler-display",1,0.09
ngp2|2026-07-09|night,ngp2,foil,Labeler,"2045-4B2 Labeler left, end of label tape, pre Warning",1,0.01
ngp2|2026-07-09|night,ngp2,foil,Printer,"2035-4B2 Printer right, Consecutive fault, Web position, greater than deviation max",12,0.37
ngp2|2026-07-09|night,ngp2,foil,Printer,"2035 Printer left, pre-warning low ribbon",4,0.08
ngp2|2026-07-09|night,ngp2,foil,Printer,"2035 Printer left, not ready or job deviation detected",1,0.04
ngp2|2026-07-09|night,ngp2,foil,Printer,"2037 Printer right, not ready",1,0.03
ngp2|2026-07-09|night,ngp2,schubert,Line Stop / Wait,Schubert - Downstream machine not ready,5,0.3
ngp2|2026-07-10|day,ngp2,foil,Detection Fault,2070-1B5 Product detection fault after cutting lane 5,6,0.1
ngp2|2026-07-10|day,ngp2,foil,Detection Fault,2070-1B3 Product detection fault after cutting lane 3,1,0.07
ngp2|2026-07-10|day,ngp2,foil,Detection Fault,2070-1B1 Product detection fault after cutting lane 1,1,0.05
ngp2|2026-07-10|day,ngp2,foil,Detection Fault,2075-1B3 Reject fault lane 3 - Remove product after reject,2,0.03
ngp2|2026-07-10|day,ngp2,foil,Sealing Lane,2060 Please open the pack and remove catheter in sealing lane 3,17,0.53
ngp2|2026-07-10|day,ngp2,foil,Sealing Lane,2060 Please open the pack and remove catheter in sealing lane 1,1,0.04
ngp2|2026-07-10|day,ngp2,foil,Sealing Lane,2060 Please open the pack and remove catheter in sealing lane 5,1,0.04
ngp2|2026-07-10|day,ngp2,foil,Sealing Lane,2060 Please open the pack and remove catheter in sealing lane 4,1,0.02
ngp2|2026-07-10|day,ngp2,foil,Sealing Lane,2060 Please open the pack and remove catheter in sealing lane 2,1,0.01
ngp2|2026-07-10|day,ngp2,foil,Printer,"2035-4B2 Printer right, Consecutive fault, Web position, greater than deviation max",7,0.26
ngp2|2026-07-10|day,ngp2,foil,Printer,"2035 Printer left, pre-warning low ribbon",5,0.16
ngp2|2026-07-10|day,ngp2,foil,Printer,"2037 Printer right, not ready",2,0.11
ngp2|2026-07-10|day,ngp2,foil,Printer,"2037 Printer left, not ready",1,0.05
ngp2|2026-07-10|day,ngp2,foil,Printer,"2037 Printer right, pre-warning low ribbon",1,0.03
ngp2|2026-07-10|day,ngp2,foil,Edge Trim,2068-1B3 Edge trim broken lane 3,1,0.2
ngp2|2026-07-10|day,ngp2,foil,Edge Trim,2068-1B5 Edge trim broken lane 5,2,0.12
ngp2|2026-07-10|day,ngp2,foil,Edge Trim,2068-1B4 Edge trim broken lane 4,2,0.1
ngp2|2026-07-10|day,ngp2,foil,Edge Trim,2068-1B2 Edge trim broken lane 2,1,0.06
ngp2|2026-07-10|day,ngp2,foil,Edge Trim,2068-1B1 Edge trim broken lane 1,1,0.04
ngp2|2026-07-10|day,ngp2,foil,Positioning,2073 Product not in correct position Lane 3 - Please check product/sensor,3,0.08
ngp2|2026-07-10|day,ngp2,foil,Other,2Axx Axis error - check fault message list,2,0.18
ngp2|2026-07-10|day,ngp2,foil,Other,2105-1T1 Consecutive fault web guiding out of range,2,0.08
ngp2|2026-07-10|day,ngp2,foil,Other,2041-2B1 Consecutive fault bad part,3,0.07
ngp2|2026-07-10|day,ngp2,foil,Other,2B05-1K2 Emergency stop activated,1,0.06
ngp2|2026-07-10|day,ngp2,foil,Other,2055 Dancer not reached (under sealing,1,0.03
ngp2|2026-07-10|day,ngp2,foil,Labeler,"2045-4V1 Labeler left, fault or off (see labeler-display",1,0.07
ngp2|2026-07-10|day,ngp2,hydration,Cap,1052-5B1 Cap area not empty,15,0.52
ngp2|2026-07-10|day,ngp2,hydration,Cap,"1095 Error by cap reassemble, please check station 090",2,0.09
ngp2|2026-07-10|day,ngp2,hydration,Catheter Reject,"1100-13B3 Cathether detected at lane 3 (remove catheter, if free check sensor",1,0.38
ngp2|2026-07-10|day,ngp2,hydration,Catheter Reject,"1100-Catheter not present (remove catheter, if all TIPS/CAPS present check sensor 14B1->10",4,0.11
ngp2|2026-07-10|day,ngp2,hydration,Catheter Reject,"1100-13B9 Cathether detected at lane 9 (remove catheter, if free check sensor",1,0.02
ngp2|2026-07-10|day,ngp2,hydration,Catheter Reject,"1100-13B5 Cathether detected at lane 5 (remove catheter, if free check sensor",1,0.02
ngp2|2026-07-10|day,ngp2,hydration,Limit Switch,1064-2B3 Limit switch fault TIP terminals inside carrier right extended,5,0.13
ngp2|2026-07-10|day,ngp2,hydration,Limit Switch,1064-2B1 Limit switch fault TIP terminals inside carrier left extended,3,0.08
ngp2|2026-07-10|day,ngp2,hydration,Limit Switch,1010-13B5 Limit switch fault Unload TIP lane 10 closed,1,0.04
ngp2|2026-07-10|day,ngp2,hydration,Gripper,1010-10B3 Limit switch fault Unload gripper funnel lane 6 closed,6,0.2
ngp2|2026-07-10|day,ngp2,hydration,Gripper,1100-8B8 Limit switch fault gripper funnel lane 4 opened,1,0.09
ngp2|2026-07-10|day,ngp2,hydration,Gripper,1090-7B1 Limit switch fault Gripper cover left opened,1,0.07
ngp2|2026-07-10|day,ngp2,hydration,Gripper,1090-6B1 Limit switch fault Gripper cover right extended,1,0.03
ngp2|2026-07-10|day,ngp2,hydration,Gripper,1030-4B1 Limit switch fault Loading gripper funnel lane 1 closed,2,0.03
ngp2|2026-07-10|day,ngp2,hydration,Cover,1140-1B2 Cover holder right not empty,2,0.08
ngp2|2026-07-10|day,ngp2,hydration,Other,1140-2B1 Carrier at rear left side not empty,1,0.08
ngp2|2026-07-10|day,ngp2,hydration,Other,1A03 Axis FB: Motion or parameter error - check fault message list,1,0.05
ngp2|2026-07-10|day,ngp2,hydration,Other,1080-2B3 Clamp inside carrier 2 extended end position not reached,1,0.03
ngp2|2026-07-10|day,ngp2,hydration,Other,1001-1M1 Axis has reached adjusted current limit,1,0.01
ngp2|2026-07-10|day,ngp2,schubert,Line Stop / Wait,Schubert - Downstream machine not ready,40,2.91
ngp2|2026-07-10|day,ngp2,schubert,Line Stop / Wait,Line stop - waiting for schubert,5,0.17
ngp2|2026-07-10|night,ngp2,schubert,Line Stop / Wait,Schubert - Downstream machine not ready,16,1.05
ngp2|2026-07-10|night,ngp2,schubert,Line Stop / Wait,Line stop - waiting for schubert,1,0.03
ngp2|2026-07-10|night,ngp2,foil,Sealing Lane,2060 Please open the pack and remove catheter in sealing lane 3,40,1.12
ngp2|2026-07-10|night,ngp2,foil,Sealing Lane,2060 Please open the pack and remove catheter in sealing lane 1,4,0.13
ngp2|2026-07-10|night,ngp2,foil,Sealing Lane,2060 Please open the pack and remove catheter in sealing lane 5,4,0.11
ngp2|2026-07-10|night,ngp2,foil,Sealing Lane,2060 Please open the pack and remove catheter in sealing lane 2,1,0.02
ngp2|2026-07-10|night,ngp2,foil,Sealing Lane,2060 Please open the pack and remove catheter in sealing lane 4,1,0.02
ngp2|2026-07-10|night,ngp2,foil,Detection Fault,2070-1B5 Product detection fault after cutting lane 5,17,0.53
ngp2|2026-07-10|night,ngp2,foil,Detection Fault,2070-1B3 Product detection fault after cutting lane 3,8,0.26
ngp2|2026-07-10|night,ngp2,foil,Detection Fault,2075-1B5 Reject fault lane 5 - Remove product after reject,5,0.11
ngp2|2026-07-10|night,ngp2,foil,Detection Fault,2070-1B4 Product detection fault after cutting lane 4,4,0.1
ngp2|2026-07-10|night,ngp2,foil,Detection Fault,2070-1B2 Product detection fault after cutting lane 2,2,0.05
ngp2|2026-07-10|night,ngp2,foil,Labeler,"2045-5B4 Labeler right, label buffer empty (dancer at the top",1,0.31
ngp2|2026-07-10|night,ngp2,foil,Labeler,"2045-4B2 Labeler left, end of label tape, pre Warning",1,0.03
ngp2|2026-07-10|night,ngp2,foil,Other,2105-1T1 Consecutive fault web guiding out of range,9,0.22
ngp2|2026-07-10|night,ngp2,foil,Other,2Axx Axis error - check fault message list,1,0.11
ngp2|2026-07-10|night,ngp2,foil,Other,2055 Dancer not reached (under sealing,1,0.08
ngp2|2026-07-10|night,ngp2,foil,Other,2A01-5M1 Waste extraction system container full or flap opened (5B1/5B2/5S1,1,0.05
ngp2|2026-07-10|night,ngp2,foil,Other,2049-1B2 Consecutive fault lane 2,1,0.04
ngp2|2026-07-10|night,ngp2,foil,Printer,"2035 Printer left, pre-warning low ribbon",4,0.07
ngp2|2026-07-10|night,ngp2,foil,Printer,"2037 Printer left, not ready",1,0.05
ngp2|2026-07-10|night,ngp2,foil,Printer,"2035 Printer left, not ready or job deviation detected",1,0.03
ngp2|2026-07-10|night,ngp2,foil,Printer,"2035 Printer right, not ready or job deviation detected",1,0.03
ngp2|2026-07-10|night,ngp2,foil,Printer,"2035 Printer right, pre-warning low ribbon",1,0.03
ngp2|2026-07-10|night,ngp2,foil,Positioning,2073 Product not in correct position Lane 5 - Please check product/sensor,1,0.02
ngp2|2026-07-10|night,ngp2,foil,Positioning,2073 Product not in correct position Lane 2 - Please check product/sensor,1,0.01
ngp2|2026-07-10|night,ngp2,foil,Edge Trim,2068-1B4 Edge trim broken lane 4,2,0.09
ngp2|2026-07-10|night,ngp2,foil,Edge Trim,2068-1B1 Edge trim broken lane 1,2,0.05
ngp2|2026-07-10|night,ngp2,foil,Edge Trim,2068-1B2 Edge trim broken lane 2,1,0.04
ngp2|2026-07-10|night,ngp2,foil,Edge Trim,2068-1B3 Edge trim broken lane 3,1,0.03
ngp2|2026-07-10|night,ngp2,hydration,Catheter Reject,"1100-Catheter not present (remove catheter, if all TIPS/CAPS present check sensor 14B1->10",2,0.09
ngp2|2026-07-10|night,ngp2,hydration,Catheter Reject,1030-5B5 Consecutive fault loader catheter absence lane 9,1,0.04
ngp2|2026-07-10|night,ngp2,hydration,Catheter Reject,1100-13B4 Bad catheter not rejected at lane 4 (remove catheter,1,0.03
ngp2|2026-07-10|night,ngp2,hydration,Gripper,1031-10B2 Gripper TIP close end position closed reached,1,0.14
ngp2|2026-07-10|night,ngp2,hydration,Gripper,1100-8B7 Limit switch fault gripper tip lane 4 opened,1,0.14
ngp2|2026-07-10|night,ngp2,hydration,Gripper,1010-10B4 Limit switch fault Unload gripper funnel lane 8 closed,2,0.06
ngp2|2026-07-10|night,ngp2,hydration,Gripper,1030-4B1 Limit switch fault Loading gripper funnel lane 1 closed,1,0.04
ngp2|2026-07-10|night,ngp2,hydration,Gripper,1100-8B8 Limit switch fault gripper funnel lane 4 opened,1,0.02
ngp2|2026-07-10|night,ngp2,hydration,Limit Switch,1090-2B1 Limit switch fault TIP terminals inside carrier left extended,1,0.02
ngp2|2026-07-10|night,ngp2,hydration,Other,1A03 Axis FB: Motion or parameter error - check fault message list,2,0.1
ngp2|2026-07-10|night,ngp2,hydration,Other,1001-1M1 Axis has reached adjusted current limit,2,0.03
ngp2|2026-07-10|night,ngp2,hydration,Other,1080-2B3 Clamp inside carrier 2 extended end position not reached,1,0.02
ngp2|2026-07-10|night,ngp2,hydration,Cap,1052-5B1 Cap area not empty,5,0.15
ngp2|2026-07-10|night,ngp2,hydration,Cap,"1095 Error by cap reassemble, please check station 090",2,0.05
ngp2|2026-07-10|night,ngp2,hydration,Cap,1012-16B1 Consecutive fault camera cap not ok lane 4,1,0.04
ngp2|2026-07-11|day,ngp2,foil,Sealing Lane,2060 Please open the pack and remove catheter in sealing lane 3,45,1.43
ngp2|2026-07-11|day,ngp2,foil,Sealing Lane,2060 Please open the pack and remove catheter in sealing lane 1,10,0.27
ngp2|2026-07-11|day,ngp2,foil,Sealing Lane,2060 Please open the pack and remove catheter in sealing lane 5,4,0.1
ngp2|2026-07-11|day,ngp2,foil,Sealing Lane,2060 Please open the pack and remove catheter in sealing lane 4,4,0.07
ngp2|2026-07-11|day,ngp2,foil,Detection Fault,2070-1B4 Product detection fault after cutting lane 4,27,0.72
ngp2|2026-07-11|day,ngp2,foil,Detection Fault,2070-1B5 Product detection fault after cutting lane 5,14,0.35
ngp2|2026-07-11|day,ngp2,foil,Detection Fault,2070-1B3 Product detection fault after cutting lane 3,8,0.25
ngp2|2026-07-11|day,ngp2,foil,Detection Fault,2075-1B5 Reject fault lane 5 - Remove product after reject,2,0.06
ngp2|2026-07-11|day,ngp2,foil,Detection Fault,2075-1B3 Reject fault lane 3 - Remove product after reject,1,0.04
ngp2|2026-07-11|day,ngp2,foil,Other,2105-1T1 Consecutive fault web guiding out of range,3,0.1
ngp2|2026-07-11|day,ngp2,foil,Other,2Axx Axis FB: Motion or parameter error - check fault message list,1,0.03
ngp2|2026-07-11|day,ngp2,foil,Other,2041-2B1 Consecutive fault bad part,1,0.02
ngp2|2026-07-11|day,ngp2,foil,Printer,"2035 Printer left, pre-warning low ribbon",5,0.22
ngp2|2026-07-11|day,ngp2,foil,Printer,"2037 Printer right, pre-warning low ribbon",2,0.07
ngp2|2026-07-11|day,ngp2,foil,Printer,"2037 Printer right, not ready",1,0.06
ngp2|2026-07-11|day,ngp2,foil,Printer,"2035 Printer left, not ready or job deviation detected",1,0.04
ngp2|2026-07-11|day,ngp2,foil,Edge Trim,2068-1B3 Edge trim broken lane 3,7,0.35
ngp2|2026-07-11|day,ngp2,foil,Edge Trim,2068-1B5 Edge trim broken lane 5,1,0.2
ngp2|2026-07-11|day,ngp2,foil,Edge Trim,2068-1B4 Edge trim broken lane 4,3,0.15
ngp2|2026-07-11|day,ngp2,foil,Edge Trim,2068-1B1 Edge trim broken lane 1,1,0.05
ngp2|2026-07-11|day,ngp2,foil,Positioning,2073 Product not in correct position Lane 5 - Please check product/sensor,3,0.3
ngp2|2026-07-11|day,ngp2,foil,Positioning,2073 Product not in correct position Lane 2 - Please check product/sensor,1,0.02
ngp2|2026-07-11|day,ngp2,schubert,Line Stop / Wait,Schubert - Downstream machine not ready,7,0.37
ngp2|2026-07-11|day,ngp2,schubert,Line Stop / Wait,Line stop - waiting for schubert,1,0.02
ngp2|2026-07-11|day,ngp2,hydration,Catheter Reject,"1100-Catheter not present (remove catheter, if all TIPS/CAPS present check sensor 14B1->10",2,0.03
ngp2|2026-07-11|day,ngp2,hydration,Cap,1052-5B1 Cap area not empty,9,0.31
ngp2|2026-07-11|day,ngp2,hydration,Cap,"1095 Error by cap reassemble, please check station 090",3,0.1
ngp2|2026-07-11|day,ngp2,hydration,Gripper,1031-10B2 Gripper TIP close end position closed reached,1,0.08
ngp2|2026-07-11|day,ngp2,hydration,Gripper,1090-7B3 Limit switch fault Gripper cover right opened,3,0.07
ngp2|2026-07-11|day,ngp2,hydration,Gripper,1010-10B4 Limit switch fault Unload gripper funnel lane 8 closed,2,0.05
ngp2|2026-07-11|day,ngp2,hydration,Gripper,1090-7B1 Limit switch fault Gripper cover left opened,1,0.02
ngp2|2026-07-11|day,ngp2,hydration,Gripper,1100-8B11 Limit switch fault gripper tip lane 6 opened,1,0.02
ngp2|2026-07-11|day,ngp2,hydration,Other,1090-4M1 Axis has reached adjusted current limit,1,0.24
ngp2|2026-07-11|day,ngp2,hydration,Other,1A03 Axis FB: Motion or parameter error - check fault message list,2,0.03
ngp2|2026-07-11|day,ngp2,hydration,Other,1001-1M1 Axis has reached adjusted current limit,2,0.02
ngp2|2026-07-11|day,ngp2,hydration,Limit Switch,1010-13B1 Limit switch fault Unload TIP lane 2 closed,1,0.09
ngp2|2026-07-11|day,ngp2,hydration,Limit Switch,1064-2B3 Limit switch fault TIP terminals inside carrier right extended,1,0.04
ngp2|2026-07-11|day,ngp2,hydration,Limit Switch,1090-2B3 Limit switch fault TIP terminals inside carrier right extended,1,0.03
ngp2|2026-07-11|day,ngp2,hydration,Cover,1140-1B2 Cover holder right not empty,1,0.11
ngp2|2026-07-11|night,ngp2,foil,Detection Fault,2070-1B4 Product detection fault after cutting lane 4,38,1.65
ngp2|2026-07-11|night,ngp2,foil,Detection Fault,2070-1B5 Product detection fault after cutting lane 5,14,0.37
ngp2|2026-07-11|night,ngp2,foil,Detection Fault,2070-1B3 Product detection fault after cutting lane 3,3,0.29
ngp2|2026-07-11|night,ngp2,foil,Detection Fault,2070-1B1 Product detection fault after cutting lane 1,1,0.06
ngp2|2026-07-11|night,ngp2,foil,Detection Fault,2075-1B4 Reject fault lane 4 - Remove product after reject,2,0.06
ngp2|2026-07-11|night,ngp2,foil,Other,2041-2B1 Consecutive fault bad part,7,0.24
ngp2|2026-07-11|night,ngp2,foil,Other,2105-1T1 Consecutive fault web guiding out of range,5,0.2
ngp2|2026-07-11|night,ngp2,foil,Other,2087-1B4 Slug detected lane 4,3,0.13
ngp2|2026-07-11|night,ngp2,foil,Other,2154-1M1 Prewarning end of reel,1,0.02
ngp2|2026-07-11|night,ngp2,foil,Other,2049-1B4 Consecutive fault lane 4,1,0.02
ngp2|2026-07-11|night,ngp2,foil,Sealing Lane,2060 Please open the pack and remove catheter in sealing lane 3,17,0.41
ngp2|2026-07-11|night,ngp2,foil,Sealing Lane,2060 Please open the pack and remove catheter in sealing lane 2,7,0.24
ngp2|2026-07-11|night,ngp2,foil,Sealing Lane,2060 Please open the pack and remove catheter in sealing lane 5,3,0.18
ngp2|2026-07-11|night,ngp2,foil,Sealing Lane,2060 Please open the pack and remove catheter in sealing lane 1,5,0.16
ngp2|2026-07-11|night,ngp2,foil,Sealing Lane,2060 Please open the pack and remove catheter in sealing lane 4,4,0.11
ngp2|2026-07-11|night,ngp2,foil,Printer,"2035 Printer left, pre-warning low ribbon",3,0.17
ngp2|2026-07-11|night,ngp2,foil,Printer,"2037 Printer left, not ready",1,0.05
ngp2|2026-07-11|night,ngp2,foil,Printer,"2035 Printer right, pre-warning low ribbon",2,0.05
ngp2|2026-07-11|night,ngp2,foil,Printer,"2035 Printer right, not ready or job deviation detected",1,0.04
ngp2|2026-07-11|night,ngp2,foil,Printer,"2037 Printer left, pre-warning low ribbon",1,0.02
ngp2|2026-07-11|night,ngp2,foil,Positioning,2073 Product not in correct position Lane 5 - Please check product/sensor,3,0.11
ngp2|2026-07-11|night,ngp2,foil,Positioning,2073 Product not in correct position Lane 3 - Please check product/sensor,2,0.05
ngp2|2026-07-11|night,ngp2,foil,Positioning,2073 Product not in correct position Lane 4 - Please check product/sensor,1,0.01
ngp2|2026-07-11|night,ngp2,foil,Edge Trim,2068-1B5 Edge trim broken lane 5,6,0.35
ngp2|2026-07-11|night,ngp2,foil,Edge Trim,2068-1B3 Edge trim broken lane 3,2,0.11
ngp2|2026-07-11|night,ngp2,foil,Edge Trim,2068-1B4 Edge trim broken lane 4,2,0.09
ngp2|2026-07-11|night,ngp2,foil,Edge Trim,2068-1B6 Edge trim broken lane 6,2,0.07
ngp2|2026-07-11|night,ngp2,foil,Labeler,"2045-4V1 Labeler left, fault or off (see labeler-display",1,0.09
ngp2|2026-07-11|night,ngp2,foil,Labeler,"2045-7B1 Labeler left, waste tape not in suction unit",3,0.05
ngp2|2026-07-11|night,ngp2,foil,Labeler,"2045-4B2 Labeler left, end of label tape, pre Warning",1,0.03
ngp2|2026-07-11|night,ngp2,hydration,Gripper,1010-10B1 Limit switch fault Unload gripper funnel lane 2 closed,1,0.04
ngp2|2026-07-11|night,ngp2,hydration,Gripper,1100-8B1 Limit switch fault gripper tip lane 1 opened,1,0.03
ngp2|2026-07-11|night,ngp2,hydration,Gripper,1010-10B4 Limit switch fault Unload gripper funnel lane 8 closed,3,0.03
ngp2|2026-07-11|night,ngp2,hydration,Gripper,1030-4B1 Limit switch fault Loading gripper funnel lane 1 closed,1,0.03
ngp2|2026-07-11|night,ngp2,hydration,Gripper,1100-8B8 Limit switch fault gripper funnel lane 4 opened,1,0.03
ngp2|2026-07-11|night,ngp2,hydration,Other,1001-1M1 Axis has reached adjusted current limit,6,0.11
ngp2|2026-07-11|night,ngp2,hydration,Other,1A03 Axis FB: Motion or parameter error - check fault message list,2,0.09
ngp2|2026-07-11|night,ngp2,hydration,Catheter Reject,"1100-Catheter not present (remove catheter, if all TIPS/CAPS present check sensor 14B1->10",2,0.04
ngp2|2026-07-11|night,ngp2,hydration,Limit Switch,1064-2B3 Limit switch fault TIP terminals inside carrier right extended,3,0.14
ngp2|2026-07-11|night,ngp2,hydration,Limit Switch,1090-2B3 Limit switch fault TIP terminals inside carrier right extended,6,0.07
ngp2|2026-07-11|night,ngp2,hydration,Limit Switch,1030-13B4 Limit switch fault Unload TIP lane 7 closed,1,0.01
ngp2|2026-07-11|night,ngp2,hydration,Cap,1052-5B1 Cap area not empty,4,0.1
ngp2|2026-07-11|night,ngp2,hydration,Cover,1140-1B2 Cover holder right not empty,1,0.03
ngp2|2026-07-11|night,ngp2,schubert,Line Stop / Wait,Schubert - Downstream machine not ready,9,0.5
ngp2|2026-07-11|night,ngp2,schubert,Line Stop / Wait,Line stop - waiting for schubert,3,0.11
ngp2|2026-07-12|day,ngp2,foil,Printer,"2035 Printer left, pre-warning low ribbon",7,0.25
ngp2|2026-07-12|day,ngp2,foil,Printer,"2037 Printer left, not ready",1,0.06
ngp2|2026-07-12|day,ngp2,foil,Printer,"2037 Printer right, not ready",1,0.05
ngp2|2026-07-12|day,ngp2,foil,Printer,"2037 Printer right, pre-warning low ribbon",1,0.02
ngp2|2026-07-12|day,ngp2,foil,Other,2029-3B1 Check print mark sensor,6,0.19
ngp2|2026-07-12|day,ngp2,foil,Other,2049-1B5 Consecutive fault lane 5,2,0.15
ngp2|2026-07-12|day,ngp2,foil,Other,2041-2B1 Consecutive fault bad part,4,0.13
ngp2|2026-07-12|day,ngp2,foil,Other,2A01-5M1 Waste extraction system container full or flap opened (5B1/5B2/5S1,1,0.09
ngp2|2026-07-12|day,ngp2,foil,Other,2039-1B1 Check print mark sensor,3,0.06
ngp2|2026-07-12|day,ngp2,foil,Detection Fault,2070-1B4 Product detection fault after cutting lane 4,19,0.6
ngp2|2026-07-12|day,ngp2,foil,Detection Fault,2070-1B5 Product detection fault after cutting lane 5,10,0.47
ngp2|2026-07-12|day,ngp2,foil,Detection Fault,2070-1B3 Product detection fault after cutting lane 3,17,0.38
ngp2|2026-07-12|day,ngp2,foil,Detection Fault,2070-1B2 Product detection fault after cutting lane 2,3,0.08
ngp2|2026-07-12|day,ngp2,foil,Detection Fault,2075-1B3 Reject fault lane 3 - Remove product after reject,2,0.04
ngp2|2026-07-12|day,ngp2,foil,Sealing Lane,2060 Please open the pack and remove catheter in sealing lane 3,10,0.18
ngp2|2026-07-12|day,ngp2,foil,Sealing Lane,2060 Please open the pack and remove catheter in sealing lane 5,2,0.06
ngp2|2026-07-12|day,ngp2,foil,Sealing Lane,2060 Please open the pack and remove catheter in sealing lane 2,2,0.03
ngp2|2026-07-12|day,ngp2,foil,Edge Trim,2068-1B3 Edge trim broken lane 3,3,0.15
ngp2|2026-07-12|day,ngp2,foil,Edge Trim,2068-1B4 Edge trim broken lane 4,1,0.06
ngp2|2026-07-12|day,ngp2,foil,Edge Trim,2068-1B6 Edge trim broken lane 6,2,0.06
ngp2|2026-07-12|day,ngp2,foil,Edge Trim,2068-1B5 Edge trim broken lane 5,1,0.05
ngp2|2026-07-12|day,ngp2,foil,Labeler,"2045-4V1 Labeler left, fault or off (see labeler-display",1,0.09
ngp2|2026-07-12|day,ngp2,foil,Labeler,"2045-4B2 Labeler left, end of label tape, pre Warning",1,0.02
ngp2|2026-07-12|day,ngp2,foil,Labeler,"2045-7B1 Labeler left, waste tape not in suction unit",1,0.02
ngp2|2026-07-12|day,ngp2,foil,Positioning,2073 Product not in correct position Lane 5 - Please check product/sensor,3,0.08
ngp2|2026-07-12|day,ngp2,foil,Positioning,2073 Product not in correct position Lane 4 - Please check product/sensor,5,0.08
ngp2|2026-07-12|day,ngp2,schubert,Line Stop / Wait,Schubert - Downstream machine not ready,6,0.18
ngp2|2026-07-12|day,ngp2,schubert,Line Stop / Wait,Line stop - waiting for schubert,3,0.07
ngp2|2026-07-12|day,ngp2,hydration,Other,1A03 Axis FB: Motion or parameter error - check fault message list,3,0.05
ngp2|2026-07-12|day,ngp2,hydration,Other,1001-1M1 Axis has reached adjusted current limit,3,0.04
ngp2|2026-07-12|day,ngp2,hydration,Other,1080-2B3 Clamp inside carrier 2 extended end position not reached,1,0.04
ngp2|2026-07-12|day,ngp2,hydration,Other,1080-2B1 Clamp inside carrier 1 extended end position not reached,2,0.03
ngp2|2026-07-12|day,ngp2,hydration,Gripper,1064-7B1 Limit switch fault Gripper cover left opened,3,0.48
ngp2|2026-07-12|day,ngp2,hydration,Gripper,1100-8B1 Limit switch fault gripper tip lane 1 opened,2,0.18
ngp2|2026-07-12|day,ngp2,hydration,Gripper,1030-4B1 Limit switch fault Loading gripper funnel lane 1 closed,6,0.11
ngp2|2026-07-12|day,ngp2,hydration,Gripper,1100-8B3 Limit switch fault gripper tip lane 2 opened,2,0.03
ngp2|2026-07-12|day,ngp2,hydration,Gripper,1031-10B2 Gripper TIP close end position closed reached,1,0.03
ngp2|2026-07-12|day,ngp2,hydration,Cap,1064 Consecutive fault (Check area for missing cap and sensor 8B1,2,0.3
ngp2|2026-07-12|day,ngp2,hydration,Cap,1052-5B1 Cap area not empty,12,0.29
ngp2|2026-07-12|day,ngp2,hydration,Limit Switch,1090-2B3 Limit switch fault TIP terminals inside carrier right extended,9,1.48
ngp2|2026-07-12|day,ngp2,hydration,Limit Switch,1064-2B3 Limit switch fault TIP terminals inside carrier right extended,4,0.09
ngp2|2026-07-12|day,ngp2,hydration,Limit Switch,1064-2B1 Limit switch fault TIP terminals inside carrier left extended,2,0.03
ngp2|2026-07-12|day,ngp2,hydration,Limit Switch,1090-2B1 Limit switch fault TIP terminals inside carrier left extended,2,0.03
ngp2|2026-07-12|day,ngp2,hydration,Catheter Reject,"1100-Catheter not present (remove catheter, if all TIPS/CAPS present check sensor 14B1->10",4,0.14
ngp2|2026-07-12|day,ngp2,hydration,Cover,1140-1B2 Cover holder right not empty,3,0.1
ngp2|2026-07-12|night,ngp2,foil,Detection Fault,2070-1B4 Product detection fault after cutting lane 4,12,0.39
ngp2|2026-07-12|night,ngp2,foil,Detection Fault,2070-1B3 Product detection fault after cutting lane 3,1,0.03
ngp2|2026-07-12|night,ngp2,foil,Printer,"2035 Printer left, pre-warning low ribbon",4,0.28
ngp2|2026-07-12|night,ngp2,foil,Printer,"2035 Printer left, not ready or job deviation detected",1,0.06
ngp2|2026-07-12|night,ngp2,foil,Printer,"2035 Printer right, not ready or job deviation detected",1,0.05
ngp2|2026-07-12|night,ngp2,foil,Labeler,"2045-5B4 Labeler right, label buffer empty (dancer at the top",1,0.09
ngp2|2026-07-12|night,ngp2,foil,Labeler,"2045-4B3 Labeler left, end of label tape",1,0.09
ngp2|2026-07-12|night,ngp2,foil,Other,2049-1B5 Consecutive fault lane 5,10,0.46
ngp2|2026-07-12|night,ngp2,foil,Other,2032 Consecutive fault print mark not ok,3,0.12
ngp2|2026-07-12|night,ngp2,foil,Other,2152-1M1 Prewarning end of reel,1,0.02
ngp2|2026-07-12|night,ngp2,foil,Edge Trim,2068-1B4 Edge trim broken lane 4,6,0.19
ngp2|2026-07-12|night,ngp2,foil,Edge Trim,2068-1B6 Edge trim broken lane 6,4,0.19
ngp2|2026-07-12|night,ngp2,foil,Edge Trim,2068-1B3 Edge trim broken lane 3,1,0.03
ngp2|2026-07-12|night,ngp2,foil,Sealing Lane,2060 Please open the pack and remove catheter in sealing lane 2,7,0.15
ngp2|2026-07-12|night,ngp2,foil,Sealing Lane,2060 Please open the pack and remove catheter in sealing lane 3,4,0.14
ngp2|2026-07-12|night,ngp2,foil,Sealing Lane,2060 Please open the pack and remove catheter in sealing lane 5,5,0.12
ngp2|2026-07-12|night,ngp2,foil,Sealing Lane,2060 Please open the pack and remove catheter in sealing lane 1,4,0.11
ngp2|2026-07-12|night,ngp2,foil,Positioning,2073 Product not in correct position Lane 3 - Please check product/sensor,1,0.01
ngp2|2026-07-12|night,ngp2,hydration,Cap,1031-16B1 Consecutive fault camera cap not ok lane 3,8,0.3
ngp2|2026-07-12|night,ngp2,hydration,Cap,1052-5B1 Cap area not empty,3,0.09
ngp2|2026-07-12|night,ngp2,hydration,Gripper,1030-4B1 Limit switch fault Loading gripper funnel lane 1 closed,2,0.03
ngp2|2026-07-12|night,ngp2,hydration,Gripper,1090-7B1 Limit switch fault Gripper cover left opened,1,0.03
ngp2|2026-07-12|night,ngp2,hydration,Gripper,1031-10B1 Gripper TIP close end position opened reached,1,0.01
ngp2|2026-07-12|night,ngp2,hydration,Limit Switch,1090-2B3 Limit switch fault TIP terminals inside carrier right extended,12,0.26
ngp2|2026-07-12|night,ngp2,hydration,Limit Switch,1100-1B5 Limit switch fault Carrier bottom left locked,2,0.03
ngp2|2026-07-12|night,ngp2,hydration,Cover,1140-1B2 Cover holder right not empty,1,0.03
ngp2|2026-07-12|night,ngp2,hydration,Other,1001-1M1 Axis has reached adjusted current limit,4,0.1
ngp2|2026-07-12|night,ngp2,hydration,Other,1031-10M1 Axis has reached adjusted current limit,2,0.07
ngp2|2026-07-12|night,ngp2,hydration,Other,1A03 Axis FB: Motion or parameter error - check fault message list,1,0.01
ngp2|2026-07-12|night,ngp2,hydration,Timing,1A03-1K1 MSM: At least one station takes longer than maximum allowed (general>diag hydration,2,0.32
ngp2|2026-07-12|night,ngp2,hydration,PMK / Media,PMK is empty (switch to operation mode production,1,0.43
ngp2|2026-07-12|night,ngp2,schubert,Line Stop / Wait,Schubert - Downstream machine not ready,26,1.33
ngp2|2026-07-12|night,ngp2,schubert,Line Stop / Wait,Line stop - waiting for schubert,4,0.22
ngp2|2026-07-13|day,ngp2,hydration,PMK / Media,PMK is empty (switch to operation mode production,1,0.72
ngp2|2026-07-13|day,ngp2,hydration,Limit Switch,1090-2B3 Limit switch fault TIP terminals inside carrier right extended,31,2.37
ngp2|2026-07-13|day,ngp2,hydration,Limit Switch,1064-2B3 Limit switch fault TIP terminals inside carrier right extended,8,0.36
ngp2|2026-07-13|day,ngp2,hydration,Cap,1031-16B1 Consecutive fault camera cap not ok lane 3,5,0.28
ngp2|2026-07-13|day,ngp2,hydration,Cap,1012-16B1 Consecutive fault camera cap not ok lane 4,1,0.04
ngp2|2026-07-13|day,ngp2,hydration,Other,1031-10M1 Axis has reached adjusted current limit,2,0.15
ngp2|2026-07-13|day,ngp2,hydration,Other,1A03 Axis FB: Motion or parameter error - check fault message list,2,0.11
ngp2|2026-07-13|day,ngp2,hydration,Other,1110-1M1 Axis has reached adjusted current limit,1,0.04
ngp2|2026-07-13|day,ngp2,hydration,Other,1080 Consecutive fault Level not reached,2,0.03
ngp2|2026-07-13|day,ngp2,hydration,Gripper,1031-10B2 Gripper TIP close end position closed reached,6,0.48
ngp2|2026-07-13|day,ngp2,hydration,Gripper,1030-4B1 Limit switch fault Loading gripper funnel lane 1 closed,2,0.04
ngp2|2026-07-13|day,ngp2,hydration,Gripper,1100-8B1 Limit switch fault gripper tip lane 1 opened,1,0.02
ngp2|2026-07-13|day,ngp2,hydration,Foam,1076 Foam cart purging in progress,1,0.02
ngp2|2026-07-13|day,ngp2,hydration,Catheter Reject,"1100-Catheter not present (remove catheter, if all TIPS/CAPS present check sensor 14B1->10",4,0.13
ngp2|2026-07-13|day,ngp2,hydration,Timing,1A03-1K1 MSM: At least one station takes longer than maximum allowed (general>diag hydration,1,0.23
ngp2|2026-07-13|day,ngp2,foil,Detection Fault,2070-1B4 Product detection fault after cutting lane 4,3,0.16
ngp2|2026-07-13|day,ngp2,foil,Detection Fault,2070-1B1 Product detection fault after cutting lane 1,1,0.03
ngp2|2026-07-13|day,ngp2,foil,Detection Fault,2075-1B5 Reject fault lane 5 - Remove product after reject,1,0.01
ngp2|2026-07-13|day,ngp2,foil,Sealing Lane,2060 Please open the pack and remove catheter in sealing lane 2,2,0.57
ngp2|2026-07-13|day,ngp2,foil,Sealing Lane,2060 Please open the pack and remove catheter in sealing lane 4,8,0.31
ngp2|2026-07-13|day,ngp2,foil,Sealing Lane,2060 Please open the pack and remove catheter in sealing lane 1,1,0.07
ngp2|2026-07-13|day,ngp2,foil,Sealing Lane,2060 Please open the pack and remove catheter in sealing lane 5,1,0.02
ngp2|2026-07-13|day,ngp2,foil,Other,RC=85,1,0.14
ngp2|2026-07-13|day,ngp2,foil,Other,2B05-1K2 Guard not closed,1,0.08
ngp2|2026-07-13|day,ngp2,foil,Other,2032 Consecutive fault print mark not ok,1,0.08
ngp2|2026-07-13|day,ngp2,foil,Printer,"2037 Printer left, not ready",1,0.18
ngp2|2026-07-13|day,ngp2,foil,Printer,"2050 Printer left, pre-warning low ribbon",3,0.12
ngp2|2026-07-13|day,ngp2,foil,Printer,"2035 Printer left, not ready or job deviation detected",1,0.07
ngp2|2026-07-13|day,ngp2,foil,Printer,"2035 Printer left, pre-warning low ribbon",1,0.06
ngp2|2026-07-13|day,ngp2,foil,Positioning,2073 Product not in correct position Lane 1 - Please check product/sensor,6,0.14
ngp2|2026-07-13|day,ngp2,foil,Edge Trim,2068-1B1 Edge trim broken lane 1,3,0.19
ngp2|2026-07-13|day,ngp2,foil,Edge Trim,2068-1B6 Edge trim broken lane 6,2,0.07
ngp2|2026-07-13|day,ngp2,schubert,Line Stop / Wait,Schubert - Downstream machine not ready,9,0.42
ngp2|2026-07-13|night,ngp2,schubert,Line Stop / Wait,Schubert - Downstream machine not ready,22,0.95
ngp2|2026-07-13|night,ngp2,schubert,Line Stop / Wait,Line stop - waiting for schubert,2,0.04
ngp2|2026-07-13|night,ngp2,hydration,Catheter Reject,"1100-Catheter not present (remove catheter, if all TIPS/CAPS present check sensor 14B1->10",4,0.2
ngp2|2026-07-13|night,ngp2,hydration,Limit Switch,1010-13B2 Limit switch fault Unload TIP lane 4 closed,1,0.33
ngp2|2026-07-13|night,ngp2,hydration,Limit Switch,1064-2B3 Limit switch fault TIP terminals inside carrier right extended,3,0.11
ngp2|2026-07-13|night,ngp2,hydration,Limit Switch,1030-13B3 Limit switch fault Unload TIP lane 5 closed,1,0.04
ngp2|2026-07-13|night,ngp2,hydration,Limit Switch,1052-3B1 Limit switch fault Pressure plate left lifted,1,0.02
ngp2|2026-07-13|night,ngp2,hydration,Timing,1A03-1K1 MSM: At least one station takes longer than the set cycle time allows (general>diag hydration,1,0.09
ngp2|2026-07-13|night,ngp2,hydration,PMK / Media,PMK is empty (switch to operation mode production,2,0.46
ngp2|2026-07-13|night,ngp2,hydration,Gripper,1031-10B2 Gripper TIP close end position closed reached,4,0.12
ngp2|2026-07-13|night,ngp2,hydration,Gripper,1030-4B1 Limit switch fault Loading gripper funnel lane 1 closed,4,0.07
ngp2|2026-07-13|night,ngp2,hydration,Other,1A03 Axis FB: Motion or parameter error - check fault message list,4,0.05
ngp2|2026-07-13|night,ngp2,hydration,Other,1031-10M1 Axis has reached adjusted current limit,1,0.03
ngp2|2026-07-13|night,ngp2,hydration,Other,1001-1M1 Axis has reached adjusted current limit,1,0.01
ngp2|2026-07-13|night,ngp2,hydration,Cap,1052-5B1 Cap area not empty,1,0.12
ngp2|2026-07-13|night,ngp2,hydration,Cap,1031-16B1 Consecutive fault camera cap not ok lane 3,1,0.02
ngp2|2026-07-13|night,ngp2,foil,Printer,"2037 Printer left, pre-warning low ribbon",1,0.23
ngp2|2026-07-13|night,ngp2,foil,Printer,"2037 Printer right, pre-warning low ribbon",1,0.07
ngp2|2026-07-13|night,ngp2,foil,Printer,"2035 Printer left, pre-warning low ribbon",3,0.06
ngp2|2026-07-13|night,ngp2,foil,Printer,"2037 Printer left, not ready",1,0.05
ngp2|2026-07-13|night,ngp2,foil,Printer,"2035 Printer right, not ready or job deviation detected",1,0.03
ngp2|2026-07-13|night,ngp2,foil,Other,2049-1B5 Consecutive fault lane 5,2,0.1
ngp2|2026-07-13|night,ngp2,foil,Other,2041-2B1 Consecutive fault bad part,4,0.08
ngp2|2026-07-13|night,ngp2,foil,Other,2B05-1K2 Guard not closed,1,0.05
ngp2|2026-07-13|night,ngp2,foil,Labeler,"2045-4V1 Labeler left, fault or off (see labeler-display",1,0.13
ngp2|2026-07-13|night,ngp2,foil,Labeler,"2045-5B4 Labeler right, label buffer empty (dancer at the top",1,0.07
ngp2|2026-07-13|night,ngp2,foil,Detection Fault,2070-1B4 Product detection fault after cutting lane 4,3,0.04
ngp2|2026-07-13|night,ngp2,foil,Sealing Lane,2060 Please open the pack and remove catheter in sealing lane 1,10,0.15
ngp2|2026-07-13|night,ngp2,foil,Sealing Lane,2060 Please open the pack and remove catheter in sealing lane 3,2,0.06
ngp2|2026-07-13|night,ngp2,foil,Sealing Lane,2060 Please open the pack and remove catheter in sealing lane 5,2,0.04
ngp2|2026-07-13|night,ngp2,foil,Sealing Lane,2060 Please open the pack and remove catheter in sealing lane 4,1,0.02
ngp2|2026-07-13|night,ngp2,foil,Positioning,2073 Product not in correct position Lane 1 - Please check product/sensor,2,0.04
ngp2|2026-07-14|day,ngp2,hydration,PMK / Media,PMK is empty (switch to operation mode production,2,0.67
ngp2|2026-07-14|day,ngp2,hydration,Gripper,"1031-13B2 Limit switch fault Gripper cover retracted lane 1, 3, 5, 7, 9",3,0.5
ngp2|2026-07-14|day,ngp2,hydration,Gripper,1030-4B1 Limit switch fault Loading gripper funnel lane 1 closed,3,0.18
ngp2|2026-07-14|day,ngp2,hydration,Gripper,1100-8B15 Limit switch fault gripper tip lane 8 opened,1,0.17
ngp2|2026-07-14|day,ngp2,hydration,Gripper,1100-8B7 Limit switch fault gripper tip lane 4 opened,2,0.16
ngp2|2026-07-14|day,ngp2,hydration,Gripper,1031-10B2 Gripper TIP close end position closed reached,2,0.14
ngp2|2026-07-14|day,ngp2,hydration,Limit Switch,1010-13B1 Limit switch fault Unload TIP lane 2 closed,1,0.03
ngp2|2026-07-14|day,ngp2,hydration,Limit Switch,1100-1B5 Limit switch fault Carrier bottom left locked,1,0.03
ngp2|2026-07-14|day,ngp2,hydration,Other,1031-10M1 Axis has reached adjusted current limit,2,0.08
ngp2|2026-07-14|day,ngp2,hydration,Other,1A03 Axis FB: Motion or parameter error - check fault message list,1,0.08
ngp2|2026-07-14|day,ngp2,hydration,Other,1001-1M1 Axis has reached adjusted current limit,3,0.05
ngp2|2026-07-14|day,ngp2,hydration,Catheter Reject,"1100-Catheter not present (remove catheter, if all TIPS/CAPS present check sensor 14B1->10",3,0.06
ngp2|2026-07-14|day,ngp2,hydration,Catheter Reject,1010-5B1 Consecutive fault loader catheter absence lane 2,1,0.02
ngp2|2026-07-14|day,ngp2,hydration,Timing,1A03-1K1 MSM: At least one station takes longer than maximum allowed (general>diag hydration,1,0.08
ngp2|2026-07-14|day,ngp2,hydration,Cap,1064 Consecutive fault (Check area for missing cap and sensor 8B1,1,0.03
ngp2|2026-07-14|day,ngp2,foil,Other,2041-2B1 Consecutive fault bad part,5,0.1
ngp2|2026-07-14|day,ngp2,foil,Other,2049-1B5 Consecutive fault lane 5,3,0.09
ngp2|2026-07-14|day,ngp2,foil,Other,2B05-1K2 Guard not closed,1,0.08
ngp2|2026-07-14|day,ngp2,foil,Other,2039-1B1 Check print mark sensor,2,0.06
ngp2|2026-07-14|day,ngp2,foil,Other,2048 Consecutive error no pass message lane 3,1,0.05
ngp2|2026-07-14|day,ngp2,foil,Detection Fault,2070-1B4 Product detection fault after cutting lane 4,3,0.23
ngp2|2026-07-14|day,ngp2,foil,Detection Fault,2075-1B5 Reject fault lane 5 - Remove product after reject,1,0.09
ngp2|2026-07-14|day,ngp2,foil,Detection Fault,2070-1B1 Product detection fault after cutting lane 1,1,0.02
ngp2|2026-07-14|day,ngp2,foil,Edge Trim,2068-1B3 Edge trim broken lane 3,1,0.17
ngp2|2026-07-14|day,ngp2,foil,Sealing Lane,2060 Please open the pack and remove catheter in sealing lane 1,4,0.74
ngp2|2026-07-14|day,ngp2,foil,Sealing Lane,2060 Please open the pack and remove catheter in sealing lane 4,1,0.02
ngp2|2026-07-14|day,ngp2,foil,Sealing Lane,2060 Please open the pack and remove catheter in sealing lane 3,1,0.02
ngp2|2026-07-14|day,ngp2,foil,Labeler,"2045-4B3 Labeler left, end of label tape",1,0.54
ngp2|2026-07-14|day,ngp2,foil,Labeler,"2045-5B4 Labeler right, label buffer empty (dancer at the top",1,0.32
ngp2|2026-07-14|day,ngp2,foil,Printer,"2035 Printer left, not ready or job deviation detected",1,0.07
ngp2|2026-07-14|day,ngp2,foil,Printer,"2037 Printer right, not ready",1,0.05
ngp2|2026-07-14|day,ngp2,foil,Printer,"2035 Printer right, pre-warning low ribbon",1,0.02
ngp2|2026-07-14|day,ngp2,foil,Positioning,2073 Product not in correct position Lane 1 - Please check product/sensor,1,0.17
ngp2|2026-07-14|day,ngp2,schubert,Line Stop / Wait,Schubert - Downstream machine not ready,11,0.85
ngp2|2026-07-14|day,ngp2,schubert,Line Stop / Wait,Line stop - waiting for schubert,4,0.29
ngp2|2026-07-14|night,ngp2,schubert,Line Stop / Wait,Schubert - Downstream machine not ready,21,0.59
ngp2|2026-07-14|night,ngp2,schubert,Line Stop / Wait,Line stop - waiting for schubert,7,0.21
ngp2|2026-07-14|night,ngp2,foil,Detection Fault,2070-1B4 Product detection fault after cutting lane 4,43,1.25
ngp2|2026-07-14|night,ngp2,foil,Detection Fault,2070-1B1 Product detection fault after cutting lane 1,3,0.09
ngp2|2026-07-14|night,ngp2,foil,Detection Fault,2070-1B3 Product detection fault after cutting lane 3,2,0.06
ngp2|2026-07-14|night,ngp2,foil,Detection Fault,2075-1B4 Reject fault lane 4 - Remove product after reject,2,0.03
ngp2|2026-07-14|night,ngp2,foil,Printer,"2035 Printer left, pre-warning low ribbon",3,0.08
ngp2|2026-07-14|night,ngp2,foil,Printer,"2037 Printer left, not ready",1,0.04
ngp2|2026-07-14|night,ngp2,foil,Printer,"2035 Printer left, not ready or job deviation detected",1,0.03
ngp2|2026-07-14|night,ngp2,foil,Printer,"2035 Printer right, not ready or job deviation detected",1,0.03
ngp2|2026-07-14|night,ngp2,foil,Positioning,2073 Product not in correct position Lane 1 - Please check product/sensor,4,0.14
ngp2|2026-07-14|night,ngp2,foil,Positioning,2073 Product not in correct position Lane 3 - Please check product/sensor,2,0.03
ngp2|2026-07-14|night,ngp2,foil,Sealing Lane,2060 Please open the pack and remove catheter in sealing lane 3,2,0.07
ngp2|2026-07-14|night,ngp2,foil,Sealing Lane,2060 Please open the pack and remove catheter in sealing lane 4,2,0.04
ngp2|2026-07-14|night,ngp2,foil,Sealing Lane,2060 Please open the pack and remove catheter in sealing lane 5,2,0.04
ngp2|2026-07-14|night,ngp2,foil,Sealing Lane,2060 Please open the pack and remove catheter in sealing lane 2,1,0.02
ngp2|2026-07-14|night,ngp2,foil,Other,2A01-5M1 Waste extraction system container full or flap opened (5B1/5B2/5S1,2,0.17
ngp2|2026-07-14|night,ngp2,foil,Other,2049-1B4 Consecutive fault lane 4,1,0.04
ngp2|2026-07-14|night,ngp2,foil,Other,2152-1M1 End of reel,1,0.02
ngp2|2026-07-14|night,ngp2,foil,Other,2154-1M1 End of reel,1,0.02
ngp2|2026-07-14|night,ngp2,foil,Labeler,"2045-4V1 Labeler left, fault or off (see labeler-display",1,0.08
ngp2|2026-07-14|night,ngp2,hydration,Gripper,1031-10B1 Gripper TIP close end position opened reached,2,0.1
ngp2|2026-07-14|night,ngp2,hydration,Gripper,1031-10B2 Gripper TIP close end position closed reached,4,0.09
ngp2|2026-07-14|night,ngp2,hydration,Gripper,1100-8B3 Limit switch fault gripper tip lane 2 opened,1,0.03
ngp2|2026-07-14|night,ngp2,hydration,Gripper,1100-8B7 Limit switch fault gripper tip lane 4 opened,1,0.02
ngp2|2026-07-14|night,ngp2,hydration,Gripper,1030-4B1 Limit switch fault Loading gripper funnel lane 1 closed,1,0.02
ngp2|2026-07-14|night,ngp2,hydration,Catheter Reject,"1100-Catheter not present (remove catheter, if all TIPS/CAPS present check sensor 14B1->10",1,0.02
ngp2|2026-07-14|night,ngp2,hydration,Other,1A03 Axis FB: Motion or parameter error - check fault message list,2,0.28
ngp2|2026-07-14|night,ngp2,hydration,Other,1001-1M1 Axis has reached adjusted current limit,4,0.05
ngp2|2026-07-14|night,ngp2,hydration,Other,1080-2B3 Clamp inside carrier 2 extended end position not reached,2,0.04
ngp2|2026-07-14|night,ngp2,hydration,Other,1031-10M1 Axis has reached adjusted current limit,2,0.04
ngp2|2026-07-14|night,ngp2,hydration,Other,1076/80-Kaon not ready,1,0.04
ngp2|2026-07-14|night,ngp2,hydration,Limit Switch,1010-13B4 Limit switch fault Unload TIP lane 8 closed,1,0.02
ngp2|2026-07-14|night,ngp2,hydration,Limit Switch,1064-2B3 Limit switch fault TIP terminals inside carrier right extended,1,0.02
ngp2|2026-07-14|night,ngp2,hydration,Timing,1A03-1K1 MSM: At least one station takes longer than maximum allowed (general>diag hydration,2,0.2
ngp2|2026-07-14|night,ngp2,hydration,PMK / Media,PMK is empty (switch to operation mode production,1,0.19
